pair_id	microprotein_gene	microprotein_biotype	microprotein_tier	partner_gene_symbol	partner_uniprot_id	iptm	ptm	binding_mechanism_category	buried_sasa_A2	known_pdb_ppi_overlap_pct	is_active_site_cleft	active_site_min_dist_A	active_site_details	is_binding_site_overlap	binding_site_min_dist_A	partner_domains_contacted	representative_pdb_ids	total_contacts	hbond_count	salt_bridge_count	hydrophobic_count	prodigy_link_density	prodigy_predicted_dg_kcal	microprotein_contact_residues_count	partner_contact_residues_count	microprotein_surface_involvement_pct	mean_interface_pae	aromatic_count	vdw_count	sasa_microprotein_A2	sasa_partner_A2	catalytic_sites_count	binding_sites_count	binding_site_details	known_pdb_interface_residues_count	known_pdb_ppi_overlap_count	partner_plddt	microprotein_plddt
c9norep160_partner_03_GPSM1	ENTR1	intORF	1B	GPSM1	Q86YR5	0.9294	0.6275	Allosteric Regulatory Surface / Novel Epitope	3451.8	0.0	False			False		Mediates association with membranes (1-509); Interaction with STK11/LKB1 (364-487); Disordered (391-412); Disordered (424-492); Disordered (610-630)		91	9	2	7	0.095	-17.49	18	53	100.0	9.45	4	53	2262.7	36600.4	0	0		0	0	0.68	0.75
c7riboseqorf18_partner_01_SERPINE2	SNX13	uORF	1B	SERPINE2	P07093	0.8525	0.8226	Allosteric Regulatory Surface / Novel Epitope	6084.6	0.0	False			False				208	27	5	33	0.058	-7.62	36	100	69.2	9.92	1	100	6643.6	20796.7	0	0		0	0	0.82	0.52
c11riboseqorf108_partner_02_PCNA	AP001372.2	lncRNA	1A	PCNA	P12004	0.8491	0.5274	Known Macromolecular Subunit Competitor / Adaptor	2909.0	96.8	False			False		Interaction with NUDT15 (7-100)	1AXC; 1U76; 1U7B; 1UL1; 1VYJ; 2ZVK; 2ZVL; 2ZVM; 3P87; 4D2G	70	13	2	12	0.087	-9.66	26	31	7.4	7.88	0	26	28451.2	14107.3	0	0		139	30	0.86	0.57
c17norep98_partner_04_GAPDH	LINC00910	lncRNA	1B	GAPDH	P04406	0.842	0.9119	Active Site Blocker / Competitive Decoy	3248.9	2.4	True	3.44	Nucleophile (res 152)	True	2.27	Interaction with WARS1 (2-148)	3GPD; 4WNC; 4WNI; 6M61; 8P5F; 9L3E	74	9	3	10	0.057	-7.2	31	42	53.4	12.53	0	35	6696.8	15542.9	1	9	 (res 80);  (res 122);  (res 151);  (res 152);  (res 153);  (res 182);  (res 211);  (res 212);  (res 234)	82	1	0.95	0.59
c1norep148_partner_01_CDYL	ZNF644	lncRNA-ORF	1B	CDYL	Q9Y232	0.8348	0.6027	Allosteric Regulatory Surface / Novel Epitope	3085.1	10.3	False			False		Chromo (61-121); Disordered (1-76); Interaction with EZH2 (61-309); Acetyl-CoA-binding domain (362-594)	7N27	86	13	1	16	0.074	-15.48	30	39	66.7	6.35	0	35	3692.4	40326.4	0	0		51	4	0.67	0.74
c5riboseqorf95_partner_02_DCAF7	FAM53C	uORF	1B	DCAF7	P61962	0.8332	0.9292	Allosteric Regulatory Surface / Novel Epitope	1722.5	0.0	False			False				46	6	1	6	0.142	-18.5	13	25	59.1	2.81	4	22	2470.5	15429.7	0	0		0	0	0.89	0.73
c12riboseqorf72_partner_02_VPS52	RNF41	uORF	1B	VPS52	Q8N1B4	0.8303	0.7046	Allosteric Regulatory Surface / Novel Epitope	2189.9	0.0	False			False				49	3	1	3	0.107	-17.67	17	27	81.0	8.19	4	27	2124.4	41752.2	0	0		0	0	0.79	0.67
c17norep146_partner_02_PSMC3	PSMC5	uoORF	1B	PSMC3	P17980	0.7573	0.6941	Known Macromolecular Subunit Competitor / Adaptor	3688.6	93.8	False			False	18.86		12BM; 22MM; 5GJQ; 5GJR; 5L4G; 5LN3; 5M32; 5T0C; 5T0G; 5T0H	109	15	6	13	0.071	-8.94	32	48	76.2	5.7	0	51	4752.7	27558.9	0	1		326	45	0.79	0.67
c1riboseqorf289_partner_03_IDI1	GGPS1	uORF	1B	IDI1	Q13907	0.715	0.8383	Active Site Cleft Occlusion / Proximal Inhibitor	1805.0	0.0	False	12.27		False	7.6	Nudix hydrolase (49-199)		53	4	0	5	0.115	-12.39	17	27	37.8	12.42	0	28	3838.4	10874.3	2	8		0	0	0.92	0.39
c2riboseqorf136_partner_08_MYL1	TTN-AS1	lncRNA-ORF	4	MYL1	P05976	0.712	0.5593	Allosteric Regulatory Surface / Novel Epitope	3884.4	0.0	False			False		EF-hand 1 (50-85); EF-hand 2 (127-162); EF-hand 3 (162-194)		90	6	3	22	0.082	-6.34	25	44	19.7	7.03	2	41	9186.8	14830.1	0	0		0	0	0.75	0.4
cXriboseqorf59_partner_02_KAT5	MORF4L2	uORF	1B	KAT5	Q92993	0.7119	0.6905	Allosteric Regulatory Surface / Novel Epitope	2129.5	0.0	False	16.57		False	16.67	MYST-type HAT (227-504); Interaction with ATF2 (368-513)		57	12	0	9	0.136	-22.17	19	22	59.4	4.62	0	29	3846.8	30949.7	1	4		0	0	0.71	0.64
c17riboseqorf82_partner_02_ACTB	TMEM99	lncRNA	1B	ACTB	P60709	0.6904	0.9215	Known Macromolecular Subunit Competitor / Adaptor	1223.6	100.0	False			False			3BYH; 3J82; 3LUE; 6ANU; 6LTJ; 6NBW; 7P1H; 7QJ6; 7QJ9; 7VDV	38	2	0	8	0.167	-16.23	12	19	75.0	7.73	0	22	1943.6	17581.9	0	0		264	19	0.91	0.61
c2riboseqorf69_partner_02_TM6SF1	TMEM182	intORF	1B	TM6SF1	Q9BZW5	0.6763	0.8892	Allosteric Regulatory Surface / Novel Epitope	2025.7	0.0	False			False		EXPERA 1 (60-185); EXPERA 2 (216-350)		61	11	0	6	0.113	-4.72	20	27	44.4	5.6	1	29	4638.8	18381.4	0	0		18	0	0.86	0.63
c16norep103_partner_02_PPP3R1	NFATC3	intORF	1B	PPP3R1	P63098	0.6729	0.691	Active Site Cleft Occlusion / Proximal Inhibitor	3228.5	92.7	False			False	7.2	EF-hand 1 (18-46); EF-hand 2 (50-85); EF-hand 3 (87-122); EF-hand 4 (128-163); Calcineurin A binding (131-136)	1AUI; 1M63; 1MF8; 2P6B; 3LL8; 4F0Z; 4OR9; 4ORA; 4ORC; 5SVE	78	6	1	28	0.076	-10.97	25	41	71.4	6.53	1	31	3990.0	10713.3	0	20		72	38	0.71	0.63
c5riboseqorf128_partner_05_CAPN2	PRELID1	uORF	1B	CAPN2	P17655	0.6601	0.8482	Active Site Blocker / Competitive Decoy	1789.3	43.3	True	2.14	 (res 105);  (res 262)	False	14.47	Calpain catalytic (45-344); Domain III (345-514)	2NQA	56	10	1	6	0.124	-7.78	15	30	88.2	8.39	0	27	1995.1	34443.6	3	25		92	13	0.85	0.51
c10norep31_partner_05_PPP1CA	CDC123	intORF	1B	PPP1CA	P62136	0.65	0.8617	Known Macromolecular Subunit Competitor / Adaptor	2266.3	96.8	False	20.78		False	12.86		3EGG; 3EGH; 3HVQ; 3N5U; 3V4Y; 4G9J; 4MOY; 4MP0; 4XPN; 5IOH	62	9	1	9	0.111	-13.15	18	31	62.1	12.92	0	29	4012.8	15713.8	1	8		170	30	0.89	0.43
c12riboseqorf41_partner_03_GAPDH	LINC00938	lncRNA-ORF	1B	GAPDH	P04406	0.65	0.7792	Active Site Blocker / Competitive Decoy	3780.9	41.7	True	3.92	Nucleophile (res 152)	True	2.2	Interaction with WARS1 (2-148)	1U8F; 1ZNQ; 27FM; 3GPD; 4WNC; 4WNI; 6ADE; 6IQ6; 6M61; 6YND	95	21	0	15	0.049	-12.02	40	48	33.3	14.63	1	47	8613.4	15407.8	1	9	 (res 13);  (res 14);  (res 80);  (res 122);  (res 151);  (res 152);  (res 153);  (res 182);  (res 211);  (res 212);  (res 234)	82	20	0.95	0.36
c14norep77_partner_01_NCS1	MAP3K9	uoORF	1A	NCS1	P62166	0.6328	0.5787	Cofactor / Substrate Pocket Competitor	3801.2	30.6	False			True	2.28	EF-hand 1 (24-59); EF-hand 2 (60-95); EF-hand 3 (96-131); EF-hand 4 (144-179); Interaction with IL1RAPL1 (174-190)	8AHY; 8ALH; 8ALM; 9GTO; 9GU8	97	12	1	18	0.055	-10.49	36	49	22.4	11.16	0	44	17480.0	11331.0	0	16	 (res 75);  (res 79);  (res 81);  (res 84)	82	15	0.79	0.44
c3riboseqorf106_partner_04_OTULIN	ZBTB11-AS1	lncRNA-ORF	1B	OTULIN	Q96BN8	0.6321	0.7683	Active Site Blocker / Competitive Decoy	2548.9	72.4	True	3.44	 (res 126);  (res 339)	False		OTU (118-346); Linear diubiquitin binding (95-96); Linear diubiquitin binding (124-126); Linear diubiquitin binding (283-289); Linear diubiquitin binding (336-338)	3ZNZ; 4KSK; 4KSL; 4OYK; 4P0B; 5OE7	69	12	5	5	0.079	0.27	30	29	34.1	6.89	0	32	5386.1	20180.2	3	0		70	21	0.77	0.63
c3riboseqorf171_partner_03_DCUN1D1	ATP11B	uORF	1B	DCUN1D1	Q96GG9	0.6288	0.7666	Known Macromolecular Subunit Competitor / Adaptor	909.6	100.0	False			False		DCUN1 (60-248)	3TDU; 3TDZ; 4P5O; 6B5Q	25	2	1	9	0.333	-9.23	5	15	21.7	2.76	0	12	2732.5	15324.5	0	0		41	15	0.87	0.67
c10riboseqorf41_partner_03_NRF1	TFAM	uoORF	1B	NRF1	Q16656	0.6269	0.2846	Allosteric Regulatory Surface / Novel Epitope	2869.1	0.0	False			False		Dimerization (1-78); Required for transcriptional activation (301-476)		81	10	0	18	0.068	-30.65	32	37	32.3	14.59	0	35	5981.4	29589.5	0	0		81	0	0.56	0.47
c12riboseqorf26_partner_02_NANP	CMAS	uoORF	1B	NANP	Q8TBE9	0.6184	0.8335	Cofactor / Substrate Pocket Competitor	3509.3	18.5	False			True	3.62		2W4M	91	11	3	11	0.058	-5.38	29	54	49.2	10.68	0	50	6608.3	13204.5	0	8	 (res 14);  (res 14);  (res 132);  (res 164)	15	10	0.91	0.47
c7norep212_partner_03_ACTB	OR2A1-AS1	lncRNA-ORF	1B	ACTB	P60709	0.611	0.8596	Known Macromolecular Subunit Competitor / Adaptor	4564.3	92.3	False			False			3BYH; 3J82; 3LUE; 6ANU; 6LTJ; 6NBW; 7P1H; 7QJ6; 7QJ9; 7VDV	122	11	4	17	0.046	-6.89	41	65	68.3	16.89	3	63	6685.7	17247.0	0	0		264	60	0.9	0.45
c22riboseqorf36_partner_03_POMGNT1	LARGE1	uORF	1B	POMGNT1	Q8WZA1	0.5978	0.8022	Cofactor / Substrate Pocket Competitor	2109.9	0.0	False			True	2.08	GG-type lectin (97-258); Catalytic (300-646); Interaction with O-glycosylated substrate glycoprotein (506-512)		49	7	4	5	0.121	-2.52	15	27	88.2	12.03	0	23	2375.7	34761.1	0	10	 (res 310);  (res 311);  (res 506)	13	0	0.85	0.44
c12riboseqorf5_partner_02_HUS1	RHNO1	uoORF	1B	HUS1	O60921	0.5945	0.7536	Shared Physiological Complex Interface	2729.1	58.1	False			False			3A1J; 3G65; 3GGR; 6J8Y; 7Z6H; 8GNN; 8WU8	76	11	0	11	0.072	-24.74	34	31	45.3	14.03	0	37	7258.3	15223.1	0	0		42	18	0.84	0.42
c1riboseqorf289_partner_02_MVD	GGPS1	uORF	1B	MVD	P53602	0.5783	0.8881	Cofactor / Substrate Pocket Competitor	4787.7	0.0	False			True	0.76			159	28	1	19	0.059	-12.33	36	75	80.0	14.86	1	82	4713.1	18202.5	0	4	 (res 23);  (res 24);  (res 26);  (res 78);  (res 156);  (res 157);  (res 158);  (res 161);  (res 212)	22	0	0.88	0.4
c6riboseqorf57_partner_03_RAB17	NUDT3	uORF	1B	RAB17	Q9H0T7	0.5753	0.7263	Cofactor / Substrate Pocket Competitor	1086.6	0.0	False			True	3.48			32	2	0	8	0.171	-15.82	11	17	28.2	5.28	0	15	3587.4	14052.4	0	12	 (res 33);  (res 33);  (res 50);  (res 50);  (res 73);  (res 76);  (res 163)	0	0	0.75	0.63
c10norep31_partner_06_PPP1CB	CDC123	intORF	1B	PPP1CB	P62140	0.5744	0.8558	Allosteric Regulatory Surface / Novel Epitope	1335.5	0.0	False	24.52		False	15.94			33	7	1	8	0.162	-9.08	12	17	41.4	9.06	0	12	3763.1	16799.2	1	7		0	0	0.88	0.38
c20norep33_partner_06_WDR82	ENSG00000275457	lncRNA-ORF	4	WDR82	Q6UXN9	0.5729	0.9237	Allosteric Regulatory Surface / Novel Epitope	2619.0	0.0	False			False				80	15	4	2	0.086	-6.99	25	37	86.2	9.23	1	43	3558.7	13636.6	0	0		0	0	0.91	0.52
c16riboseqorf58_partner_05_ACTR6	SRCAP	uoORF	1B	ACTR6	Q9GZN1	0.5719	0.8536	Known Macromolecular Subunit Competitor / Adaptor	4497.3	79.6	False			False			6IGM; 8X15; 8X19; 8X1C; 9CA7; 9CA8; 9CA9; 9CAA; 9CAB; 9NFV	113	20	5	15	0.058	-9.89	36	54	58.1	16.09	3	44	7420.0	18815.1	0	0		97	43	0.89	0.37
c15norep107_partner_03_FTCD	ST20-MTHFS	uORF	1B	FTCD	O95954	0.5652	0.8211	Active Site Blocker / Competitive Decoy	3016.4	0.0	True	2.69	For formimidoyltransferase activity (res 82)	False		Formiminotransferase N-subdomain (1-181); Formiminotransferase C-subdomain (182-326)		76	10	7	8	0.068	5.3	28	40	53.8	13.76	0	39	4138.1	26552.0	2	0		0	0	0.89	0.32
c7riboseqorf64_partner_05_TMEM120B	TMEM60	uoORF	1B	TMEM120B	A0PK00	0.5578	0.6655	Allosteric Regulatory Surface / Novel Epitope	4350.6	0.0	False			False				104	14	0	13	0.058	-8.14	44	41	57.9	14.08	0	57	6766.6	23783.5	0	0		45	0	0.8	0.38
c3riboseqorf183_partner_02_HDAC1	BCL6	uORF	4	HDAC1	Q13547	0.5572	0.7872	Active Site Blocker / Competitive Decoy	2675.3	56.4	True	3.11	 (res 141)	True	2.49	Histone deacetylase (9-321); Disordered (390-482)	4BKX; 5ICN; 6Z2J; 6Z2K; 7AO8; 7AO9; 7AOA; 8VOJ; 8VPQ; 8VRT	68	12	3	0	0.109	-0.26	16	39	84.2	17.32	0	41	2565.7	22259.8	1	6	 (res 27);  (res 31);  (res 176);  (res 178);  (res 264);  (res 270)	129	22	0.82	0.42
c1riboseqorf209_partner_07_DCAF7	DCAF8	uORF	1B	DCAF7	P61962	0.5549	0.8632	Allosteric Regulatory Surface / Novel Epitope	3497.5	0.0	False			False				98	10	3	14	0.064	-4.58	34	45	81.0	14.52	0	47	4744.3	16471.7	0	0		0	0	0.86	0.41
c1riboseqorf248_partner_07_ACTA1	IVNS1ABP	uORF	1B	ACTA1	P68133	0.5507	0.9022	Shared Physiological Complex Interface	1560.0	58.8	False			False			9DUU; 9DUV	36	2	0	7	0.151	-15.98	14	17	58.3	8.96	2	18	2591.1	17695.2	0	0		91	10	0.9	0.52
c19riboseqorf61_partner_02_ACTB	AC006504.5	lncRNA	1B	ACTB	P60709	0.5452	0.8656	Known Macromolecular Subunit Competitor / Adaptor	2931.9	100.0	False			False			3BYH; 3J82; 3LUE; 6ANU; 6LTJ; 6NBW; 7P1H; 7QJ6; 7QJ9; 7VDV	77	6	0	15	0.079	-7.56	27	36	60.0	12.98	0	36	4536.4	17451.4	0	0		264	36	0.89	0.43
c17riboseqorf58_partner_05_LPCAT2	KIAA0100	intORF	1B	LPCAT2	Q7L5N7	0.5425	0.6275	Allosteric Regulatory Surface / Novel Epitope	5608.1	0.0	False			False	9.15	EF-hand 1 (391-426); EF-hand 2 (428-463)		142	15	4	25	0.041	-15.47	50	69	68.5	16.19	4	59	6702.9	28220.8	0	10		0	0	0.72	0.51
c5riboseqorf95_partner_03_PLK1	FAM53C	uORF	1B	PLK1	P53350	0.5425	0.6138	Known Macromolecular Subunit Competitor / Adaptor	1937.4	90.5	False	50.42		False	35.79	POLO box 1 (410-488); POLO box 2 (510-592); Linker (493-507); Important for interaction with phosphorylated proteins (538-540)	1Q4K; 1UMW; 2OJX; 3BZI; 3C5L; 3FVH; 3HIK; 3P2Z; 3P34; 3P35	49	9	1	2	0.137	-15.75	17	21	77.3	9.93	1	32	2733.0	29635.7	1	5		89	19	0.8	0.43
c13riboseqorf30_partner_02_MLNR	FNDC3A	uORF	1B	MLNR	O43193	0.542	0.6911	Shared Physiological Complex Interface	2137.6	41.7	False			False			8IBV	60	7	0	15	0.139	-8.28	12	36	46.2	6.26	0	25	3331.3	28719.7	0	0		49	15	0.69	0.58
c22riboseqorf54_partner_03_HSPA8	PRR34-AS1	lncRNA	1B	HSPA8	P11142	0.5382	0.6498	Allosteric Regulatory Surface / Novel Epitope	2282.0	5.6	False			False	14.03	Substrate-binding domain (SBD) (394-509); Disordered (614-646)	3AGY; 3AGZ; 3ESK; 4KBQ	71	8	1	9	0.123	-14.68	16	36	69.6	12.81	0	34	2640.1	30879.0	0	12		38	2	0.85	0.46
c8riboseqorf55_partner_03_HSPA8	SNHG6	lncRNA	1B	HSPA8	P11142	0.5365	0.6548	Allosteric Regulatory Surface / Novel Epitope	2354.0	22.2	False			False	8.81	Nucleotide-binding domain (NBD) (2-386); Interaction with BAG1 (186-377); Substrate-binding domain (SBD) (394-509); Disordered (614-646)	3AGY; 3AGZ; 3ESK; 3FZK; 3FZM; 3LDQ; 3M3Z; 4HWI; 4KBQ; 5AQF	62	13	2	7	0.115	-17.56	15	36	65.2	14.14	1	28	3149.6	31060.4	0	12		38	8	0.84	0.47
c1riboseqorf206_partner_01_GNA12	ARHGEF11	uORF	1B	GNA12	Q03113	0.5235	0.7165	Allosteric Regulatory Surface / Novel Epitope	2502.5	7.1	False			False	10.06	G-alpha (56-381); G3 motif (223-232)	7YDJ	64	9	1	13	0.091	-8.27	25	28	59.5	9.19	0	31	5027.6	21586.0	0	6		25	2	0.81	0.52
c3riboseqorf183_partner_06_HDAC3	BCL6	uORF	4	HDAC3	O15379	0.5139	0.8551	Active Site Blocker / Competitive Decoy	1772.0	0.0	True	3.19	 (res 135)	True	2.12	Histone deacetylase (3-316)		62	10	0	1	0.161	-15.62	16	24	84.2	10.42	1	38	2229.5	20209.7	1	7	 (res 21);  (res 172);  (res 259);  (res 265)	20	0	0.87	0.44
c1riboseqorf163_partner_03_HSPA8	LINC01719	lncRNA	1B	HSPA8	P11142	0.5117	0.5913	Allosteric Regulatory Surface / Novel Epitope	2777.5	7.1	False			False	41.79	Substrate-binding domain (SBD) (394-509); Disordered (614-646)	4KBQ	80	7	2	11	0.091	-20.51	21	42	80.8	12.41	0	34	3094.0	33309.4	0	12		38	3	0.83	0.41
c8riboseqorf58_partner_03_HS2ST1	SULF1	uORF	1B	HS2ST1	Q7LGA3	0.5098	0.7372	Active Site Cleft Occlusion / Proximal Inhibitor	1309.9	0.0	False	6.17		False	9.29			37	2	0	4	0.171	-18.66	12	18	36.4	7.58	1	15	4811.6	21749.1	2	12		0	0	0.8	0.54
c17norep109_partner_03_MAP3K7	MAP3K14-AS1	lncRNA-ORF	4	MAP3K7	O43318	0.5028	0.471	Allosteric Regulatory Surface / Novel Epitope	2347.4	3.7	False	27.66		False	32.17	Disordered (443-493)	9NXF	52	5	3	15	0.101	-8.17	19	27	38.0	12.26	0	21	5254.5	41947.3	1	2		12	1	0.62	0.48
c2norep183_partner_02_WASL	NOSTRIN	uORF	4	WASL	O00401	0.609	0.3327	Allosteric Regulatory Surface / Novel Epitope	1093.7	0.0	False		None	False		WH1 (34-141)	None	34	2	1	10	0.179	-11.39	10	19	62.5	9.77	0	16	1972.3	39009.8	0	0	None	70	0	0.62	0.58
c6norep180_partner_03_GOPC	ROS1	uORF	1B	GOPC	Q9HD26	0.7703	0.4052	Shared Physiological Complex Interface	3276.0	40.0	False		None	False		PDZ (288-371)	2LOB; 4E34; 4E35; 4JOE; 4JOF; 4JOG; 4JOH; 4JOJ; 4JOK; 4JOP	88	10	3	10	0.07	-6.46	28	45	77.8	5.95	2	46	4589.5	30114.3	0	0	None	25	18	0.66	0.61
c18norep74_partner_02_BECN1	BCL2	uORF	1B	BECN1	Q14457	0.531	0.4052	Known Macromolecular Subunit Competitor / Adaptor	2266.5	92.6	False		None	False		Interaction with BCL2 and BCL2L1 isoform Bcl-X(L) (112-159)	13BV; 2P1L; 2PON; 3DVU; 4MI8; 5VAU; 5VAX; 5VAY; 6DCN; 6DCO	59	5	1	14	0.115	-10.57	19	27	55.9	9.23	0	31	3728.2	33186.4	0	0	None	223	25	0.73	0.48
c20norep100_partner_02_EXOSC7	HELZ2	uORF	1B	EXOSC7	Q15024	0.7606	0.7801	Known Macromolecular Subunit Competitor / Adaptor	4345.6	74.1	False		None	False		N/A	2NN6; 6D6Q; 6D6R; 6H25; 9G8N; 9G8O; 9G8P	118	15	3	17	0.053	-18.12	41	54	45.6	15.26	0	54	7457.7	15105.9	0	0	None	115	40	0.84	0.4
c1riboseqorf145_partner_03_FEM1B	PHTF1	uORF	1B	FEM1B	Q9UK73	0.5007	0.808	Cofactor / Substrate Pocket Competitor	4310.9	89.3	False		None	True	4.16	N/A	7EL6; 8JE1; 8JE2; 8WQA; 8WQB; 8WQD; 8WQE; 8WQF; 8WQH; 8WQI	117	13	5	10	0.054	-6.7	39	56	83.0	14.79	3	52	4812.4	30732.8	0	4	 (res 186);  (res 186);  (res 218)	228	50	0.87	0.36
c17riboseqorf78_partner_06_IGFALS	IGFBP4	uORF	1B	IGFALS	P35858	0.4992	0.8555	Shared Physiological Complex Interface	1531.2	34.6	False		None	False		N/A	7WRQ	36	1	5	3	0.126	-1.66	11	26	64.7	15.58	1	18	2202.2	28173.8	0	0	None	28	9	0.86	0.35
c8norep43_partner_01_PLEKHA1	PLEKHA2	intORF	1B	PLEKHA1	Q9HB21	0.4992	0.5416	Allosteric Regulatory Surface / Novel Epitope	3251.5	0.0	False		None	False		PH 1 (7-112); PH 2 (191-289); Disordered (291-332)	None	87	7	2	12	0.064	-10.22	30	45	51.7	14.26	2	41	5557.6	29280.3	0	0	None	0	0	0.67	0.48
c3riboseqorf106_partner_10_CBLL1	ZBTB11-AS1	lncRNA-ORF	1B	CBLL1	Q75N03	0.4997	0.2902	Allosteric Regulatory Surface / Novel Epitope	4660.4	0.0	False		None	False		Disordered (1-61); Disordered (255-491)	None	140	20	1	26	0.063	0.07	46	48	52.3	17.06	0	57	6381.1	42112.2	0	0	None	0	0	0.49	0.45
c6norep206_partner_03_HSPA8	ENSG00000226571	lncRNA-ORF	1B	HSPA8	P11142	0.4963	0.613	Allosteric Regulatory Surface / Novel Epitope	3641.8	3.7	False		None	False	34.51	Substrate-binding domain (SBD) (394-509); Disordered (614-646)	4KBQ	92	11	0	15	0.071	-28.5	24	54	72.7	13.6	1	48	4024.1	31341.5	0	12	None	38	2	0.83	0.42
c7riboseqorf18_partner_03_GNAI2	SNX13	uORF	1B	GNAI2	P04899	0.4922	0.8017	Cofactor / Substrate Pocket Competitor	2317.1	21.9	False		None	True	2.41	G-alpha (32-355); G1 motif (35-48); G2 motif (174-182); G3 motif (197-206)	6D9H; 7F8V; 7LD3; 7LD4; 7WV9; 7WVV; 7WVW; 7WVX; 7WVY; 7XXI	61	3	1	15	0.106	-7.18	18	32	34.6	9.59	0	28	6022.8	19141.7	0	7	 (res 40);  (res 41);  (res 42);  (res 43);  (res 46);  (res 179);  (res 181);  (res 202);  (res 203);  (res 204);  (res 205)	76	7	0.87	0.49
c3norep202_partner_03_HDAC1	MECOM	intORF	1B	HDAC1	Q13547	0.4883	0.7788	Known Macromolecular Subunit Competitor / Adaptor	1901.2	66.7	False	10.2	None	False	10.81	Histone deacetylase (9-321); Disordered (390-482)	4BKX; 5ICN; 6Z2J; 6Z2K; 7AO8; 7AO9; 7AOA; 8VOJ; 8VPQ; 8VRT	52	10	0	7	0.108	-10.31	16	30	55.2	16.74	1	22	2990.8	22916.1	1	6	None	129	20	0.81	0.44
c19norep32_partner_01_ALKBH1	ALKBH7	uoORF	1B	ALKBH1	Q13686	0.7161	0.6429	Cofactor / Substrate Pocket Competitor	8957.4	0.0	False		None	True	1.2	Fe2OG dioxygenase (208-347); tRNA-binding (86-389)	None	223	28	3	23	0.022	20.4	86	118	49.7	21.64	3	119	17628.5	20855.8	0	8	 (res 175);  (res 220);  (res 221);  (res 222);  (res 231);  (res 233);  (res 233);  (res 287);  (res 340);  (res 342);  (res 344)	0	0	0.75	0.33
c11riboseqorf31_partner_03_ING5	NAV2-AS2	lncRNA-ORF	4	ING5	Q8WYH8	0.4871	0.4363	Shared Physiological Complex Interface	1602.0	52.6	False		None	False	17.4	N/A	5ME8; 5MTO	38	4	1	9	0.125	-14.14	16	19	51.6	11.56	1	15	3444.9	19637.9	0	8	None	48	10	0.69	0.59
c22riboseqorf17_partner_02_GNAQ	ADORA2A	uORF	1B	GNAQ	P50148	0.4858	0.7905	Cofactor / Substrate Pocket Competitor	2276.7	54.3	False		None	True	3.3	G-alpha (38-359); G1 motif (41-54); G2 motif (178-186); G3 motif (201-210)	24XB; 6VU5; 7DFL; 7EZM; 7F6G; 7F6H; 7F6I; 7F8W; 7W3Z; 7W40	63	2	0	14	0.106	-21.37	17	35	85.0	13.64	0	27	2556.9	19898.9	0	15	 (res 52);  (res 183);  (res 186)	117	19	0.84	0.44
c6riboseqorf128_partner_04_BCL2L1	BCLAF1	uORF	1B	BCL2L1	Q07817	0.4821	0.5598	Known Macromolecular Subunit Competitor / Adaptor	1974.7	100.0	False		None	False		N/A	1BXL; 1G5J; 2B48; 2LP8; 2M04; 2MEJ; 2P1L; 2PON; 2YJ1; 2YQ6	47	2	3	9	0.134	-10.99	14	25	73.7	10.84	1	19	2227.9	14948.1	0	0	None	145	25	0.6	0.49
c6riboseqorf20_partner_01_PLIN2	BTN2A2	uORF	1B	PLIN2	Q99541	0.4825	0.3859	Allosteric Regulatory Surface / Novel Epitope	1879.5	0.0	False		None	False		N/A	None	36	3	2	7	0.12	-16.68	15	20	75.0	14.69	0	15	2255.3	29587.9	0	0	None	0	0	0.59	0.48
c13norep74_partner_02_PROS1	GAS6	uORF	1B	PROS1	P07225	0.484	0.6383	Allosteric Regulatory Surface / Novel Epitope	2920.7	0.0	False		None	False		EGF-like 2; calcium-binding (157-200); EGF-like 3; calcium-binding (201-242); EGF-like 4; calcium-binding (243-283); Laminin G-like 2 (484-666)	None	77	12	0	5	0.092	-13.63	19	44	100.0	16.74	0	40	2716.2	37085.2	0	0	None	19	0	0.78	0.44
c8riboseqorf89_partner_10_RRP9	DCAF13	uORF	2B	RRP9	O43818	0.4856	0.7276	Allosteric Regulatory Surface / Novel Epitope	2377.8	20.7	False		None	False		N/A	7MQ9	58	7	2	5	0.091	-9.25	22	29	36.1	17.82	0	31	6054.2	29585.5	0	0	None	37	6	0.83	0.4
c5riboseqorf75_partner_02_APPBP2	FEM1C	uORF	1B	APPBP2	Q92624	0.4809	0.908	Shared Physiological Complex Interface	3680.4	54.2	False		None	False		N/A	8JAL; 8JAQ; 8JAR; 8JAS; 8JAU; 8JAV	94	16	4	6	0.08	-12.16	20	59	87.0	12.32	0	44	2931.5	27815.0	0	0	None	146	32	0.89	0.32
c5riboseqorf27_partner_04_PRKACB	AC008966.1	lncRNA	1B	PRKACB	P22694	0.4784	0.7908	Active Site Blocker / Competitive Decoy	2575.3	0.0	True	2.47	Proton acceptor (res 167)	False	5.45	Protein kinase (44-298)	None	74	10	4	9	0.097	-3.13	23	33	27.1	14.56	0	32	7447.1	17829.0	1	2	None	0	0	0.86	0.35
c20norep26_partner_01_SNX1	SNX5	intORF	1B	SNX1	Q13596	0.478	0.6663	Shared Physiological Complex Interface	3278.6	53.7	False		None	False	21.11	BAR (302-522); Disordered (1-84)	4FZS; 8A1G; 8ABQ; 8AFZ	81	4	1	23	0.062	-11.09	32	41	68.1	17.75	0	28	5009.2	31929.3	0	4	None	65	22	0.7	0.62
c12norep119_partner_01_PTPN11	FRS2	uORF	1B	PTPN11	Q06124	0.4728	0.8317	Known Macromolecular Subunit Competitor / Adaptor	1784.3	88.0	False	47.3	None	False	37.61	SH2 2 (112-216)	4JEG; 5DF6; 5X7B; 5X94; 6R5G; 9MQ5; 9QCD	60	4	0	6	0.126	-15.42	19	25	51.4	15.0	0	31	3558.8	27423.9	1	3	None	115	22	0.83	0.45
c1riboseqorf248_partner_06_ACTB	IVNS1ABP	uORF	1B	ACTB	P60709	0.4637	0.8825	Known Macromolecular Subunit Competitor / Adaptor	1662.0	100.0	False		None	False		N/A	3BYH; 3J82; 3LUE; 6ANU; 6LTJ; 6NBW; 7P1H; 7QJ6; 7QJ9; 7VDV	42	3	0	8	0.147	-11.35	15	19	62.5	13.2	3	23	2491.7	17011.7	0	0	None	264	19	0.89	0.48
c18riboseqorf53_partner_02_PIGB	PIGN	uORF	1B	PIGB	Q92521	0.4687	0.8545	Allosteric Regulatory Surface / Novel Epitope	2111.7	0.0	False		None	False		N/A	None	49	2	3	8	0.102	-4.68	15	32	83.3	12.51	0	23	2328.2	28486.9	0	0	None	0	0	0.84	0.34
c2riboseqorf74_partner_01_RAD1	SLC20A1	uORF	1B	RAD1	O60671	0.4666	0.8648	Known Macromolecular Subunit Competitor / Adaptor	2701.6	67.6	False		None	False		N/A	6J8Y; 7Z6H; 8GNN	68	8	3	8	0.088	-13.0	21	37	84.0	12.3	0	29	3344.5	13794.7	0	0	None	70	25	0.85	0.44
c2norep223_partner_01_ARRDC1	HECW2	intORF	1B	ARRDC1	Q8N5I2	0.472	0.6161	Allosteric Regulatory Surface / Novel Epitope	6054.1	0.0	False		None	False		Disordered (349-372)	None	158	21	0	27	0.041	-24.45	48	80	55.2	14.44	3	73	8203.5	26947.6	0	0	None	0	0	0.67	0.43
c7riboseqorf46_partner_01_MAD2L2	POLD2	uORF	1B	MAD2L2	Q9UI95	0.4621	0.8018	Known Macromolecular Subunit Competitor / Adaptor	2504.2	100.0	False		None	False		HORMA (13-203); Mediates interaction with REV1 and REV3L and homodimerization (21-155); Mediates interaction with ipaB (150-211)	3ABD; 3ABE; 3VU7; 4EXT; 4GK0; 4GK5; 5XPT; 5XPU; 6BC8; 6BCD	88	16	0	14	0.098	-22.38	22	41	55.0	10.58	3	41	4763.4	11841.2	0	0	None	141	41	0.79	0.42
c15norep3_partner_02_UBE2L3	UBE3A	intORF	1B	UBE2L3	P68036	0.4584	0.6767	Shared Physiological Complex Interface	1561.0	38.1	False	18.52	None	False		UBC core (2-149)	1FBV; 5HPT; 6CP2; 6DJW; 6DJX; 7OIK; 8EB0; 9I1J	44	7	2	8	0.131	-5.37	16	21	24.6	12.78	0	17	7914.3	9058.1	1	0	None	57	8	0.83	0.46
c17norep146_partner_05_PSMA2	PSMC5	uoORF	1B	PSMA2	P25787	0.4613	0.8011	Known Macromolecular Subunit Competitor / Adaptor	2379.1	93.1	False		None	False		N/A	22MM; 4R3O; 4R67; 5A0Q; 5GJQ; 5GJR; 5L4G; 5LE5; 5LEX; 5LEY	58	11	1	5	0.091	-17.07	22	29	52.4	14.1	2	28	5255.9	12681.2	0	0	None	160	27	0.85	0.36
c10norep101_partner_01_ANAPC10	ANAPC16	intORF	1B	ANAPC10	Q9UM13	0.4572	0.7732	Shared Physiological Complex Interface	1055.5	56.2	False		None	False		DOC (2-185)	4UI9; 5A31; 5G04; 5LCW; 6Q6G; 6Q6H; 6TLJ; 6TNT; 9GAW	30	9	1	0	0.17	-15.14	11	16	50.0	9.94	0	14	3332.1	12101.4	0	0	None	70	9	0.83	0.47
c1riboseqorf94_partner_03_CCND3	CDKN2C	uORF	1A	CCND3	P30281	0.4697	0.6119	Allosteric Regulatory Surface / Novel Epitope	6110.4	26.7	False		None	False		Cyclin N-terminal (27-152); Disordered (254-292)	3G33; 7SJ3	151	19	5	20	0.034	-0.89	60	75	33.3	17.38	0	69	16726.6	15876.8	0	0	None	67	20	0.8	0.38
c14norep77_partner_05_HPCAL1	MAP3K9	uoORF	1A	HPCAL1	P37235	0.4628	0.544	Cofactor / Substrate Pocket Competitor	5626.6	0.0	False		None	True	2.93	EF-hand 1 (41-58); EF-hand 2 (60-95); EF-hand 3 (96-131); EF-hand 4 (144-179)	None	142	11	1	26	0.036	-1.74	55	71	34.2	17.34	0	71	15137.7	11275.0	0	15	 (res 73);  (res 75);  (res 109);  (res 111);  (res 113)	0	0	0.76	0.38
c12riboseqorf52_partner_02_WDR5	MCRS1	uoORF	1B	WDR5	P61964	0.4574	0.8357	Known Macromolecular Subunit Competitor / Adaptor	2276.2	100.0	False		None	False		N/A	24XN; 24XP; 2CNX; 2CO0; 2G99; 2G9A; 2H13; 2H6K; 2H6N; 2H6Q	70	11	1	5	0.09	-8.78	21	37	45.7	13.4	0	39	4063.2	15628.0	0	0	None	160	37	0.9	0.36
cXriboseqorf44_partner_02_ACTB	JPX	lncRNA	1B	ACTB	P60709	0.4567	0.8887	Known Macromolecular Subunit Competitor / Adaptor	2050.4	100.0	False		None	False		N/A	3BYH; 3J82; 3LUE; 6ANU; 6LTJ; 6NBW; 7P1H; 7QJ6; 7QJ9; 7VDV	52	5	1	11	0.111	-13.48	18	26	54.5	12.22	0	21	2963.2	17728.1	0	0	None	264	26	0.89	0.47
c12norep128_partner_01_GLIPR2	GLIPR1	intORF	1B	GLIPR2	Q9H4G4	0.446	0.8885	Allosteric Regulatory Surface / Novel Epitope	1777.4	0.0	False		None	False		SCP (14-132); Interaction with CAV1 (91-98)	None	53	10	0	4	0.147	-16.31	15	24	83.3	9.2	0	31	2479.7	8621.4	0	0	None	0	0	0.9	0.48
c9norep160_partner_01_VPS26B	ENTR1	intORF	1B	VPS26B	Q4G0F5	0.4518	0.8022	Allosteric Regulatory Surface / Novel Epitope	2440.8	0.0	False		None	False		N/A	None	64	12	1	8	0.133	-6.74	16	30	88.9	13.81	1	29	2833.3	19843.5	0	0	None	0	0	0.81	0.47
c6riboseqorf128_partner_03_BCL2	BCLAF1	uORF	1B	BCL2	P10415	0.4452	0.5724	Known Macromolecular Subunit Competitor / Adaptor	1898.0	100.0	False		None	False		Required for interaction with SEPTIN4 isoform ARTS. Required XIAP-mediated ubiquitination and apoptosis (92-107)	2XA0; 5AGW; 5AGX; 5FCG; 5JSN; 5VAU; 5VAX; 5VAY; 6IWB; 6QG8	42	3	1	5	0.127	-9.9	15	22	78.9	12.21	0	23	2162.2	17404.8	0	0	None	40	22	0.63	0.49
c18riboseqorf53_partner_01_PIGV	PIGN	uORF	1B	PIGV	Q9NUD9	0.4484	0.9035	Allosteric Regulatory Surface / Novel Epitope	2326.4	0.0	False		None	False		N/A	None	61	9	1	10	0.106	-7.21	14	41	77.8	14.51	1	23	2318.6	23645.6	0	0	None	0	0	0.84	0.38
c7riboseqorf104_partner_01_HSPA14	DNAJC2	uORF	1B	HSPA14	Q0VDF9	0.4446	0.7801	Allosteric Regulatory Surface / Novel Epitope	2793.7	0.0	False		None	False		N/A	None	81	11	2	13	0.115	-0.68	16	44	88.9	14.4	0	42	2909.4	25030.1	0	0	None	0	0	0.85	0.37
c6riboseqorf128_partner_07_HNRNPM	BCLAF1	uORF	1B	HNRNPM	P52272	0.4337	0.232	Allosteric Regulatory Surface / Novel Epitope	1810.6	0.0	False		None	False		RRM 2 (204-281); Disordered (1-62)	None	49	5	0	9	0.103	-6.7	14	34	73.7	19.91	0	20	2411.4	44318.4	0	0	None	14	0	0.5	0.36
c1norep192_partner_03_HSPA8	RNVU1-15	lncRNA	1B	HSPA8	P11142	0.4329	0.6468	Allosteric Regulatory Surface / Novel Epitope	3399.5	21.2	False		None	False	21.61	Substrate-binding domain (SBD) (394-509); Disordered (614-646)	3AGY; 3AGZ; 3ESK; 4KBQ	101	14	1	19	0.108	-20.68	18	52	94.7	18.52	1	44	2486.9	31711.4	0	12	None	38	11	0.83	0.37
c10riboseqorf46_partner_03_THRB	JMJD1C	uORF	1B	THRB	P10828	0.4323	0.5658	Active Site Cleft Occlusion / Proximal Inhibitor	1638.2	56.5	False		None	False	6.74	NR LBD (217-461); Modulating (1-106); Interaction with NR2F6 (244-461)	1BSX; 4ZO1; 6KKB; 6KKE; 6KNU; 6KNV; 6KNW; 7WLX; 7WMG; 7WMH	39	1	0	9	0.121	-7.92	14	23	77.8	15.3	0	18	2173.5	27988.3	0	14	None	91	13	0.75	0.38
c20norep15_partner_03_ODC1	SMOX	intORF	1B	ODC1	P11926	0.4389	0.8283	Allosteric Regulatory Surface / Novel Epitope	3276.7	0.0	False	33.25	None	False	9.8	N/A	None	84	9	1	18	0.063	-11.9	31	43	68.9	13.57	0	40	4344.4	22540.9	1	14	None	76	0	0.81	0.39
c4riboseqorf83_partner_05_YWHAZ	SNHG8	lncRNA	1B	YWHAZ	P63104	0.4319	0.8165	Known Macromolecular Subunit Competitor / Adaptor	4179.7	94.5	False		None	False		N/A	1IB1; 1QJA; 1QJB; 2C1J; 2C1N; 2O02; 2WH0; 3CU8; 3NKX; 4BG6	117	19	4	11	0.056	-0.46	38	55	73.1	14.28	0	60	5643.4	14159.4	0	0	None	98	52	0.88	0.38
c4riboseqorf83_partner_03_HSPA8	SNHG8	lncRNA	1B	HSPA8	P11142	0.4333	0.6433	Cofactor / Substrate Pocket Competitor	4756.1	14.1	False		None	True	2.15	Nucleotide-binding domain (NBD) (2-386); Interaction with BAG1 (186-377); Substrate-binding domain (SBD) (394-509); Disordered (614-646)	3FZK; 3FZM; 3LDQ; 3M3Z; 4HWI; 4KBQ; 5AQF; 5AQG; 5AQH; 5AQI	125	12	5	13	0.05	-20.75	39	64	75.0	17.72	0	71	5618.0	32300.7	0	12	 (res 269);  (res 272);  (res 273);  (res 342)	38	9	0.84	0.37
c17riboseqorf84_partner_01_EIF5	EIF1	dORF	1B	EIF5	P55010	0.4271	0.4167	Allosteric Regulatory Surface / Novel Epitope	1439.2	0.0	False		None	False	61.35	W2 (233-392)	None	30	1	1	8	0.156	-7.84	12	16	63.2	13.16	0	16	2091.6	29501.6	0	1	None	41	0	0.7	0.42
c10norep73_partner_02_MAPK9	MAPK8	uORF	1B	MAPK9	P45984	0.4301	0.7855	Cofactor / Substrate Pocket Competitor	2004.1	0.0	False	11.74	None	True	2.87	Protein kinase (26-321)	None	56	10	1	8	0.12	-12.96	15	31	62.5	11.89	0	30	3186.9	20253.0	1	2	 (res 32);  (res 33);  (res 34);  (res 40)	0	0	0.78	0.4
cXriboseqorf44_partner_03_HSPA8	JPX	lncRNA	1B	HSPA8	P11142	0.4317	0.6351	Allosteric Regulatory Surface / Novel Epitope	3902.2	17.5	False		None	False	18.53	Substrate-binding domain (SBD) (394-509); Disordered (614-646)	3AGY; 3AGZ; 3ESK; 4KBQ	124	12	2	20	0.078	-29.03	28	57	84.8	18.15	0	61	3782.3	31527.8	0	12	None	38	10	0.83	0.41
c2riboseqorf74_partner_03_RAD51B	SLC20A1	uORF	1B	RAD51B	O15315	0.4268	0.6547	Known Macromolecular Subunit Competitor / Adaptor	937.1	69.2	False		None	False	10.45	N/A	9Q2A	23	1	1	10	0.197	-9.73	9	13	36.0	9.38	0	7	3232.1	23690.2	0	1	None	110	9	0.71	0.47
c3norep215_partner_01_TBL1XR1	TBL1XR1	uORF	2B	TBL1XR1	Q9BZK7	0.4267	0.697	Allosteric Regulatory Surface / Novel Epitope	1915.4	0.0	False		None	False		LisH (4-36)	None	44	2	2	6	0.126	-13.97	14	25	77.8	16.96	1	22	1947.7	27057.3	0	0	None	0	0	0.82	0.29
c1riboseqorf55_partner_01_SCN4B	nan	mixed	1B	SCN4B	Q8IWT1	0.4245	0.5886	Known Macromolecular Subunit Competitor / Adaptor	808.5	80.0	False		None	False		Ig-like C2-type (31-148)	5XAW; 7DTD	17	0	1	0	0.212	-11.71	8	10	20.5	9.41	0	10	4229.2	19121.3	0	0	None	27	8	0.81	0.64
c14riboseqorf97_partner_02_SRC	PTPN21	uORF	2B	SRC	P12931	0.4246	0.6517	Known Macromolecular Subunit Competitor / Adaptor	1600.8	68.2	False	24.53	None	False	25.04	SH2 (151-248); Protein kinase (270-523)	1A07; 1A08; 1A09; 1A1A; 1A1B; 1A1C; 1A1E; 1HCS; 1HCT; 1SHD	46	6	2	4	0.161	-9.28	13	22	52.0	14.15	0	23	3306.7	25637.2	1	2	None	97	15	0.76	0.44
c3norep215_partner_03_TBL1Y	TBL1XR1	uORF	2B	TBL1Y	Q9BQ87	0.4228	0.689	Allosteric Regulatory Surface / Novel Epitope	1906.9	0.0	False		None	False		F-box-like (41-86)	None	40	3	0	5	0.128	-12.29	13	24	72.2	18.59	1	21	2127.2	26104.1	0	0	None	0	0	0.8	0.32
c20norep56_partner_02_TIMM21	ROMO1	dORF	1B	TIMM21	Q9BVV7	0.4206	0.4968	Allosteric Regulatory Surface / Novel Epitope	1288.8	0.0	False		None	False		N/A	None	29	4	1	3	0.176	-11.46	11	15	50.0	11.2	1	14	2498.0	24421.4	0	0	None	0	0	0.82	0.54
c12riboseqorf13_partner_05_HLA-A	ENSG00000272173	lncRNA-ORF	2B	HLA-A	P04439	0.4218	0.67	Cofactor / Substrate Pocket Competitor	2368.6	100.0	False		None	True	1.9	Alpha-1 (25-114); Alpha-2 (115-206)	1AKJ; 1AO7; 1AQD; 1B0G; 1B0R; 1BD2; 1DUY; 1DUZ; 1EEY; 1EEZ	69	13	3	3	0.113	-21.66	18	34	31.6	17.38	0	40	5708.7	24061.2	0	9	 (res 31);  (res 97);  (res 108);  (res 140);  (res 167);  (res 170);  (res 183);  (res 183);  (res 195)	205	34	0.83	0.29
c1norep185_partner_08_DARS2	WARS2-AS1	lncRNA-ORF	4	DARS2	Q6PI48	0.4219	0.866	Cofactor / Substrate Pocket Competitor	2808.2	0.0	False		None	True	2.05	Aspartate (244-247)	None	76	5	7	7	0.069	0.03	24	46	92.3	15.29	0	44	2922.7	33119.7	0	5	 (res 266);  (res 268);  (res 266);  (res 535);  (res 542);  (res 584);  (res 587)	112	0	0.84	0.34
cXriboseqorf58_partner_03_YEATS4	MORF4L2	uORF	1B	YEATS4	O95619	0.4186	0.6296	Known Macromolecular Subunit Competitor / Adaptor	1356.9	90.5	False		None	False		YEATS (15-158); Interaction with MLLT10 (163-227); Interaction with TACC1 (168-227)	5XTZ; 7JFY; 8IIY; 8IIZ; 8IJ0; 8X19; 9X8S; 9X8U; 9Y3D	39	8	0	6	0.186	-2.65	10	21	52.6	9.88	0	15	2158.2	15529.1	0	0	None	112	19	0.75	0.45
c19riboseqorf151_partner_01_SPDYE2	ZNF841	uORF	1B	SPDYE2	Q495Y8	0.4215	0.4076	Allosteric Regulatory Surface / Novel Epitope	2201.2	0.0	False		None	False		Disordered (1-89)	None	55	4	1	17	0.115	-10.35	16	30	84.2	19.01	2	17	2110.3	31257.7	0	0	None	0	0	0.53	0.49
c7norep146_partner_03_CCNA1	CUX1	intORF	1B	CCNA1	P78396	0.4205	0.5743	Allosteric Regulatory Surface / Novel Epitope	2533.6	0.0	False		None	False		N/A	None	65	12	1	4	0.096	-11.66	25	27	64.1	14.56	1	32	3875.0	27386.2	0	0	None	0	0	0.67	0.51
c1riboseqorf33_partner_10_EMC9	EMC1-AS1	lncRNA-ORF	3	EMC9	Q9Y3B6	0.4135	0.7527	Allosteric Regulatory Surface / Novel Epitope	1365.9	14.3	False		None	False		MPN (4-139)	6Y4L	37	5	0	3	0.16	-3.95	11	21	18.0	10.27	0	16	6945.4	10838.2	0	0	None	19	3	0.86	0.43
c2norep251_partner_01_SHC1	ERBB4	uoORF	1B	SHC1	P29353	0.4142	0.3646	Shared Physiological Complex Interface	2401.1	36.6	False		None	False		PID (156-339); Disordered (1-92)	1SHC; 2L1C	67	6	0	14	0.096	-17.63	17	41	100.0	17.38	1	32	2294.4	36256.7	0	0	None	74	15	0.55	0.29
c1riboseqorf199_partner_08_DCN	ENSG00000229953	lncRNA-ORF	1B	DCN	P07585	0.413	0.7989	Allosteric Regulatory Surface / Novel Epitope	2259.7	0.0	False		None	False		N/A	None	74	7	1	8	0.109	-9.38	20	34	46.5	10.94	4	29	4436.0	20605.2	0	0	None	0	0	0.83	0.4
c12riboseqorf32_partner_01_MOB4	FGFR1OP2	uORF	1B	MOB4	Q9Y3A3	0.4108	0.7436	Cofactor / Substrate Pocket Competitor	1995.2	62.1	False		None	True	3.09	N/A	5YF4; 7K36	54	8	0	8	0.093	-16.73	20	29	87.0	13.09	0	26	2630.4	13717.2	0	8	 (res 113);  (res 127)	54	18	0.77	0.48
c19riboseqorf61_partner_03_HSPA8	AC006504.5	lncRNA	1B	HSPA8	P11142	0.4143	0.622	Allosteric Regulatory Surface / Novel Epitope	3625.6	17.0	False		None	False	18.52	Substrate-binding domain (SBD) (394-509); Disordered (614-646)	3AGY; 3AGZ; 3ESK; 4KBQ	116	17	3	23	0.099	-17.43	22	53	48.9	14.16	0	45	4713.2	31083.9	0	12	None	38	9	0.84	0.42
c3norep207_partner_03_CBX4	PHC3	uoORF	1B	CBX4	O00257	0.4182	0.1828	Allosteric Regulatory Surface / Novel Epitope	4484.7	24.1	False		None	False		Chromo (11-69); Interaction with BMI1 (1-539); Involved in interaction with H3C15 and H3C1 (1-75); Involved in interaction with H3C15 and RNF2 (531-556); Interaction with RNF2 (540-560)	5EPL	111	8	1	31	0.052	-17.16	37	58	56.9	19.72	1	51	7726.1	48256.9	0	0	None	14	14	0.45	0.5
c14norep48_partner_02_GNB3	GNG2	uORF	1B	GNB3	P16520	0.4097	0.8465	Known Macromolecular Subunit Competitor / Adaptor	1663.2	75.0	False		None	False		N/A	25ST; 25SU	44	7	3	5	0.115	-9.54	16	24	61.5	11.86	1	20	3258.7	14224.4	0	0	None	74	18	0.88	0.44
c9norep160_partner_02_VPS26A	ENTR1	intORF	1B	VPS26A	O75436	0.4069	0.8085	Known Macromolecular Subunit Competitor / Adaptor	1675.4	61.9	False		None	False		N/A	5F0J; 5F0L; 5F0M; 5F0P; 7BLO; 9Q8M	48	11	1	8	0.176	-8.18	13	21	72.2	10.93	1	20	2593.3	20484.4	0	0	None	61	13	0.81	0.43
c8riboseqorf109_partner_02_GCNT1	ST3GAL1	uORF	1B	GCNT1	Q02742	0.4072	0.8551	Active Site Blocker / Competitive Decoy	2560.0	0.0	True	2.56	Nucleophile (res 320)	True	1.61	Catalytic (122-428)	None	82	11	0	5	0.114	-21.89	18	40	75.0	13.73	0	47	3002.9	22057.8	1	11	 (res 128);  (res 129);  (res 130);  (res 155);  (res 187);  (res 243);  (res 251);  (res 254);  (res 320);  (res 358);  (res 378);  (res 401)	0	0	0.87	0.38
c19norep130_partner_09_CANX	TMEM147-AS1	lncRNA-ORF	4	CANX	P27824	0.4083	0.5835	Cofactor / Substrate Pocket Competitor	1243.4	0.0	False		None	True	3.06	N/A	None	34	1	0	4	0.147	-8.5	11	21	42.3	14.07	0	18	2835.6	46413.5	0	8	 (res 164);  (res 166);  (res 185);  (res 192);  (res 425)	0	0	0.78	0.43
c8riboseqorf102_partner_03_CAPZA1	WASHC5	uORF	1B	CAPZA1	P52907	0.4065	0.8144	Known Macromolecular Subunit Competitor / Adaptor	1875.2	88.0	False		None	False		N/A	7T5Q; 8F8Q; 9B7J; 9B85; 9EC0; 9Y9L; 9Y9M; 9YIM	46	5	0	7	0.123	-15.63	15	25	75.0	13.26	3	18	2357.3	16208.2	0	0	None	116	22	0.82	0.43
c3norep127_partner_01_ZNF154	NXPE3	intORF	1B	ZNF154	Q13106	0.4064	0.1863	Allosteric Regulatory Surface / Novel Epitope	1900.5	0.0	False		None	False		KRAB (14-88)	None	35	3	2	10	0.138	-6.21	11	23	57.9	17.02	1	15	2471.5	29790.5	0	0	None	0	0	0.56	0.48
c4riboseqorf84_partner_03_HSPA8	SNHG8	lncRNA	1B	HSPA8	P11142	0.4087	0.6301	Allosteric Regulatory Surface / Novel Epitope	2989.7	6.4	False		None	False	13.47	Substrate-binding domain (SBD) (394-509); Disordered (614-646)	3AGY; 3AGZ; 4KBQ	85	10	1	7	0.09	-23.41	20	47	55.6	14.69	0	40	3976.4	31206.0	0	12	None	38	3	0.83	0.34
c14riboseqorf5_partner_01_HNRNPA2B1	HNRNPC	uORF	1B	HNRNPA2B1	P22626	0.4036	0.4985	Known Macromolecular Subunit Competitor / Adaptor	1785.4	64.0	False		None	False		RRM 2 (112-191); Disordered (193-353)	7WM3; 8HNI	46	3	0	13	0.108	-10.73	17	25	65.4	17.46	0	23	2429.6	24122.3	0	0	None	120	16	0.61	0.47
c3norep227_partner_01_AP2S1	AP2M1	intORF	1B	AP2S1	P53680	0.3974	0.5879	Known Macromolecular Subunit Competitor / Adaptor	737.7	83.3	False		None	False		N/A	6URI	21	1	0	4	0.35	-13.48	5	12	7.4	7.55	0	10	6784.0	8191.3	0	0	None	58	10	0.74	0.42
c2riboseqorf136_partner_09_FHL2	TTN-AS1	lncRNA-ORF	4	FHL2	Q14192	0.4041	0.4277	Allosteric Regulatory Surface / Novel Epitope	6519.8	0.0	False		None	False		LIM zinc-binding 1 (40-92); LIM zinc-binding 2 (101-153); LIM zinc-binding 3 (162-212); LIM zinc-binding 4 (221-275)	None	211	31	3	26	0.038	-26.95	56	98	44.1	11.24	1	109	12583.5	20492.1	0	0	None	0	0	0.78	0.45
c18riboseqorf50_partner_01_MCL1	PMAIP1	dORF	1B	MCL1	Q07820	0.397	0.4548	Shared Physiological Complex Interface	4741.2	55.8	False		None	False		Disordered (47-87); PEST-like (104-175)	2KBW; 2NL9; 2NLA; 2PQK; 3D7V; 3IO9; 3KJ0; 3KJ1; 3KJ2; 3KZ0	112	12	4	23	0.049	0.38	44	52	60.3	19.51	1	50	5970.6	24825.4	0	0	None	86	29	0.56	0.43
c6norep206_partner_02_ACTB	ENSG00000226571	lncRNA-ORF	1B	ACTB	P60709	0.3931	0.8804	Known Macromolecular Subunit Competitor / Adaptor	2363.1	100.0	False		None	False		N/A	3BYH; 3J82; 3LUE; 6ANU; 6LTJ; 6NBW; 7P1H; 7QJ6; 7QJ9; 7VDV	62	10	0	8	0.096	-19.14	24	27	72.7	14.29	0	38	3552.8	16947.9	0	0	None	264	27	0.89	0.42
c5riboseqorf9_partner_03_HSPA8	MIR4458HG	lncRNA	1B	HSPA8	P11142	0.3936	0.6258	Allosteric Regulatory Surface / Novel Epitope	2260.9	16.7	False		None	False	17.17	Substrate-binding domain (SBD) (394-509); Disordered (614-646)	4KBQ	59	5	0	11	0.091	-23.67	18	36	52.9	12.18	0	27	3788.5	30456.2	0	12	None	38	6	0.83	0.43
c16norep1_partner_03_L3HYPDH	FAM234A	intORF	1B	L3HYPDH	Q96EM0	0.3905	0.8683	Allosteric Regulatory Surface / Novel Epitope	1283.8	0.0	False	15.98	None	False	16.43	N/A	None	35	3	0	5	0.175	-6.98	10	20	52.6	15.35	0	14	2323.5	15940.1	1	3	None	39	0	0.9	0.43
c14norep77_partner_04_ARMC10	MAP3K9	uoORF	1A	ARMC10	Q8N2F6	0.4033	0.5652	Allosteric Regulatory Surface / Novel Epitope	5675.8	0.0	False		None	False		Disordered (43-83)	None	142	21	4	11	0.035	-12.96	51	80	31.7	20.52	0	70	15394.8	19217.4	0	0	None	0	0	0.78	0.34
c12riboseqorf26_partner_01_NANS	CMAS	uoORF	1B	NANS	Q9NR45	0.3922	0.7898	Allosteric Regulatory Surface / Novel Epitope	1536.5	0.0	False		None	False		N/A	None	40	6	1	5	0.167	-6.13	12	20	20.3	15.75	0	21	5115.0	18234.2	0	0	None	0	0	0.89	0.28
c20riboseqorf6_partner_02_FYN	PTPRA	uORF	1B	FYN	P06241	0.3913	0.5391	Known Macromolecular Subunit Competitor / Adaptor	2366.0	61.8	False	24.88	None	False	15.3	SH3 (82-143); Protein kinase (271-524)	1A0N; 1AVZ; 1AZG; 1FYN; 1M27; 1SHF; 3UA7; 4D8D; 4EIK; 4U17	63	6	3	10	0.116	-9.32	16	34	80.0	19.37	0	32	2652.5	25921.1	1	2	None	107	21	0.75	0.35
c18norep5_partner_04_MIS12	NDC80	uoORF	1B	MIS12	Q9H081	0.3902	0.3815	Known Macromolecular Subunit Competitor / Adaptor	2517.7	97.2	False		None	False		N/A	5LSJ; 5LSK; 8PPR; 8Q5H	58	5	2	15	0.077	-9.03	21	36	38.2	8.85	2	27	6660.3	18231.6	0	0	None	164	35	0.69	0.49
c3norep214_partner_01_HDAC3	TBL1XR1	intORF	1B	HDAC3	O15379	0.3895	0.8471	Active Site Blocker / Competitive Decoy	3122.0	8.3	True	3.79	 (res 135)	True	2.86	Histone deacetylase (3-316); Disordered (388-428)	4A69	85	13	1	4	0.089	-12.36	20	48	83.3	20.32	4	46	3378.4	18461.5	1	7	 (res 170);  (res 172);  (res 259);  (res 265)	20	4	0.86	0.33
c19riboseqorf4_partner_01_CAB39	STK11	uORF	1A	CAB39	Q9Y376	0.3999	0.6369	Shared Physiological Complex Interface	6038.1	56.9	False		None	False		N/A	1UPK; 2WTK; 3GNI; 4FZA; 4FZD; 4FZF; 4NZW; 4O27; 8VSU	154	23	1	15	0.035	9.28	68	65	32.5	24.51	0	82	15502.9	18493.1	0	0	None	70	37	0.9	0.32
c3riboseqorf118_partner_01_NDUFAF3	TIMMDC1	uORF	1B	NDUFAF3	Q9BU61	0.389	0.5503	Allosteric Regulatory Surface / Novel Epitope	1242.8	0.0	False		None	False		N/A	None	34	4	0	1	0.182	-15.83	11	17	57.9	10.43	0	17	2576.3	14251.4	0	0	None	0	0	0.63	0.49
c15riboseqorf86_partner_01_DCK	PDE8A	uORF	1B	DCK	P27707	0.3866	0.8368	Cofactor / Substrate Pocket Competitor	1593.9	0.0	False	8.16	None	True	2.01	N/A	None	49	4	1	7	0.188	-8.24	10	26	62.5	10.07	1	24	2070.6	13911.6	1	9	 (res 30);  (res 53);  (res 86);  (res 97);  (res 128);  (res 192);  (res 197)	40	0	0.82	0.4
c3riboseqorf114_partner_01_BRS3	CCDC80	uORF	1B	BRS3	P32247	0.3853	0.7254	Shared Physiological Complex Interface	2755.7	42.9	False		None	False		N/A	8Y52	63	11	0	4	0.1	-18.06	15	42	75.0	17.0	1	31	2789.6	29711.4	0	0	None	70	18	0.78	0.39
c3norep214_partner_02_TBL1Y	TBL1XR1	intORF	1B	TBL1Y	Q9BQ87	0.3864	0.6811	Allosteric Regulatory Surface / Novel Epitope	3399.2	0.0	False		None	False		LisH (4-36); F-box-like (41-86)	None	85	18	0	7	0.08	-29.43	22	48	91.7	21.8	6	42	2996.9	25217.5	0	0	None	0	0	0.81	0.32
cXriboseqorf74_partner_07_DNASE1	DNASE1L1	uORF	4	DNASE1	P24855	0.385	0.8752	Allosteric Regulatory Surface / Novel Epitope	2083.8	0.0	False	10.23	None	False		N/A	None	58	8	5	6	0.104	-15.62	18	31	69.2	11.03	1	27	3441.9	13025.1	2	0	None	0	0	0.91	0.43
c22riboseqorf17_partner_01_DRD2	ADORA2A	uORF	1B	DRD2	P14416	0.384	0.5959	Cofactor / Substrate Pocket Competitor	2264.6	31.2	False		None	True	2.29	N/A	7DFP	55	5	0	9	0.115	-12.39	15	32	75.0	14.24	0	24	2385.2	34045.1	0	4	 (res 114);  (res 193);  (res 197);  (res 393)	62	10	0.68	0.44
c7riboseqorf104_partner_03_DNAJB4	DNAJC2	uORF	1B	DNAJB4	Q9UDY4	0.3827	0.5069	Allosteric Regulatory Surface / Novel Epitope	1266.0	0.0	False		None	False		N/A	None	32	6	2	6	0.178	-0.92	9	20	50.0	12.33	1	11	2549.2	21214.8	0	0	None	0	0	0.74	0.42
c8norep107_partner_04_CTBP2	ZFPM2-AS1	lncRNA	1B	CTBP2	P56545	0.3901	0.6694	Known Macromolecular Subunit Competitor / Adaptor	1878.9	71.4	False	11.56	None	False	11.97	N/A	2OME; 4LCJ; 6WKW; 8ATI; 9WRI	58	9	1	7	0.11	0.07	25	21	25.5	13.04	1	20	7124.2	24875.6	3	7	None	99	15	0.78	0.37
c16norep109_partner_03_GARS1	AC012184.3	lncRNA	1B	GARS1	P41250	0.3831	0.79	Cofactor / Substrate Pocket Competitor	2830.3	17.8	False		None	True	2.01	WHEP-TRS (63-119)	2ZT8; 4KR2; 4KR3; 4QEI; 5E6M	75	6	4	7	0.098	0.3	17	45	81.0	17.53	4	40	2658.6	40812.0	0	7	 (res 299);  (res 331);  (res 333);  (res 342);  (res 457);  (res 576);  (res 578);  (res 583)	133	8	0.82	0.29
c10norep101_partner_03_ANAPC7	ANAPC16	intORF	1B	ANAPC7	Q9UJX3	0.3824	0.7643	Shared Physiological Complex Interface	1261.9	50.0	False		None	False		Disordered (513-565)	4UI9; 5A31; 5G04; 5G05; 5LCW; 6Q6G; 6Q6H; 6TLJ; 6TM5; 6TNT	33	2	1	6	0.183	-11.28	10	18	45.5	16.75	1	18	2573.1	31211.4	0	0	None	161	9	0.83	0.4
c11riboseqorf112_partner_02_GATAD1	EMSY	uoORF	1B	GATAD1	Q8WUU5	0.383	0.3954	Allosteric Regulatory Surface / Novel Epitope	3275.6	0.0	False		None	False		N/A	None	92	7	2	16	0.076	-20.23	38	32	41.8	18.29	1	40	7184.0	21196.7	0	0	None	11	0	0.56	0.46
c21riboseqorf14_partner_10_MEF2C	RUNX1	uORF	1B	MEF2C	Q06413	0.3809	0.2528	Allosteric Regulatory Surface / Novel Epitope	2143.0	0.0	False		None	False		Disordered (375-473)	None	54	6	0	11	0.096	-19.96	17	33	85.0	25.62	0	24	2164.7	40513.1	0	0	None	0	0	0.46	0.6
c1riboseqorf71_partner_03_SNRPG	LSM10	uoORF	1B	SNRPG	P62308	0.3797	0.5968	Known Macromolecular Subunit Competitor / Adaptor	1725.6	90.5	False		None	False		Sm (4-76)	4PJO; 4V98; 4WZJ; 5XJC; 5XJL; 5XJQ; 5XJR; 5XJT; 5XJU; 5YZG	45	6	1	7	0.134	-11.73	16	21	66.7	8.5	0	21	3067.1	5261.5	0	0	None	71	19	0.71	0.46
c8riboseqorf12_partner_02_NEIL1	NEIL2	uoORF	1B	NEIL1	Q96FI4	0.3823	0.6582	Allosteric Regulatory Surface / Novel Epitope	2669.5	0.0	False	10.32	None	False	16.78	N/A	None	68	8	1	10	0.071	-5.9	28	34	44.4	18.26	0	31	6914.0	23920.1	4	2	None	42	0	0.73	0.37
c16riboseqorf104_partner_06_GORASP1	PSKH1	uORF	1B	GORASP1	Q9BQQ3	0.3802	0.4526	Cofactor / Substrate Pocket Competitor	2369.5	43.2	False		None	True	3.57	PDZ GRASP-type 1 (15-105); PDZ GRASP-type 2 (111-199); GRASP (15-215); Essential for interaction with GOLGA2/GM130 (190-202)	4REY	58	10	1	8	0.083	-0.97	19	37	57.6	13.43	0	30	4139.6	34460.2	0	3	 (res 20)	40	16	0.63	0.51
c6norep41_partner_03_RBBP4	JARID2	intORF	1B	RBBP4	Q09028	0.3807	0.8563	Known Macromolecular Subunit Competitor / Adaptor	3538.6	100.0	False		None	False		Interaction with ARMC12 (2-132)	2XU7; 4PBZ; 4PC0; 4R7A; 5FXY; 5VTB; 5WAI; 5WAK; 5XWR; 5XXQ	93	13	6	4	0.073	3.41	25	51	50.0	14.62	0	49	6498.2	20742.8	0	0	None	240	51	0.88	0.34
c16norep1_partner_02_APEH	FAM234A	intORF	1B	APEH	P13798	0.3793	0.928	Allosteric Regulatory Surface / Novel Epitope	1389.1	0.0	False	35.9	None	False		N/A	None	32	2	1	4	0.162	-5.46	9	22	47.4	18.67	1	14	2435.9	31861.7	3	0	None	0	0	0.89	0.4
c19norep217_partner_01_DEPTOR	AKT1S1	uORF	1B	DEPTOR	Q8TB45	0.3769	0.4803	Shared Physiological Complex Interface	3954.8	43.9	False		None	False		DEP 1 (36-119); PDZ (330-407)	7OWG; 7PE7; 7PE8; 7PE9; 7PEA; 7PEB; 7PEC; 7PED	129	18	0	11	0.098	-7.01	23	57	95.8	19.71	0	66	3251.6	23272.1	0	0	None	90	25	0.71	0.34
c3norep215_partner_02_TBL1X	TBL1XR1	uORF	2B	TBL1X	O60907	0.3736	0.6434	Allosteric Regulatory Surface / Novel Epitope	2177.3	7.9	False		None	False		LisH (55-87); F-box-like (92-137)	2XTC; 2XTD; 2XTE	74	4	0	14	0.122	-18.2	16	38	88.9	23.82	2	40	1994.2	30776.2	0	0	None	32	3	0.77	0.3
c22riboseqorf24_partner_02_SLC35B2	TPST2	uORF	1B	SLC35B2	Q8TB61	0.3722	0.7682	Allosteric Regulatory Surface / Novel Epitope	2320.4	0.0	False		None	False		N/A	None	66	11	0	10	0.097	-16.57	17	40	94.4	14.53	0	34	2159.8	25381.2	0	0	None	0	0	0.74	0.31
c6riboseqorf128_partner_09_DDX5	BCLAF1	uORF	1B	DDX5	P17844	0.3731	0.5344	Allosteric Regulatory Surface / Novel Epitope	1423.1	0.0	False		None	False	27.09	Helicase C-terminal (328-475)	None	31	2	2	9	0.155	-7.11	10	20	52.6	19.43	2	11	2283.0	29723.9	0	3	None	0	0	0.72	0.41
c10riboseqorf110_partner_03_GOLGA7	ZDHHC6	uORF	1B	GOLGA7	Q7Z5G4	0.3696	0.5897	Shared Physiological Complex Interface	1560.7	52.4	False		None	False		N/A	8HF3; 9OA6	38	2	1	5	0.121	-6.02	15	21	55.6	11.59	2	16	3067.8	9519.7	0	0	None	32	11	0.63	0.47
c2riboseqorf119_partner_02_DCAF8	DCAF17	intORF	1B	DCAF8	Q5TAQ9	0.3721	0.6388	Allosteric Regulatory Surface / Novel Epitope	3275.7	0.0	False		None	False		Disordered (1-147)	None	86	7	3	2	0.078	-13.66	23	48	85.2	19.19	1	47	3069.8	32897.3	0	0	None	46	0	0.69	0.3
c5riboseqorf75_partner_03_KLHDC2	FEM1C	uORF	1B	KLHDC2	Q9Y2U9	0.3694	0.8206	Known Macromolecular Subunit Competitor / Adaptor	1889.0	89.3	False		None	False		N/A	6DO3; 6DO4; 6DO5; 8EBL; 8EBM; 8EBN; 8SGF; 8SH2	50	10	0	3	0.119	-12.73	15	28	65.2	14.12	0	26	2430.1	20250.8	0	0	None	145	25	0.85	0.35
c10riboseqorf110_partner_02_ZDHHC13	ZDHHC6	uORF	1B	ZDHHC13	Q8IUH4	0.3677	0.7208	Allosteric Regulatory Surface / Novel Epitope	1843.5	0.0	False	37.15	None	False		N/A	None	39	4	2	2	0.118	-10.03	15	22	55.6	17.77	0	26	3315.1	31088.5	1	0	None	0	0	0.78	0.37
c1norep192_partner_02_ACTB	RNVU1-15	lncRNA	1B	ACTB	P60709	0.3628	0.9001	Known Macromolecular Subunit Competitor / Adaptor	1401.5	100.0	False		None	False		N/A	3BYH; 3J82; 3LUE; 6ANU; 6LTJ; 6NBW; 7P1H; 7QJ6; 7QJ9; 7VDV	35	5	0	8	0.187	-12.61	11	17	57.9	15.81	1	12	2063.9	17357.7	0	0	None	264	17	0.9	0.35
c1riboseqorf231_partner_03_HSPA8	GAS5	lncRNA	1B	HSPA8	P11142	0.3707	0.595	Allosteric Regulatory Surface / Novel Epitope	4023.6	9.4	False		None	False	30.64	Substrate-binding domain (SBD) (394-509); Disordered (614-646)	4KBQ	107	11	0	17	0.061	-26.23	33	53	58.9	15.21	2	58	5115.9	32643.3	0	12	None	38	5	0.82	0.36
c17riboseqorf82_partner_03_HSPA8	TMEM99	lncRNA	1B	HSPA8	P11142	0.3659	0.6275	Allosteric Regulatory Surface / Novel Epitope	3090.5	0.0	False		None	False	12.0	Nucleotide-binding domain (NBD) (2-386); Interaction with BAG1 (186-377); Substrate-binding domain (SBD) (394-509)	None	101	19	1	18	0.117	-16.08	16	54	100.0	21.86	0	46	2269.6	32306.6	0	12	None	38	0	0.83	0.33
c2norep228_partner_03_EIF5	BZW1	intORF	1B	EIF5	P55010	0.362	0.4045	Allosteric Regulatory Surface / Novel Epitope	1067.8	0.0	False		None	False	50.4	W2 (233-392)	None	25	2	0	8	0.208	-10.62	8	15	44.4	13.98	0	10	2390.9	28528.9	0	1	None	41	0	0.7	0.33
c19riboseqorf40_partner_04_RHOB	MYO9B	uoORF	1B	RHOB	P62745	0.3684	0.5312	Cofactor / Substrate Pocket Competitor	4146.7	14.9	False		None	True	2.08	N/A	6SGE	91	10	6	6	0.044	-9.18	44	47	28.2	21.75	0	43	17720.3	12278.3	0	26	 (res 15);  (res 15);  (res 20);  (res 20);  (res 34);  (res 37);  (res 37);  (res 118);  (res 118);  (res 120);  (res 120);  (res 161);  (res 161);  (res 162);  (res 162)	17	7	0.78	0.34
c15riboseqorf48_partner_03_BUB3	ZWILCH	intORF	1B	BUB3	O43684	0.3618	0.9246	Allosteric Regulatory Surface / Novel Epitope	2441.9	0.0	False		None	False		N/A	None	59	9	1	6	0.104	-10.35	19	30	90.5	14.75	0	31	3070.7	14603.5	0	0	None	0	0	0.92	0.34
c17norep67_partner_03_OMG	EVI2A	uORF	2B	OMG	P23515	0.3624	0.5677	Allosteric Regulatory Surface / Novel Epitope	978.7	0.0	False		None	False		LRRNT (25-55)	None	14	0	0	4	0.175	-10.66	8	10	22.9	11.49	0	9	4492.0	32898.7	0	0	None	0	0	0.71	0.61
c20riboseqorf6_partner_01_GRB2	PTPRA	uORF	1B	GRB2	P62993	0.3612	0.4572	Known Macromolecular Subunit Competitor / Adaptor	1540.8	85.7	False		None	False		SH2 (60-152); SH3 2 (156-215)	1BM2; 1BMB; 1FYR; 1GCQ; 1GRI; 1IO6; 1JYQ; 1JYR; 1QG1; 1TZE	41	5	2	8	0.122	-7.38	16	21	80.0	15.51	0	18	2692.6	13114.6	0	0	None	145	18	0.78	0.42
c5riboseqorf127_partner_02_WBP1	KIAA1191	uORF	1B	WBP1	Q96G27	0.3601	0.287	Allosteric Regulatory Surface / Novel Epitope	1077.8	0.0	False		None	False		N/A	None	22	3	0	3	0.22	-17.73	10	10	50.0	10.89	1	12	3023.7	31753.7	0	0	None	7	0	0.73	0.69
c6riboseqorf57_partner_02_NUDT12	NUDT3	uORF	1B	NUDT12	Q9BQG2	0.3621	0.7051	Allosteric Regulatory Surface / Novel Epitope	1861.9	0.0	False		None	False	23.44	Nudix hydrolase (319-453)	None	49	6	0	9	0.097	-16.69	23	22	59.0	19.65	0	20	3378.5	25081.2	0	16	None	46	0	0.83	0.37
c2norep228_partner_01_BZW2	BZW1	intORF	1B	BZW2	Q9Y6E2	0.3597	0.7014	Allosteric Regulatory Surface / Novel Epitope	1403.6	0.0	False		None	False		W2 (248-415)	None	34	4	2	5	0.157	-5.64	12	18	66.7	14.93	0	16	2184.3	24380.7	0	0	None	0	0	0.85	0.4
c6norep139_partner_03_ZNF727	FAM135A	uORF	1B	ZNF727	A8MUV8	0.3669	0.2298	Allosteric Regulatory Surface / Novel Epitope	4272.7	0.0	False		None	False		KRAB (4-75)	None	117	15	4	21	0.052	-10.57	46	49	46.0	19.73	1	48	8035.9	35982.4	0	0	None	0	0	0.56	0.33
c15riboseqorf48_partner_02_CDC20	ZWILCH	intORF	1B	CDC20	Q12834	0.3594	0.6604	Known Macromolecular Subunit Competitor / Adaptor	1538.1	89.5	False		None	False		N/A	5G04; 5LCW; 6F0X; 6Q6G; 6Q6H; 6TLJ; 9I68; 9I69; 9I6A	31	3	2	7	0.181	-8.48	9	19	42.9	13.56	0	15	3277.6	28018.9	0	0	None	190	17	0.74	0.34
c11riboseqorf131_partner_02_ALKBH1	ALKBH8	uORF	1B	ALKBH1	Q13686	0.3571	0.833	Cofactor / Substrate Pocket Competitor	2577.9	0.0	False		None	True	1.85	Fe2OG dioxygenase (208-347); tRNA-binding (86-389)	None	76	7	2	7	0.136	-7.23	16	35	88.9	15.82	0	42	1990.6	20067.0	0	8	 (res 177);  (res 220);  (res 221);  (res 222);  (res 231);  (res 233);  (res 233);  (res 342);  (res 344)	0	0	0.8	0.3
c14norep48_partner_03_GNB5	GNG2	uORF	1B	GNB5	O14775	0.3572	0.7617	Shared Physiological Complex Interface	1300.6	33.3	False		None	False		N/A	7EWP; 7EWR	30	4	3	5	0.152	-5.59	11	18	42.3	13.66	1	12	3559.9	19175.4	0	0	None	96	6	0.84	0.51
c4riboseqorf111_partner_02_FAM20B	GASK1B	uoORF	1B	FAM20B	O75063	0.3552	0.8258	Allosteric Regulatory Surface / Novel Epitope	1190.8	0.0	False	26.17	None	False	11.27	N/A	None	25	2	0	3	0.147	-9.92	10	17	43.5	16.8	0	16	2960.8	20497.3	1	7	None	0	0	0.86	0.37
c1riboseqorf248_partner_03_HSP90AA1	IVNS1ABP	uORF	1B	HSP90AA1	P07900	0.3584	0.5955	Known Macromolecular Subunit Competitor / Adaptor	2103.6	92.0	False		None	False	16.86	Interaction with NR3C1 (271-616); Interaction with FLCN and FNIP1 (284-732); Interaction with FNIP2 and TSC1 (284-620)	3Q6M; 3Q6N; 7KRJ; 7KW7; 7L7I; 7L7J; 7RXZ; 7RY1; 8FFV; 8FFW	51	5	1	8	0.12	-11.26	17	25	70.8	18.66	2	24	2719.6	43939.8	0	5	None	302	23	0.78	0.36
c17riboseqorf11_partner_03_RAB4A	SGSM2	uORF	1B	RAB4A	P20338	0.3535	0.7233	Active Site Cleft Occlusion / Proximal Inhibitor	1689.1	55.0	False		None	False	5.19	N/A	1Z0K	43	6	0	5	0.134	-9.31	16	20	48.5	15.27	0	19	3785.2	12655.3	0	29	None	21	11	0.76	0.43
c8riboseqorf34_partner_02_EXTL2	EXTL3	uORF	1B	EXTL2	Q9UBQ6	0.3553	0.6988	Active Site Cleft Occlusion / Proximal Inhibitor	2976.0	0.0	False	12.41	None	False	6.07	N/A	None	72	4	0	13	0.079	-24.2	35	26	54.7	16.6	1	38	5285.8	19202.7	1	22	None	0	0	0.8	0.43
c3norep158_partner_01_TDG	MBD4	intORF	1B	TDG	Q13569	0.3536	0.5828	Known Macromolecular Subunit Competitor / Adaptor	1702.5	66.7	False		None	False		N/A	1WYW; 2D07; 3UOB; 4FNC; 4JGC; 4XEG; 4Z3A; 4Z47; 4Z7B; 4Z7Z	41	4	1	9	0.13	-10.76	15	21	71.4	15.24	2	17	2329.8	25436.4	0	0	None	70	14	0.64	0.42
c3norep215_partner_05_HDAC3	TBL1XR1	uORF	2B	HDAC3	O15379	0.3524	0.862	Cofactor / Substrate Pocket Competitor	1478.0	0.0	False	7.07	None	True	2.38	Histone deacetylase (3-316)	None	33	7	1	5	0.145	-7.88	12	19	66.7	15.83	1	17	2279.2	18280.9	1	7	 (res 21);  (res 265)	20	0	0.87	0.31
c20norep82_partner_08_HDAC2	ADNP	intORF	1B	HDAC2	Q92769	0.3583	0.7386	Active Site Blocker / Competitive Decoy	2803.2	90.2	True	4.44	 (res 142)	True	3.11	Histone deacetylase (9-322); Disordered (389-488)	5IX0; 6WHN; 6WHO; 6WHQ; 6WHZ; 6WI3; 8BPA; 8BPB; 8BPC; 8C60	72	5	3	12	0.07	-6.69	25	41	38.5	16.51	0	36	6142.4	22936.1	1	15	 (res 179);  (res 179);  (res 188);  (res 191);  (res 194)	150	37	0.8	0.37
c7riboseqorf115_partner_02_CEPT1	TMEM168	uORF	1B	CEPT1	Q9Y6K0	0.3518	0.8469	Active Site Blocker / Competitive Decoy	2770.8	0.0	True	2.61	Proton acceptor (res 155)	True	2.54	N/A	None	81	5	2	13	0.093	-11.96	17	51	89.5	14.11	0	37	2267.3	22415.4	1	7	 (res 133);  (res 133);  (res 154);  (res 154);  (res 158)	9	0	0.81	0.3
c19norep268_partner_02_UBA3	UBE2M	intORF	1B	UBA3	Q8TBC4	0.3532	0.7475	Cofactor / Substrate Pocket Competitor	1710.7	66.7	False	44.7	None	True	3.07	Interaction with UBE2M N-terminus (53-70); Interaction with UBE2M N-terminus (157-161); Interaction with UBE2M N-terminus (192-217); Interaction with UBE2M N-terminus (331-338); Interaction with NEDD8 (352-357)	1R4M; 1R4N; 1TT5; 3DBH; 3DBL; 3DBR; 3GZN; 5JJM	43	7	0	10	0.105	-10.79	17	24	65.4	15.02	0	16	2993.5	25468.5	1	2	 (res 157);  (res 158);  (res 159);  (res 160)	160	16	0.82	0.36
c3norep214_partner_03_TBL1X	TBL1XR1	intORF	1B	TBL1X	O60907	0.3503	0.6333	Allosteric Regulatory Surface / Novel Epitope	2177.9	9.7	False		None	False		LisH (55-87); F-box-like (92-137)	2XTC; 2XTD; 2XTE	44	1	1	7	0.089	-20.64	16	31	66.7	20.41	3	24	2631.3	30095.6	0	0	None	32	3	0.77	0.32
c3norep202_partner_01_CTBP1	MECOM	intORF	1B	CTBP1	Q13363	0.3514	0.7256	Shared Physiological Complex Interface	1546.9	57.9	False	19.41	None	False	17.45	Interaction with GLIS2 1 (1-70)	8ARI; 9WRJ	41	6	1	5	0.135	-13.13	16	19	55.2	14.51	0	20	2624.4	21224.8	3	7	None	103	11	0.79	0.36
c5riboseqorf95_partner_04_YWHAG	FAM53C	uORF	1B	YWHAG	P61981	0.3462	0.877	Known Macromolecular Subunit Competitor / Adaptor	2042.5	100.0	False		None	False		Interaction with SPATA18/MIEAP (2-247); Required for interaction with SPATA18/MIEAP (isoform 2) but dispensable for binding to SPATA18/MIEAP (isoform 1) (2-166)	2B05; 3UZD; 4J6S; 4O46; 5D3E; 6A5S; 6BYJ; 6BYL; 6BZD; 6FEL	56	8	3	7	0.104	-12.33	18	30	81.8	13.61	0	27	2556.5	14444.3	0	0	None	73	30	0.88	0.34
c2norep211_partner_09_FHL2	TTN-AS1	lncRNA-ORF	4	FHL2	Q14192	0.3515	0.4558	Allosteric Regulatory Surface / Novel Epitope	7233.3	0.0	False		None	False		LIM zinc-binding 1 (40-92); LIM zinc-binding 2 (101-153); LIM zinc-binding 3 (162-212); LIM zinc-binding 4 (221-275)	None	193	19	1	25	0.034	-14.56	61	94	70.1	13.63	5	85	11072.8	20329.7	0	0	None	0	0	0.8	0.46
c1norep197_partner_03_ELANE	NOTCH2NLA	uORF	1B	ELANE	P08246	0.3457	0.712	Active Site Blocker / Competitive Decoy	3796.0	60.4	True	2.11	Charge relay system (res 70); Charge relay system (res 202)	False		Peptidase S1 (30-247)	1PPF; 1PPG; 4NZL; 4WVP; 8D4Q; 8D4U; 8D7I; 8D7K; 8G24; 8G25	111	19	3	8	0.055	-2.07	38	53	76.0	17.08	1	47	5503.3	15099.3	3	0	None	58	32	0.77	0.35
c8riboseqorf15_partner_02_CNOT4	CNOT7	uORF	1A	CNOT4	O95628	0.3503	0.3635	Allosteric Regulatory Surface / Novel Epitope	1392.5	28.6	False		None	False		N/A	1UR6	29	0	1	2	0.159	-2.09	13	14	33.3	14.77	0	21	4405.1	43023.7	0	0	None	20	4	0.57	0.59
c3norep215_partner_10_SKP1	TBL1XR1	uORF	2B	SKP1	P63208	0.3426	0.5937	Known Macromolecular Subunit Competitor / Adaptor	1949.8	100.0	False		None	False		Disordered (63-83); Interaction with the F-box domain of F-box proteins (104-163)	11XU; 1FQV; 1FS1; 1FS2; 1LDK; 1P22; 29HG; 29HH; 29HI; 2ASS	42	1	1	10	0.1	-9.22	15	28	83.3	14.18	0	21	2123.5	11072.1	0	0	None	120	28	0.62	0.43
c2norep228_partner_02_TOMM70	BZW1	intORF	1B	TOMM70	O94826	0.3439	0.7244	Known Macromolecular Subunit Competitor / Adaptor	2730.3	76.3	False		None	False		N/A	7DHG; 7KDT	70	3	5	15	0.102	-12.33	18	38	100.0	18.71	0	28	1953.1	32013.2	0	0	None	53	29	0.76	0.24
cXnorep10_partner_02_ACTG1	TMSB4X	dORF	1B	ACTG1	P63261	0.3433	0.8796	Known Macromolecular Subunit Competitor / Adaptor	1859.3	88.5	False		None	False		N/A	5JLH; 6CXI; 6CXJ; 6G2T; 7NVM; 8DNF	51	5	1	8	0.115	-8.72	17	26	77.3	16.14	3	22	2824.0	17322.9	0	0	None	157	23	0.88	0.36
c12riboseqorf108_partner_01_CNOT7	BTG1	uORF	1B	CNOT7	Q9UIV1	0.342	0.8548	Cofactor / Substrate Pocket Competitor	1910.4	69.0	False		None	True	1.78	N/A	7AX1; 7VOI; 9E7T	56	6	4	5	0.121	-5.84	16	29	69.6	15.12	0	29	2522.8	14202.8	0	6	 (res 40);  (res 40);  (res 42);  (res 161);  (res 230)	71	20	0.86	0.38
c3riboseqorf154_partner_07_PTBP1	MBNL1	uORF	1B	PTBP1	P26599	0.3417	0.396	Shared Physiological Complex Interface	1721.0	39.1	False		None	False		RRM 1 (59-143); RRM 2 (184-260)	3ZZY; 3ZZZ; 8BWF	39	4	0	9	0.121	-19.54	14	23	87.5	20.11	2	17	2058.7	28611.5	0	0	None	121	9	0.66	0.27
c19norep130_partner_02_NCLN	TMEM147-AS1	lncRNA-ORF	4	NCLN	Q969V3	0.3417	0.8176	Shared Physiological Complex Interface	2081.7	53.6	False		None	False		N/A	9C7U	49	7	0	5	0.109	-14.0	16	28	61.5	18.69	0	21	3181.0	28172.1	0	0	None	54	15	0.84	0.39
c1riboseqorf94_partner_04_CCND1	CDKN2C	uORF	1A	CCND1	P24385	0.3471	0.6082	Shared Physiological Complex Interface	4302.5	33.3	False		None	False		Cyclin N-terminal (28-152); Disordered (262-295)	2W96; 2W99; 2W9F; 2W9Z; 6P8E; 6P8F; 6P8G; 6P8H	104	8	5	18	0.046	-4.55	42	54	23.3	15.84	1	48	19488.6	18120.2	0	0	None	68	18	0.81	0.37
c2riboseqorf115_partner_01_FASTK	FASTKD1	uORF	1B	FASTK	Q14296	0.3414	0.6098	Allosteric Regulatory Surface / Novel Epitope	2483.7	0.0	False		None	False		RAP (477-535); Disordered (1-30)	None	56	6	4	13	0.125	-9.81	14	32	66.7	18.82	0	26	2594.2	30024.4	0	0	None	0	0	0.69	0.28
c18riboseqorf20_partner_03_LIMK2	ROCK1	uORF	1B	LIMK2	P53671	0.3416	0.4985	Allosteric Regulatory Surface / Novel Epitope	3598.8	5.8	False	22.74	None	False	11.72	LIM zinc-binding 1 (12-63); LIM zinc-binding 2 (72-124); PDZ (152-239); Protein kinase (331-608)	4TPT	94	16	1	12	0.095	-7.71	19	52	73.1	19.18	1	45	3569.8	38375.3	1	2	None	64	3	0.71	0.28
c4norep96_partner_02_CDK9	AFF1	intORF	1B	CDK9	P50750	0.3415	0.7763	Active Site Cleft Occlusion / Proximal Inhibitor	4000.9	44.0	False	18.27	None	False	5.26	Protein kinase (19-315)	3BLH; 3BLQ; 3BLR; 3LQ5; 3MI9; 3MIA; 3MY1; 3TN8; 3TNH; 3TNI	99	8	5	12	0.062	-0.39	32	50	55.2	17.04	0	50	7243.9	19547.5	1	4	None	38	22	0.8	0.41
c16riboseqorf69_partner_01_TRAF6	CYLD	uORF	1B	TRAF6	Q9Y4K3	0.3403	0.4114	Known Macromolecular Subunit Competitor / Adaptor	2760.4	78.1	False		None	False		MATH (350-499); Interaction with TAX1BP1 (1-354); Interaction with TANK (355-522)	1LB5; 1LB6; 3HCT; 3HCU; 4Z8M; 5ZUJ; 6A33	64	3	1	11	0.083	-7.56	24	32	77.4	21.83	0	35	3297.6	35293.3	0	0	None	50	25	0.78	0.39
c5riboseqorf143_partner_02_ACTB	LINC00847	lncRNA	1B	ACTB	P60709	0.3375	0.8932	Known Macromolecular Subunit Competitor / Adaptor	2024.2	100.0	False		None	False		N/A	3BYH; 3J82; 3LUE; 6ANU; 6LTJ; 6NBW; 7P1H; 7QJ6; 7QJ9; 7VDV	53	2	2	13	0.118	-13.39	18	25	75.0	16.04	0	26	2732.4	17311.1	0	0	None	264	25	0.9	0.37
c19riboseqorf151_partner_02_SETDB2	ZNF841	uORF	1B	SETDB2	Q96T68	0.3386	0.5322	Cofactor / Substrate Pocket Competitor	3127.0	0.0	False		None	True	2.29	Pre-SET (291-364); SET (367-694)	None	92	10	0	10	0.106	-22.27	18	48	94.7	19.91	2	49	2467.0	45933.1	0	20	 (res 377);  (res 378);  (res 379);  (res 648);  (res 651)	58	0	0.57	0.28
c1riboseqorf209_partner_08_DCAF12	DCAF8	uORF	1B	DCAF12	Q5T6F0	0.3376	0.7747	Known Macromolecular Subunit Competitor / Adaptor	1558.5	68.0	False		None	False		N/A	8AJM; 8AJO; 8T9A	47	9	3	5	0.134	-3.9	14	25	33.3	13.18	0	22	3927.9	24590.9	0	0	None	65	17	0.78	0.34
c16riboseqorf81_partner_02_EAF1	RSPRY1	uORF	1B	EAF1	Q96JC9	0.3372	0.3561	Known Macromolecular Subunit Competitor / Adaptor	2903.1	63.2	False		None	False		N/A	7OKX; 7OKY	73	8	2	13	0.074	-0.14	26	38	55.3	14.51	0	32	6203.1	27648.9	0	0	None	56	24	0.6	0.44
c12riboseqorf163_partner_03_GALNT2	ZNF664	uORF	1B	GALNT2	Q10471	0.3375	0.7865	Cofactor / Substrate Pocket Competitor	2639.6	72.2	False		None	True	1.44	Ricin B-type lectin (443-566); Catalytic subdomain A (135-240); Catalytic subdomain B (300-362)	2FFU; 4D0T; 4D0Z; 4D11; 5AJN; 5AJO; 5AJP; 5FV9; 5NDF; 6E7I	68	6	0	6	0.105	-12.12	18	36	69.2	17.89	3	43	2716.2	29506.3	0	11	 (res 224);  (res 226);  (res 331);  (res 359);  (res 362);  (res 365);  (res 367)	71	26	0.85	0.3
c17norep98_partner_02_ACTB	LINC00910	lncRNA	1B	ACTB	P60709	0.3347	0.8453	Known Macromolecular Subunit Competitor / Adaptor	3348.0	97.4	False		None	False		N/A	3BYH; 3J82; 3LUE; 6ANU; 6LTJ; 6NBW; 7P1H; 7QJ6; 7QJ9; 7VDV	79	9	2	11	0.063	-9.99	32	39	55.2	16.8	0	32	6942.9	17575.0	0	0	None	264	38	0.9	0.42
c16riboseqorf69_partner_03_TNFRSF1A	CYLD	uORF	1B	TNFRSF1A	P19438	0.3345	0.4051	Peripheral Surface Interaction	95.4	0.0	False		None	False		N/A	None	1	0	0	0	1.0	-9.52	1	1	3.2	15.22	0	0	3610.1	42497.5	0	0	None	138	0	0.84	0.63
c6riboseqorf90_partner_03_HSPA8	SNHG5	lncRNA	1B	HSPA8	P11142	0.3345	0.6059	Allosteric Regulatory Surface / Novel Epitope	2141.1	0.0	False		None	False	23.01	Substrate-binding domain (SBD) (394-509)	None	61	9	1	8	0.123	-18.24	16	31	66.7	17.41	0	27	3259.3	30240.6	0	12	None	38	0	0.82	0.32
c7norep106_partner_03_SEC13	POM121	uORF	1B	SEC13	P55735	0.3337	0.8531	Known Macromolecular Subunit Competitor / Adaptor	3445.7	63.5	False		None	False		N/A	3BG0; 3BG1; 7UHY; 9DX0; 9DX1; 9DX2; 9LVJ; 9LVK; 9LWF; 9OTI	91	11	2	12	0.097	-20.01	18	52	94.7	17.35	0	46	2887.8	16383.7	0	0	None	88	33	0.83	0.29
c16riboseqorf104_partner_08_HDAC1	PSKH1	uORF	1B	HDAC1	Q13547	0.3344	0.7601	Cofactor / Substrate Pocket Competitor	2186.4	71.0	False	6.5	None	True	4.06	Histone deacetylase (9-321); Disordered (390-482)	4BKX; 5ICN; 6Z2J; 6Z2K; 7AO8; 7AO9; 7AOA; 8VOJ; 8VPQ; 8VRT	48	8	3	2	0.103	2.26	15	31	45.5	15.37	0	22	3844.5	22475.3	1	6	 (res 178);  (res 270)	129	22	0.81	0.35
c8riboseqorf109_partner_01_C1GALT1	ST3GAL1	uORF	1B	C1GALT1	Q9NS00	0.3326	0.7596	Cofactor / Substrate Pocket Competitor	1883.4	0.0	False		None	True	2.66	N/A	None	49	5	0	10	0.118	-12.6	18	23	75.0	15.3	2	22	2341.3	21723.7	0	12	 (res 140);  (res 169);  (res 169);  (res 171);  (res 285);  (res 309);  (res 309);  (res 310)	0	0	0.8	0.3
c20norep25_partner_03_NDUFAF6	NDUFAF5	intORF	1B	NDUFAF6	Q330K2	0.331	0.7881	Allosteric Regulatory Surface / Novel Epitope	2086.1	0.0	False		None	False		N/A	None	43	7	0	6	0.115	-7.83	15	25	65.2	15.35	2	18	3224.4	18715.0	0	0	None	0	0	0.8	0.43
c2riboseqorf44_partner_03_E2F1	SERTAD2	intORF	1B	E2F1	Q01094	0.3335	0.2716	Known Macromolecular Subunit Competitor / Adaptor	2126.8	75.0	False		None	False		Required for interaction with TRIM28 (192-382); Dimerization (195-284); Disordered (300-349)	2AZE	54	7	0	12	0.121	-17.89	16	28	45.7	14.78	0	20	4557.9	43863.0	0	0	None	104	21	0.63	0.47
c16riboseqorf91_partner_03_GUSB	CES2	uORF	1B	GUSB	P08236	0.3309	0.902	Active Site Blocker / Competitive Decoy	5070.4	10.4	True	3.22	Proton donor (res 451)	False		N/A	1BHG; 3HN3	150	24	3	6	0.051	-5.11	38	77	90.5	20.17	2	80	5036.2	27248.2	1	0	None	98	8	0.9	0.28
c12norep55_partner_01_SCTR	ANO6	uORF	1B	SCTR	P47872	0.3283	0.6695	Known Macromolecular Subunit Competitor / Adaptor	2998.0	60.5	False		None	False		N/A	6WI9; 6WZG; 7D3S	68	2	3	15	0.072	-12.29	22	43	95.7	17.55	0	25	2508.8	27345.7	0	0	None	78	26	0.69	0.35
c19riboseqorf83_partner_03_CDC23	ZNF146	uORF	1B	CDC23	Q9UJX2	0.3294	0.7146	Known Macromolecular Subunit Competitor / Adaptor	2936.2	91.2	False		None	False		N/A	4UI9; 5A31; 5G04; 5G05; 5LCW; 6Q6G; 6Q6H; 6TLJ; 6TM5; 6TNT	69	9	5	4	0.113	-10.44	18	34	78.3	18.55	3	38	2597.8	31929.5	0	0	None	262	31	0.8	0.26
c11riboseqorf112_partner_08_ZMYND11	EMSY	uoORF	1B	ZMYND11	Q15326	0.3337	0.5467	Known Macromolecular Subunit Competitor / Adaptor	2643.2	66.7	False		None	False	16.51	SAMD1-like winged helix (WH) (6-82); Interaction with human adenovirus E1A (452-572)	5HDA; 9LOA; 9LP4; 9VC7	65	11	2	4	0.087	-6.33	25	30	27.5	17.93	2	32	7814.4	43436.0	0	12	None	118	20	0.74	0.44
c1riboseqorf39_partner_09_ACTB	HNRNPR	intORF	1B	ACTB	P60709	0.3261	0.8517	Known Macromolecular Subunit Competitor / Adaptor	2979.3	86.8	False		None	False		N/A	3BYH; 3J82; 3LUE; 6ANU; 6LTJ; 6NBW; 7P1H; 7QJ6; 7QJ9; 7VDV	64	8	1	13	0.073	-13.67	23	38	51.1	19.52	1	29	5286.0	17242.5	0	0	None	264	33	0.88	0.38
c4riboseqorf57_partner_02_SEC13	SEC31A	uORF	1B	SEC13	P55735	0.3272	0.7974	Known Macromolecular Subunit Competitor / Adaptor	4243.8	70.8	False		None	False		N/A	3BG0; 3BG1; 7UHY; 9DX0; 9DX1; 9DX2; 9LVJ; 9LVK; 9LWF; 9OTI	113	20	3	12	0.05	-3.78	35	65	67.3	15.63	2	55	5306.8	16726.6	0	0	None	88	46	0.82	0.33
c14norep90_partner_02_TUBA1A	VASH1	intORF	1B	TUBA1A	Q71U36	0.3306	0.7819	Active Site Blocker / Competitive Decoy	6579.8	64.0	True	4.3	 (res 254)	True	1.99	Disordered (432-451)	22AJ; 22AK; 5JCO; 6WSL; 7UN1; 8SH7; 9OX7; 9WD7; 9WD9; 9WDA	182	18	4	18	0.031	-25.28	66	89	61.1	24.45	1	101	11215.9	20178.2	1	9	 (res 11);  (res 71);  (res 71);  (res 179)	167	57	0.84	0.27
c16norep37_partner_04_MAP3K2	ENSG00000260592	lncRNA-ORF	4	MAP3K2	Q9Y2U5	0.3294	0.4369	Allosteric Regulatory Surface / Novel Epitope	3188.7	9.4	False	33.68	None	False	20.81	PB1 (43-122)	5EX0; 5HQ8; 6LDV; 6LDW; 6LDX; 6LDY	74	6	1	20	0.068	-7.61	34	32	55.7	21.55	1	29	5244.3	42943.8	1	2	None	20	3	0.58	0.37
c15riboseqorf48_partner_01_ZWINT	ZWILCH	intORF	1B	ZWINT	O95229	0.3252	0.402	Peripheral Surface Interaction	515.1	0.0	False		None	False		N/A	None	11	0	0	2	0.314	-9.68	7	5	33.3	11.47	0	1	2799.2	26185.4	0	0	None	22	0	0.71	0.56
c1norep72_partner_01_RANGAP1	ADGRB2	uORF	1B	RANGAP1	P46060	0.3221	0.6169	Shared Physiological Complex Interface	1859.3	51.7	False		None	False		Disordered (357-430)	9B62	48	6	2	0	0.118	-3.0	14	29	87.5	20.12	0	28	2028.9	30899.8	0	0	None	140	15	0.83	0.27
c7riboseqorf43_partner_02_ACAD9	COA1	uoORF	1B	ACAD9	Q9H845	0.3259	0.864	Active Site Blocker / Competitive Decoy	2952.1	66.7	True	3.72	Proton acceptor (res 426)	False		N/A	8PHE; 8PHF	64	4	0	18	0.075	-12.37	22	39	88.0	19.26	0	34	2810.4	31014.0	1	0	None	138	26	0.85	0.28
c22riboseqorf24_partner_01_PODXL2	TPST2	uORF	1B	PODXL2	Q9NZ53	0.321	0.2432	Allosteric Regulatory Surface / Novel Epitope	1046.4	0.0	False		None	False		N/A	None	27	2	1	6	0.159	-11.23	10	17	55.6	18.22	0	13	2282.4	66526.1	0	0	None	0	0	0.64	0.51
c22riboseqorf54_partner_02_ACTB	PRR34-AS1	lncRNA	1B	ACTB	P60709	0.321	0.8764	Known Macromolecular Subunit Competitor / Adaptor	1612.3	100.0	False		None	False		N/A	3BYH; 3J82; 3LUE; 6ANU; 6LTJ; 6NBW; 7P1H; 7QJ6; 7QJ9; 7VDV	41	2	0	5	0.119	-9.05	15	23	65.2	15.93	2	22	2419.9	17390.2	0	0	None	264	23	0.88	0.33
c15norep8_partner_01_PCSK2	SCG5	intORF	1B	PCSK2	P16519	0.321	0.8079	Active Site Blocker / Competitive Decoy	2422.2	0.0	True	4.77	Charge relay system (res 208)	False		Peptidase S8 (129-453)	None	78	10	2	3	0.135	-10.18	16	36	94.1	27.15	0	40	2516.5	25072.9	3	0	None	0	0	0.88	0.23
c10norep73_partner_03_MAPK8IP1	MAPK8	uORF	1B	MAPK8IP1	Q9UQF2	0.3216	0.4054	Known Macromolecular Subunit Competitor / Adaptor	1300.5	61.9	False		None	False		SH3 (488-549); Disordered (1-27); Disordered (78-371); Interaction with MAP3K7 (283-471); Interaction with VRK2 (471-660)	7NYK; 7NYL; 7NYM; 7NYN; 7NYO; 7NZB; 8RPP	37	4	4	2	0.16	-1.88	11	21	45.8	20.98	0	23	2708.0	35076.2	0	0	None	33	13	0.47	0.42
c6norep27_partner_01_NAA50	SMIM13	uORF	1B	NAA50	Q9GZZ1	0.3185	0.7962	Active Site Blocker / Competitive Decoy	1719.8	42.3	True	2.79	 (res 73);  (res 112)	True	2.38	N-acetyltransferase (6-155)	3TFY; 4X5K; 6WF3; 6WF5	57	9	0	3	0.183	-22.29	12	26	60.0	9.85	0	30	2556.8	11114.9	2	5	 (res 31);  (res 75);  (res 77);  (res 78);  (res 79);  (res 84);  (res 85);  (res 89);  (res 117);  (res 118);  (res 119);  (res 120);  (res 123);  (res 124);  (res 138);  (res 139);  (res 140)	37	11	0.83	0.37
c19norep130_partner_10_CALR	TMEM147-AS1	lncRNA-ORF	4	CALR	P27797	0.32	0.728	Cofactor / Substrate Pocket Competitor	1184.9	20.0	False		None	True	1.87	N-domain (18-197); C-domain (309-417)	5LK5; 8TZO; 8TZR	29	2	1	5	0.145	-12.31	10	20	38.5	12.49	0	11	3097.2	28128.6	0	9	 (res 109);  (res 111);  (res 128);  (res 135);  (res 317)	105	4	0.87	0.38
c11riboseqorf96_partner_01_VAPB	PITPNM1	uORF	1B	VAPB	O95292	0.316	0.4492	Shared Physiological Complex Interface	1180.5	35.3	False		None	False		MSP (7-124)	3IKK	33	5	0	1	0.194	-11.85	10	17	27.0	7.8	0	16	4764.1	20235.8	0	0	None	12	6	0.7	0.65
c18riboseqorf19_partner_03_GDI2	RAB31	uoORF	1B	GDI2	P50395	0.3183	0.8697	Allosteric Regulatory Surface / Novel Epitope	3852.9	0.0	False		None	False		N/A	None	103	15	1	13	0.062	-10.21	33	50	76.7	17.82	1	48	5191.8	20805.8	0	0	None	0	0	0.89	0.32
c6riboseqorf68_partner_03_NR5A1	TRERF1	uORF	1B	NR5A1	Q13285	0.319	0.6331	Active Site Cleft Occlusion / Proximal Inhibitor	3502.6	29.5	False		None	False	5.53	NR LBD (222-459); Important for dimerization (230-461)	1YOW; 1ZDT; 4QJR; 4QK4; 7KHT; 8DAF	96	11	0	12	0.064	-13.07	34	44	47.2	21.08	1	51	7693.6	26235.4	0	6	None	15	13	0.72	0.39
c22riboseqorf36_partner_02_FKTN	LARGE1	uORF	1B	FKTN	O75072	0.3123	0.8166	Allosteric Regulatory Surface / Novel Epitope	2203.7	0.0	False		None	False		N/A	None	49	2	2	8	0.113	1.22	14	31	82.4	17.03	1	24	2443.7	26340.5	0	0	None	0	0	0.85	0.27
c20norep82_partner_06_ZNF597	ADNP	intORF	1B	ZNF597	Q96LX8	0.3159	0.1837	Allosteric Regulatory Surface / Novel Epitope	8159.2	0.0	False		None	False		KRAB (14-88)	None	241	28	5	30	0.038	-26.78	60	105	92.3	22.1	2	119	5901.5	26298.8	0	0	None	0	0	0.42	0.39
c2riboseqorf120_partner_01_MAP2K7	MAP3K20	uoORF	1B	MAP2K7	O14733	0.313	0.6556	Allosteric Regulatory Surface / Novel Epitope	3642.6	0.0	False	15.78	None	False	10.24	Protein kinase (120-380); Disordered (18-76)	None	87	8	0	14	0.062	-2.12	34	41	75.6	19.21	2	48	4483.5	24002.0	1	2	None	9	0	0.68	0.4
c14norep48_partner_01_GNB1	GNG2	uORF	1B	GNB1	P62873	0.3134	0.8425	Known Macromolecular Subunit Competitor / Adaptor	1563.6	100.0	False		None	False		N/A	10JA; 10JB; 12IZ; 12JA; 20YC; 20ZC; 20ZD; 20ZG; 20ZH; 20ZI	32	2	3	4	0.137	-4.22	13	18	50.0	14.4	0	16	2988.1	15819.1	0	0	None	213	18	0.88	0.37
c7riboseqorf58_partner_03_LCMT2	TYW1	uORF	1B	LCMT2	O60294	0.3122	0.9036	Active Site Cleft Occlusion / Proximal Inhibitor	1832.9	0.0	False	5.86	None	False	6.37	Disordered (1-21)	None	55	9	0	7	0.128	-17.29	13	33	76.5	20.68	0	25	1916.5	28761.7	2	14	None	0	0	0.85	0.22
c14riboseqorf81_partner_08_YWHAH	NUMB	uORF	1B	YWHAH	Q04917	0.312	0.8586	Known Macromolecular Subunit Competitor / Adaptor	2252.0	87.1	False		None	False		N/A	2C63; 2C74; 7NMZ; 9R2I; 9R2N	64	8	2	5	0.086	-14.38	24	31	75.0	12.87	0	29	3561.3	14527.0	0	0	None	70	27	0.88	0.33
c1riboseqorf238_partner_03_TOR3A	TOR1AIP2	uORF	1B	TOR3A	Q9H497	0.311	0.6824	Cofactor / Substrate Pocket Competitor	1714.2	0.0	False		None	True	2.98	N/A	None	37	6	1	1	0.14	-13.42	11	24	45.8	15.89	1	16	2890.4	23851.6	0	1	 (res 169);  (res 170);  (res 171);  (res 172);  (res 173);  (res 174)	0	0	0.74	0.4
c1norep113_partner_02_CMPK2	CMPK1	intORF	1B	CMPK2	Q5EBM0	0.3112	0.8255	Cofactor / Substrate Pocket Competitor	2388.9	0.0	False		None	True	3.43	N/A	None	50	3	2	4	0.081	-7.89	20	31	50.0	14.93	1	26	4663.1	21961.4	0	1	 (res 259);  (res 260);  (res 261);  (res 262)	0	0	0.81	0.38
c20riboseqorf49_partner_01_SLC35C1	SLC35C2	uORF	1B	SLC35C1	Q96A29	0.3103	0.7331	Allosteric Regulatory Surface / Novel Epitope	2840.8	0.0	False		None	False		N/A	None	69	4	0	9	0.076	-23.13	19	48	82.6	15.86	0	39	2505.8	21176.8	0	0	None	0	0	0.76	0.3
c2riboseqorf96_partner_01_YWHAZ	R3HDM1	uORF	1B	YWHAZ	P63104	0.3098	0.8845	Known Macromolecular Subunit Competitor / Adaptor	2006.0	100.0	False		None	False		N/A	1IB1; 1QJA; 1QJB; 2C1J; 2C1N; 2O02; 2WH0; 3CU8; 3NKX; 4BG6	52	8	2	9	0.105	-17.69	15	33	88.2	14.77	1	25	2067.0	13965.4	0	0	None	98	33	0.89	0.3
c16riboseqorf104_partner_01_PSKH1	PSKH1	uORF	1B	PSKH1	P11801	0.3105	0.6701	Active Site Cleft Occlusion / Proximal Inhibitor	2298.5	0.0	False	5.97	None	False	5.15	Protein kinase (98-355); Disordered (378-407)	None	55	5	1	6	0.082	-3.76	21	32	63.6	21.86	1	30	3579.1	22907.6	1	2	None	0	0	0.69	0.4
c7riboseqorf64_partner_04_TMEM120A	TMEM60	uoORF	1B	TMEM120A	Q9BXJ8	0.3107	0.6986	Cofactor / Substrate Pocket Competitor	4629.0	1.6	False		None	True	2.52	N/A	7F3T; 7F6V; 7N7P	138	15	4	19	0.052	-14.95	42	63	55.3	16.63	1	68	6120.9	22435.3	0	8	 (res 130);  (res 187);  (res 188);  (res 237);  (res 240);  (res 241);  (res 283);  (res 332)	69	1	0.79	0.32
c10riboseqorf73_partner_02_SPOP	PTEN	uORF	1B	SPOP	O43791	0.3102	0.4763	Known Macromolecular Subunit Competitor / Adaptor	1064.6	100.0	False		None	False		MATH (31-161); Required for nuclear localization (71-191); Important for binding substrate proteins (123-133)	3HQH; 3HQI; 3HQL; 3HQM; 3HU6; 3IVB; 3IVQ; 3IVV; 4O1V; 6F8F	33	5	0	3	0.162	-14.57	12	17	26.7	8.82	0	17	5549.3	22782.5	0	0	None	222	17	0.84	0.38
c16riboseqorf104_partner_02_LCAT	PSKH1	uORF	1B	LCAT	P04180	0.3096	0.8092	Active Site Blocker / Competitive Decoy	2655.4	34.3	True	2.34	Nucleophile (res 205); Charge relay system (res 401)	False		N/A	4XWG; 4XX1; 5BV7	63	3	0	17	0.078	-6.53	23	35	69.7	18.59	0	30	4136.3	20975.1	3	0	None	44	12	0.82	0.39
c20riboseqorf31_partner_03_NUMB	ITCH	uORF	2B	NUMB	P49757	0.3072	0.2955	Allosteric Regulatory Surface / Novel Epitope	1387.0	26.7	False		None	False		PID (33-193)	5NJJ; 5NJK	23	0	2	4	0.17	-8.14	9	15	56.2	23.0	1	12	2383.9	56701.0	0	0	None	18	4	0.52	0.38
c8riboseqorf15_partner_05_CNOT6	CNOT7	uORF	1A	CNOT6	Q9ULM6	0.3079	0.8414	Cofactor / Substrate Pocket Competitor	2705.6	12.1	False	6.29	None	True	2.34	Nuclease domain (153-557)	7AX1	66	5	5	8	0.071	-5.5	28	33	71.8	18.08	0	30	4501.7	26671.9	1	9	 (res 240);  (res 240);  (res 366);  (res 414);  (res 481);  (res 486)	26	4	0.85	0.34
c2riboseqorf138_partner_03_GCDH	UBE2E3	uORF	1B	GCDH	Q92947	0.3098	0.8091	Cofactor / Substrate Pocket Competitor	3502.2	8.7	False	22.47	None	True	2.94	N/A	1SIQ; 1SIR; 2R0M	90	7	1	14	0.065	-5.83	30	46	52.6	18.38	1	45	6434.7	21986.7	1	11	 (res 319)	87	4	0.85	0.38
c3riboseqorf183_partner_04_TBX21	BCL6	uORF	4	TBX21	Q9UL17	0.3064	0.4103	Allosteric Regulatory Surface / Novel Epitope	1475.9	0.0	False		None	False		Disordered (449-535)	None	38	7	0	4	0.165	-7.26	11	21	57.9	18.69	0	19	2527.2	30551.9	0	0	None	0	0	0.53	0.36
c11norep30_partner_10_EIF4E2	EIF4G2	intORF	1B	EIF4E2	O60573	0.3071	0.614	Known Macromolecular Subunit Competitor / Adaptor	2124.0	90.9	False		None	False	10.16	EIF4EBP1/2/3 binding (54-57); EIF4EBP1/2/3 binding (95-99); EIF4EBP1/2/3 binding (150-157)	2JGB; 2JGC; 5NVK; 5NVL; 5NVM; 5NVN; 5XLN	43	4	1	11	0.103	-7.16	19	22	25.7	12.48	2	18	8504.6	18611.4	0	5	None	47	20	0.72	0.47
c1riboseqorf209_partner_06_DCAF11	DCAF8	uORF	1B	DCAF11	Q8TEB1	0.3065	0.7083	Allosteric Regulatory Surface / Novel Epitope	3537.8	11.8	False		None	False		N/A	9PTU	96	20	7	10	0.067	0.18	28	51	66.7	15.89	0	37	4774.5	28110.6	0	0	None	64	6	0.74	0.34
c11norep88_partner_02_TBCB	PPP1R14B-AS1	lncRNA	1B	TBCB	Q99426	0.3048	0.5058	Peripheral Surface Interaction	799.0	0.0	False		None	False		CAP-Gly (183-225)	None	25	4	0	2	0.385	-14.64	5	13	20.0	7.69	0	12	3077.9	16836.4	0	0	None	0	0	0.68	0.44
c14riboseqorf81_partner_04_DPYSL2	NUMB	uORF	1B	DPYSL2	Q16555	0.3054	0.8351	Shared Physiological Complex Interface	2698.7	31.6	False		None	False		N/A	2GSE; 2VM8; 5LXX; 5MKV; 5X1A; 5X1C; 5X1D; 5YZA; 6JV9; 6JVB	79	11	1	8	0.08	-15.65	26	38	81.2	20.95	0	47	3958.2	25852.8	0	0	None	95	12	0.86	0.31
c12riboseqorf72_partner_01_ASB6	RNF41	uORF	1B	ASB6	Q9NWX5	0.3043	0.7902	Allosteric Regulatory Surface / Novel Epitope	1831.5	0.0	False		None	False		SOCS box (360-415)	None	44	5	0	8	0.143	-10.96	14	22	66.7	20.48	5	19	2203.1	22805.1	0	0	None	0	0	0.8	0.33
c7norep197_partner_01_CAPZA1	MTPN	doORF	1B	CAPZA1	P52907	0.3047	0.7223	Known Macromolecular Subunit Competitor / Adaptor	4460.5	83.3	False		None	False		N/A	1MQ1; 1MWN; 7T5Q; 8F8Q; 9B7J; 9B85; 9EC0; 9Y9L; 9Y9M; 9YIM	98	13	2	15	0.054	-6.45	38	48	46.9	16.38	1	45	7178.9	17777.1	0	0	None	116	40	0.79	0.37
c6riboseqorf41_partner_02_ABHD16A	PRRC2A	uoORF	1B	ABHD16A	O95870	0.3046	0.8449	Active Site Blocker / Competitive Decoy	2767.4	0.0	True	4.13	Charge relay system (res 355)	False		AB hydrolase-1 (281-407)	None	64	4	0	9	0.08	-6.75	20	40	71.4	20.15	0	35	3228.4	29116.4	3	0	None	0	0	0.82	0.31
c13riboseqorf59_partner_01_MAGOH	UPF3A	intORF	1B	MAGOH	P61326	0.3033	0.7027	Known Macromolecular Subunit Competitor / Adaptor	1677.2	88.5	False		None	False		N/A	1P27; 2HYI; 2J0Q; 2J0S; 2XB2; 7A5P; 7ZNJ; 8I0W; 9XTT; 9XU3	46	3	0	9	0.126	-16.36	14	26	53.8	14.11	1	21	2601.6	8931.7	0	0	None	70	23	0.7	0.42
c9norep116_partner_03_HSPA8	MIR181A2HG	lncRNA-ORF	2B	HSPA8	P11142	0.3047	0.5858	Allosteric Regulatory Surface / Novel Epitope	6148.1	0.0	False		None	False	11.96	Nucleotide-binding domain (NBD) (2-386); Interaction with BAG1 (186-377); Substrate-binding domain (SBD) (394-509)	None	179	34	3	16	0.047	-13.49	46	82	83.6	21.1	0	91	5974.9	33581.4	0	12	None	38	0	0.81	0.3
c22riboseqorf36_partner_01_B4GAT1	LARGE1	uORF	1B	B4GAT1	O43505	0.3032	0.8076	Cofactor / Substrate Pocket Competitor	2614.8	0.0	False		None	True	2.15	N/A	None	69	8	5	8	0.124	-5.87	15	37	88.2	17.46	1	31	2448.5	22034.4	0	2	 (res 227);  (res 229)	0	0	0.81	0.28
c7riboseqorf18_partner_05_SNX17	SNX13	uORF	1B	SNX17	Q15036	0.3037	0.7395	Shared Physiological Complex Interface	3134.1	52.4	False		None	False	8.43	PX (1-109); FERM-like (115-432); PTB-like F3 module (270-432); Interacts with the retriever complex (458-470)	4GXB; 4TKN; 9AU7	78	1	2	7	0.06	-3.39	31	42	59.6	18.71	0	45	5278.3	25667.7	0	4	None	29	22	0.76	0.39
c20norep33_partner_02_TBCE	ENSG00000275457	lncRNA-ORF	4	TBCE	Q15813	0.303	0.7416	Shared Physiological Complex Interface	1956.8	53.8	False		None	False		N/A	9M1L; 9M1M	47	4	3	4	0.1	-11.26	18	26	62.1	18.02	1	28	2991.4	28381.2	0	0	None	90	14	0.83	0.26
c3norep215_partner_08_BCL6	TBL1XR1	uORF	2B	BCL6	P41182	0.3011	0.266	Known Macromolecular Subunit Competitor / Adaptor	1932.3	80.0	False		None	False		BTB (32-99)	1R28; 1R29; 1R2B; 3BIM; 3E4U; 3LBZ; 4CP3; 5H7G; 5H7H; 5MW2	45	5	0	7	0.138	-12.25	13	25	72.2	22.54	2	22	2648.6	56697.6	0	0	None	107	20	0.54	0.36
c5riboseqorf128_partner_03_TAMM41	PRELID1	uORF	1B	TAMM41	Q96BW9	0.3	0.6386	Allosteric Regulatory Surface / Novel Epitope	2034.3	0.0	False		None	False		N/A	None	50	9	1	7	0.132	-14.58	14	27	82.4	18.23	0	21	1643.8	23802.2	0	0	None	0	0	0.65	0.37
c19norep3_partner_01_GET4	RNF126	intORF	1B	GET4	Q7L5D6	0.3022	0.7355	Known Macromolecular Subunit Competitor / Adaptor	2471.8	78.1	False		None	False		Interacts with BAG6 (195-271)	6AU8; 7RU9; 7RUA; 7RUC	65	8	2	5	0.078	-3.78	26	32	45.6	15.52	4	34	4862.4	18739.8	0	0	None	72	25	0.81	0.33
c15riboseqorf70_partner_03_PXN	CSK	uORF	1B	PXN	P49023	0.301	0.3109	Allosteric Regulatory Surface / Novel Epitope	2473.2	5.7	False		None	False		LIM zinc-binding 1 (356-415); LIM zinc-binding 2 (416-473); Disordered (159-260); Required for binding to PARVA and ILK (262-315)	1OW6; 1OW7; 2VZI; 3GM1; 3RQG; 3U3F; 5UWH; 6IUI	69	10	1	11	0.11	-18.45	18	35	66.7	23.89	0	32	3641.6	51250.1	0	0	None	60	2	0.64	0.43
c9riboseqorf81_partner_02_PLIN3	RABEPK	uORF	1B	PLIN3	O60664	0.2987	0.3782	Allosteric Regulatory Surface / Novel Epitope	2071.3	0.0	False		None	False		Disordered (1-22)	None	50	4	1	3	0.093	-8.04	18	30	85.7	24.39	0	29	2222.5	27888.8	0	0	None	0	0	0.56	0.37
c16riboseqorf58_partner_06_VPS72	SRCAP	uoORF	1B	VPS72	Q15906	0.2997	0.2577	Known Macromolecular Subunit Competitor / Adaptor	1295.9	93.3	False		None	False		N/A	8QR1; 8X15; 8X19; 8X1C; 8XVG; 8XVT; 9C57; 9C62; 9CA7; 9CA8	33	6	0	6	0.169	-17.23	13	15	21.0	9.19	0	9	8601.4	41582.2	0	0	None	208	14	0.73	0.58
c12riboseqorf13_partner_10_ADCK1	ENSG00000272173	lncRNA-ORF	2B	ADCK1	Q86TW2	0.3	0.7198	Allosteric Regulatory Surface / Novel Epitope	1957.0	0.0	False	23.35	None	False	28.72	Protein kinase (155-467)	None	49	4	0	9	0.101	-20.46	21	23	36.8	17.76	2	21	4913.6	27233.8	1	2	None	0	0	0.78	0.37
c19norep21_partner_01_MAPK1	MAP2K2	intORF	1B	MAPK1	P28482	0.2975	0.8794	Active Site Blocker / Competitive Decoy	2795.7	50.0	True	4.37	Proton acceptor (res 149)	True	2.42	Protein kinase (25-313)	2Y9Q; 3TEI; 4FMQ; 4H3P; 4H3Q; 4IZ5; 4NIF; 5AX3; 5V61; 5V62	85	10	0	7	0.096	-16.08	21	42	65.6	17.28	1	46	3289.3	17906.5	1	2	 (res 31);  (res 32);  (res 33);  (res 34);  (res 35);  (res 36);  (res 37);  (res 38);  (res 39);  (res 54)	71	21	0.88	0.32
c16norep119_partner_02_CDKN1A	ZFHX3-AS1	lncRNA-ORF	4	CDKN1A	P38936	0.2992	0.2639	Known Macromolecular Subunit Competitor / Adaptor	958.8	66.7	False		None	False		Required for binding CDKs (53-58)	6P8H	20	4	0	3	0.37	-5.34	6	9	3.9	4.53	0	10	14099.8	20847.8	0	0	None	50	6	0.77	0.5
c15riboseqorf76_partner_01_SHC1	PEAK1	uORF	1B	SHC1	P29353	0.2972	0.3485	Shared Physiological Complex Interface	2561.0	43.2	False		None	False		PID (156-339); Disordered (1-92)	1SHC; 2L1C	63	6	2	10	0.114	-6.82	15	37	71.4	18.21	0	33	2941.4	38417.0	0	0	None	74	16	0.54	0.31
c2riboseqorf96_partner_02_UBXN4	R3HDM1	uORF	1B	UBXN4	Q92575	0.2971	0.2724	Peripheral Surface Interaction	613.6	0.0	False		None	False		Interaction with UBQLN1 (1-200)	None	13	0	0	8	0.433	-11.03	3	10	17.6	13.72	1	2	2680.6	47637.6	0	0	None	0	0	0.69	0.59
c12riboseqorf13_partner_09_TBCE	ENSG00000272173	lncRNA-ORF	2B	TBCE	Q15813	0.2988	0.7163	Shared Physiological Complex Interface	3236.1	35.6	False		None	False		CAP-Gly (27-71); LRRCT (342-384)	9M1L; 9M1M	79	8	3	8	0.055	-8.07	32	45	56.1	18.23	1	47	5824.3	29074.1	0	0	None	90	16	0.82	0.31
c11riboseqorf131_partner_01_TRMT112	ALKBH8	uORF	1B	TRMT112	Q9UI30	0.2967	0.8107	Allosteric Regulatory Surface / Novel Epitope	1219.5	20.0	False		None	False		TRM112 (2-119)	6H2U; 6H2V; 7WTV; 8CNC; 9FKG; 9FKW; 9OHL	32	4	0	7	0.178	-10.25	12	15	66.7	12.05	0	14	2276.9	7607.1	0	0	None	36	3	0.87	0.49
c6riboseqorf90_partner_02_ACTB	SNHG5	lncRNA	1B	ACTB	P60709	0.2951	0.8829	Known Macromolecular Subunit Competitor / Adaptor	1939.0	100.0	False		None	False		N/A	3BYH; 3J82; 3LUE; 6ANU; 6LTJ; 6NBW; 7P1H; 7QJ6; 7QJ9; 7VDV	49	3	1	4	0.113	-14.2	18	24	75.0	17.23	0	28	2883.2	16986.0	0	0	None	264	24	0.89	0.34
c22norep57_partner_02_RFNG	MFNG	uORF	1B	RFNG	Q9Y644	0.2962	0.761	Active Site Blocker / Competitive Decoy	3308.0	0.0	True	1.91	 (res 237)	True	2.56	N/A	None	90	15	0	7	0.072	-10.77	27	46	81.8	16.08	0	51	3536.7	19296.9	1	4	 (res 74);  (res 147);  (res 148);  (res 261)	0	0	0.81	0.36
c4norep96_partner_01_MLLT1	AFF1	intORF	1B	MLLT1	Q03111	0.297	0.3187	Allosteric Regulatory Surface / Novel Epitope	5892.5	22.5	False		None	False		YEATS (1-138); Acylated histone binding (56-58); Acylated histone binding (78-80); Disordered (147-484)	5J9S; 7E74; 7E7C; 7X88; 7X8B; 7X8F; 7X8G; 9DUR; 9EHI	146	11	3	15	0.044	-10.66	47	71	81.0	18.95	2	74	7603.2	54684.6	0	0	None	29	16	0.6	0.32
c1norep182_partner_01_ERV3-1	IGSF3	uORF	1B	ERV3-1	Q14264	0.2957	0.3544	Allosteric Regulatory Surface / Novel Epitope	4773.1	0.0	False		None	False		N/A	None	121	10	5	21	0.059	-21.43	30	68	85.7	21.01	2	55	4704.2	33033.6	0	0	None	0	0	0.48	0.28
c1norep185_partner_10_GARS1	WARS2-AS1	lncRNA-ORF	4	GARS1	P41250	0.2955	0.8084	Cofactor / Substrate Pocket Competitor	2735.0	20.0	False		None	True	2.3	WHEP-TRS (63-119)	2PME; 2PMF; 2Q5H; 2Q5I; 2ZT5; 2ZT6; 2ZT7; 2ZT8; 2ZXF; 4KQE	73	4	6	4	0.074	-1.89	22	45	84.6	19.26	0	38	3758.2	38613.0	0	7	 (res 331);  (res 333);  (res 342);  (res 583)	133	9	0.83	0.21
c12riboseqorf15_partner_03_HPX	C1RL	uoORF	1B	HPX	P02790	0.2962	0.5801	Cofactor / Substrate Pocket Competitor	4296.2	0.0	False		None	True	1.82	Disordered (29-48); O-glycosylated at one site (30-40)	None	126	14	3	8	0.053	-5.26	40	59	71.4	21.52	1	66	4726.9	21476.3	0	4	axial binding residue (res 79); axial binding residue (res 236)	0	0	0.76	0.29
c6norep27_partner_02_NAA60	SMIM13	uORF	1B	NAA60	Q9H7X0	0.2928	0.7216	Active Site Blocker / Competitive Decoy	2220.7	40.5	True	2.14	 (res 97);  (res 138)	True	2.55	N-acetyltransferase (13-182); Required for homodimerization (162-173)	5HH0; 5HH1; 5ICV; 5ICW	68	12	0	10	0.123	-15.58	15	37	75.0	13.15	0	34	2171.5	16478.6	2	7	 (res 38);  (res 99);  (res 101);  (res 102);  (res 103);  (res 109);  (res 113);  (res 143);  (res 150);  (res 165)	28	15	0.79	0.33
c5riboseqorf68_partner_03_BMPR1B	RGMB	uORF	1B	BMPR1B	O00238	0.2939	0.6357	Active Site Cleft Occlusion / Proximal Inhibitor	1679.3	52.6	False	15.8	None	False	7.17	GS (174-203); Protein kinase (204-494)	3MDY	42	3	1	11	0.13	-4.17	17	19	53.1	17.62	0	17	3242.0	29396.3	1	2	None	19	10	0.79	0.36
c11riboseqorf131_partner_03_ALKBH2	ALKBH8	uORF	1B	ALKBH2	Q6NS38	0.2925	0.7233	Cofactor / Substrate Pocket Competitor	1574.4	64.0	False		None	True	2.54	Fe2OG dioxygenase (152-257)	3BTX; 3BTY; 3BTZ; 3BU0; 3BUC; 3H8O; 3H8R; 3H8X; 3RZG; 3RZH	48	5	0	4	0.175	-13.15	11	25	61.1	10.43	2	23	2240.8	16240.5	0	13	 (res 102);  (res 103);  (res 122);  (res 123);  (res 124);  (res 159);  (res 161);  (res 171);  (res 171);  (res 173);  (res 236);  (res 236);  (res 252);  (res 254)	45	16	0.76	0.34
c1norep182_partner_06_ERVFRD-1	IGSF3	uORF	1B	ERVFRD-1	P60508	0.2936	0.3581	Allosteric Regulatory Surface / Novel Epitope	3668.8	14.3	False		None	False		N/A	1Y4M; 6RX3; 7OIX	89	5	1	22	0.061	-18.92	30	49	85.7	20.4	0	37	4251.2	32711.1	0	0	None	78	7	0.42	0.3
c7norep125_partner_05_CROT	SLC25A40	uORF	1B	CROT	Q9UKG9	0.294	0.8932	Active Site Blocker / Competitive Decoy	5608.7	0.0	True	3.29	Proton acceptor (res 327)	True	2.3	N/A	None	143	13	0	26	0.041	-26.95	39	89	72.2	20.72	2	70	6672.8	25229.9	1	5	 (res 406);  (res 410);  (res 415);  (res 416);  (res 417);  (res 439);  (res 441);  (res 452)	0	0	0.91	0.27
c8riboseqorf25_partner_03_KLHL13	RHOBTB2	uORF	2B	KLHL13	Q9P2N7	0.293	0.6959	Allosteric Regulatory Surface / Novel Epitope	2498.2	0.0	False		None	False		N/A	None	70	10	1	10	0.095	-9.84	20	37	66.7	19.4	2	30	4186.6	32159.5	0	0	None	0	0	0.82	0.3
c3riboseqorf49_partner_02_CAB39	SNRK	uORF	1B	CAB39	Q9Y376	0.2915	0.8634	Known Macromolecular Subunit Competitor / Adaptor	2241.6	69.0	False		None	False		N/A	2WTK; 3GNI; 4FZA; 4FZD; 4FZF; 4NZW; 4O27; 8VSU	54	7	1	10	0.093	-8.04	20	29	51.3	15.6	0	25	4309.3	18533.3	0	0	None	70	20	0.91	0.35
c2riboseqorf55_partner_10_OGFOD2	WBP1	uORF	1B	OGFOD2	Q6N063	0.2911	0.8438	Cofactor / Substrate Pocket Competitor	2908.7	0.0	False		None	True	2.66	Fe2OG dioxygenase (215-309)	None	75	10	1	3	0.079	-4.91	27	35	75.0	14.54	0	44	3363.9	18124.5	0	4	 (res 235);  (res 237)	0	0	0.87	0.3
c16norep103_partner_03_PPP3CB	NFATC3	intORF	1B	PPP3CB	P16298	0.2925	0.6787	Allosteric Regulatory Surface / Novel Epitope	1532.4	0.0	False	24.87	None	False	15.21	Catalytic (65-356)	None	46	9	1	6	0.149	-17.49	14	22	40.0	18.45	0	22	3376.9	26126.6	1	7	None	47	0	0.75	0.37
c8riboseqorf25_partner_01_KEAP1	RHOBTB2	uORF	2B	KEAP1	Q14145	0.2915	0.6578	Shared Physiological Complex Interface	3143.3	51.1	False		None	False		BTB (77-149); BACK (184-286)	4CXJ; 4CXT; 5DAD; 5DAF; 5NLB; 6FFM; 6W66; 6W67; 6W68; 6W69	94	11	0	15	0.074	-13.02	27	47	90.0	19.56	1	44	3923.0	32278.9	0	0	None	184	24	0.83	0.28
c8riboseqorf25_partner_02_KLHL9	RHOBTB2	uORF	2B	KLHL9	Q9P2J3	0.2917	0.7878	Allosteric Regulatory Surface / Novel Epitope	2319.6	0.0	False		None	False		N/A	None	64	6	1	4	0.1	-11.38	20	32	66.7	18.28	2	31	4030.5	30695.9	0	0	None	0	0	0.86	0.28
c7riboseqorf59_partner_03_SEC13	POM121	uORF	1B	SEC13	P55735	0.2889	0.8412	Known Macromolecular Subunit Competitor / Adaptor	2600.6	90.6	False		None	False		N/A	3BG0; 3BG1; 7UHY; 9DX0; 9DX1; 9DX2; 9LVJ; 9LVK; 9LWF; 9OTI	59	4	2	11	0.102	-17.84	18	32	78.3	16.99	3	25	2675.4	16889.5	0	0	None	88	29	0.83	0.29
c9norep10_partner_01_SHTN1	LURAP1L	uORF	1B	SHTN1	A0MZ66	0.2901	0.2167	Allosteric Regulatory Surface / Novel Epitope	1504.4	0.0	False		None	False		Disordered (343-511)	None	31	0	0	5	0.132	-11.5	13	18	76.5	24.15	0	22	2106.5	55934.6	0	0	None	0	0	0.6	0.39
c1norep185_partner_04_TARS2	WARS2-AS1	lncRNA-ORF	4	TARS2	Q9BW92	0.2902	0.6491	Allosteric Regulatory Surface / Novel Epitope	2795.4	0.0	False		None	False		N/A	None	54	7	3	8	0.077	-5.53	20	35	76.9	20.47	0	24	3342.0	35069.2	0	0	None	0	0	0.82	0.29
c8riboseqorf89_partner_03_NOC4L	DCAF13	uORF	2B	NOC4L	Q9BVI4	0.2903	0.7385	Allosteric Regulatory Surface / Novel Epitope	2814.9	0.0	False		None	False		N/A	None	78	8	3	6	0.078	-10.21	27	37	44.3	15.55	1	43	6702.4	28375.8	0	0	None	0	0	0.83	0.39
c1riboseqorf71_partner_01_LSM11	LSM10	uoORF	1B	LSM11	P83369	0.2887	0.3056	Known Macromolecular Subunit Competitor / Adaptor	793.3	92.9	False		None	False		Sm (154-229); SM 1 (171-204); SM 2 (343-356)	6V4X; 9NH5; 9NH6	26	5	1	2	0.206	-10.13	9	14	37.5	7.64	0	11	3411.1	27034.2	0	0	None	65	13	0.52	0.46
c5riboseqorf128_partner_04_PTGDR2	PRELID1	uORF	1B	PTGDR2	Q9Y5Y4	0.2873	0.7092	Allosteric Regulatory Surface / Novel Epitope	1965.4	20.0	False		None	False		N/A	8XXU; 8XXV; 9IYB	44	1	0	20	0.11	-10.18	16	25	94.1	22.03	0	16	1735.1	25082.0	0	0	None	26	5	0.72	0.36
c19norep196_partner_01_SCN4B	nan	mixed	1B	SCN4B	Q8IWT1	0.2869	0.5576	Known Macromolecular Subunit Competitor / Adaptor	1425.8	61.5	False		None	False		Ig-like C2-type (31-148)	5XAW; 7DTD	18	1	2	4	0.115	-9.84	12	13	23.1	13.57	0	7	7318.3	19109.9	0	0	None	27	8	0.83	0.66
c10norep31_partner_10_EIF2B2	CDC123	intORF	1B	EIF2B2	P49770	0.2873	0.8006	Known Macromolecular Subunit Competitor / Adaptor	1252.4	94.4	False		None	False		N/A	12FH; 6CAJ; 6EZO; 6K71; 6K72; 6O81; 6O85; 6O9Z; 7D43; 7D44	30	6	1	7	0.139	-11.59	12	18	41.4	15.27	1	12	3057.1	17682.5	0	0	None	141	17	0.83	0.37
c8riboseqorf88_partner_03_WNT4	FZD6	uORF	1B	WNT4	P56705	0.2865	0.7932	Allosteric Regulatory Surface / Novel Epitope	1989.5	0.0	False		None	False		N/A	None	51	8	1	0	0.102	-0.64	20	25	66.7	16.38	1	30	3480.6	20077.4	0	0	None	0	0	0.8	0.36
c19norep32_partner_03_JMJD4	ALKBH7	uoORF	1B	JMJD4	Q9H9V9	0.2907	0.7302	Cofactor / Substrate Pocket Competitor	8567.1	0.0	False		None	True	1.48	JmjC (142-301)	None	244	26	8	25	0.026	8.17	82	115	47.4	23.2	2	123	15739.6	19583.5	0	3	 (res 189);  (res 191);  (res 269)	0	0	0.88	0.29
c19norep82_partner_02_MARCHF8	BST2	intORF	1B	MARCHF8	Q5T0T0	0.2856	0.3473	Cofactor / Substrate Pocket Competitor	674.7	0.0	False		None	True	4.09	N/A	None	11	1	1	0	0.196	-11.09	7	8	35.0	16.75	0	5	2523.5	29107.1	0	8	 (res 83);  (res 107)	0	0	0.7	0.51
c11riboseqorf51_partner_03_GABARAPL1	ATG13	uoORF	1B	GABARAPL1	Q9H0R8	0.285	0.623	Known Macromolecular Subunit Competitor / Adaptor	1680.7	100.0	False		None	False		N/A	2L8J; 5LXH; 5LXI; 6HOI; 6HOL; 6YOO; 7AA7; 7AA9; 7JHX; 8X8A	42	5	1	8	0.13	-8.16	14	23	31.8	13.79	0	20	5630.4	7392.2	0	0	None	37	23	0.72	0.41
c2riboseqorf55_partner_04_RUVBL2	WBP1	uORF	1B	RUVBL2	Q9Y230	0.2862	0.6549	Known Macromolecular Subunit Competitor / Adaptor	2540.1	87.1	False		None	False	25.11	N/A	3UK6; 5OAF; 6H7X; 6HTS; 6IGM; 6QI8; 6QI9; 7P6X; 7ZI4; 8QR1	58	5	0	13	0.081	-8.98	23	31	63.9	19.19	0	26	3683.6	26724.7	0	1	None	334	27	0.76	0.33
c1riboseqorf94_partner_05_CCND2	CDKN2C	uORF	1A	CCND2	P30279	0.2873	0.5851	Allosteric Regulatory Surface / Novel Epitope	5445.7	4.7	False		None	False		Cyclin N-terminal (26-151); Disordered (264-289)	6EI2	112	12	2	13	0.031	-9.06	56	64	31.1	21.73	2	48	19231.0	17461.2	0	0	None	10	3	0.78	0.37
c1norep256_partner_08_G3BP2	PRRC2C	intORF	1B	G3BP2	Q9UN86	0.2853	0.3275	Known Macromolecular Subunit Competitor / Adaptor	1750.6	68.2	False		None	False		NTF2 (11-133); RRM (331-409)	5DRV; 9OS2	34	3	1	8	0.103	-10.13	15	22	44.1	17.71	0	13	4097.6	47316.9	0	0	None	50	15	0.62	0.42
c4riboseqorf84_partner_04_GAPDH	SNHG8	lncRNA	1B	GAPDH	P04406	0.2846	0.9058	Active Site Blocker / Competitive Decoy	2443.8	24.4	True	2.8	Nucleophile (res 152)	True	2.6	Interaction with WARS1 (2-148)	1U8F; 1ZNQ; 27FM; 3GPD; 4WNC; 4WNI; 6ADE; 6IQ6; 6M61; 6YND	73	15	0	5	0.081	-20.01	22	41	61.1	13.44	1	33	3677.2	15241.2	1	9	 (res 13);  (res 14);  (res 35);  (res 80);  (res 122);  (res 151);  (res 152);  (res 153);  (res 182);  (res 211);  (res 212);  (res 234);  (res 316)	82	10	0.94	0.31
cXriboseqorf74_partner_04_BSG	DNASE1L1	uORF	4	BSG	P35613	0.2833	0.3928	Shared Physiological Complex Interface	1086.6	30.0	False		None	False		Ig-like (37-120)	3QQN; 3QR2	34	5	0	1	0.17	-10.56	10	20	38.5	12.57	0	15	3661.1	25530.2	0	0	None	132	6	0.77	0.5
c7norep106_partner_01_NUP85	POM121	uORF	1B	NUP85	Q9BW27	0.2832	0.7182	Allosteric Regulatory Surface / Novel Epitope	2565.3	0.0	False		None	False		N/A	None	65	8	1	15	0.101	-14.73	17	38	89.5	20.85	0	30	2568.9	36167.9	0	0	None	0	0	0.77	0.26
c1riboseqorf253_partner_02_THOC1	ZC3H11A	uORF	1B	THOC1	Q96FV9	0.2848	0.4841	Shared Physiological Complex Interface	3491.8	55.3	False		None	False		Dock domain; interaction with THOC2 (133-167); Dock domain; interaction with THOC2 (227-397)	7APK; 7ZNK; 7ZNL; 8R7L	85	8	0	14	0.075	-18.32	24	47	54.5	17.59	1	42	5219.6	45279.8	0	0	None	117	26	0.69	0.3
c19riboseqorf4_partner_02_STRADA	STK11	uORF	1A	STRADA	Q7RTN6	0.2874	0.568	Shared Physiological Complex Interface	4199.6	32.1	False		None	False		Protein kinase (69-379); Disordered (310-347)	1UPK; 2WTK; 3GNI; 8VSU	90	9	1	9	0.039	0.62	41	56	19.6	24.77	0	45	24809.7	23647.4	0	0	None	51	18	0.72	0.42
c11norep116_partner_02_LRRC73	ANKRD13D	intORF	1B	LRRC73	Q5JTD7	0.2833	0.7163	Allosteric Regulatory Surface / Novel Epitope	4832.5	0.0	False		None	False		Disordered (257-296)	None	134	16	5	14	0.045	-25.53	49	61	79.0	21.19	0	70	5588.5	16153.3	0	0	None	0	0	0.78	0.29
c20riboseqorf31_partner_04_CFLAR	ITCH	uORF	2B	CFLAR	O15519	0.283	0.4703	Allosteric Regulatory Surface / Novel Epitope	1234.6	26.7	False		None	False		DED 1 (1-73); Not proteolytically processed and involved in apoptosis inhibition (1-435); Interaction with CASP8 propeptide (1-305); Interaction with FADD (1-227); Interaction with CASP8 (1-195); Interaction with TRAF1 and TRAF2 (192-480); Interaction with CASP3 (192-435); Interaction with CASP8 subunits p18 and p10 (217-480); Caspase (263-358)	8YBX; 8YD7; 8YD8; 8YM4; 8YM5; 8YM6; 8YNI; 8YNK; 8YNL; 8YNM	26	2	1	4	0.133	-7.88	13	15	81.2	22.22	1	11	2114.5	28312.6	0	0	None	120	4	0.73	0.3
c4norep192_partner_02_VSX2	TENM3	intORF	1B	VSX2	P58304	0.2831	0.2774	Allosteric Regulatory Surface / Novel Epitope	2489.7	0.0	False		None	False		CVC (208-261)	None	55	5	0	15	0.093	-8.57	22	27	31.0	16.73	0	28	5963.3	29039.6	0	0	None	0	0	0.47	0.43
c14riboseqorf7_partner_03_WTIP	AJUBA	uORF	1B	WTIP	A6NIX2	0.2797	0.305	Allosteric Regulatory Surface / Novel Epitope	1854.8	0.0	False		None	False		LIM zinc-binding 1 (223-284); LIM zinc-binding 2 (288-348); Disordered (22-149)	None	60	9	1	5	0.129	-12.42	15	31	60.0	17.44	0	25	3132.8	41786.9	0	0	None	0	0	0.81	0.41
c2riboseqorf11_partner_01_BAP1	ASXL2	uORF	1B	BAP1	Q92560	0.2812	0.4834	Active Site Blocker / Competitive Decoy	1608.0	84.0	True	3.17	Nucleophile (res 91); Proton donor (res 169)	False		UCH catalytic (4-235); Disordered (372-435)	8H1T; 8SVF; 9U5U	41	5	0	6	0.137	-11.15	12	25	70.6	20.33	0	22	1957.5	49673.5	2	0	None	111	21	0.56	0.28
c17norep67_partner_05_SPRED1	EVI2A	uORF	2B	SPRED1	Q7Z699	0.2809	0.3466	Allosteric Regulatory Surface / Novel Epitope	892.1	0.0	False		None	False		SPR (334-442); Required for interaction with TESK1 (333-444)	None	17	2	0	1	0.202	-12.74	7	12	20.0	17.4	1	7	4059.3	44438.6	0	0	None	8	0	0.74	0.62
c15riboseqorf19_partner_03_MAPK8	MAPKBP1	uORF	1B	MAPK8	P45983	0.2797	0.759	Cofactor / Substrate Pocket Competitor	2498.1	63.2	False	17.53	None	True	2.36	Protein kinase (26-321); Disordered (371-427)	1UKH; 1UKI; 2G01; 2GMX; 2H96; 2NO3; 2XRW; 2XS0; 3O17; 3O2M	85	15	3	7	0.093	-6.11	24	38	70.6	19.44	1	41	3600.0	19800.3	1	2	 (res 32);  (res 33)	65	24	0.77	0.28
c16riboseqorf128_partner_01_MBTPS2	MBTPS1	uORF	1B	MBTPS2	O43462	0.2794	0.737	Active Site Blocker / Competitive Decoy	1971.1	0.0	True	3.0	 (res 172)	True	3.36	N/A	None	43	5	3	5	0.102	-6.67	14	30	73.7	19.33	0	15	2477.8	30397.9	1	2	 (res 171);  (res 175)	0	0	0.77	0.34
c13riboseqorf59_partner_03_EIF4A3	UPF3A	intORF	1B	EIF4A3	P38919	0.2794	0.5647	Cofactor / Substrate Pocket Competitor	2743.1	50.0	False		None	True	3.04	Helicase ATP-binding (69-239); Helicase C-terminal (250-411)	2XB2; 4C9B; 5XJC; 6QDV; 6YVH; 8C6J; 9XTT; 9XU3	57	7	1	17	0.085	-17.2	21	32	80.8	21.9	2	22	2892.4	20216.9	0	5	 (res 85);  (res 86);  (res 88);  (res 89);  (res 90)	185	16	0.79	0.36
c2riboseqorf37_partner_03_SMARCB1	BCL11A	intORF	1B	SMARCB1	Q12824	0.2794	0.4384	Known Macromolecular Subunit Competitor / Adaptor	3234.2	62.2	False		None	False		DNA-binding (1-113); 2 X approximate tandem repeats (186-319)	6KAG; 6LTH; 6LTJ; 7VDV; 9RL4; 9RMC; 9RN1; 9RN2	80	13	0	9	0.085	-12.69	21	45	84.0	19.7	0	43	2701.7	24035.6	0	0	None	137	28	0.62	0.29
c21riboseqorf14_partner_06_ETS1	RUNX1	uORF	1B	ETS1	P14921	0.279	0.32	Allosteric Regulatory Surface / Novel Epitope	1636.6	0.0	False		None	False		PNT (51-136); Activation domain; required for transcription activation (130-243)	None	36	0	0	18	0.138	-8.38	13	20	65.0	17.8	0	11	2223.1	30871.2	0	0	None	66	0	0.54	0.4
c11norep176_partner_02_BAG3	CRYAB	uORF	4	BAG3	O95817	0.2788	0.2252	Allosteric Regulatory Surface / Novel Epitope	2166.1	0.0	False		None	False		BAG (421-498); Disordered (1-92); Disordered (240-421)	None	49	3	1	10	0.121	-7.64	15	27	83.3	25.19	0	27	1982.7	38348.7	0	0	None	0	0	0.47	0.54
c15riboseqorf86_partner_02_ADK	PDE8A	uORF	1B	ADK	P55263	0.2776	0.8427	Active Site Blocker / Competitive Decoy	1420.3	0.0	True	3.49	Proton acceptor (res 317)	True	2.87	N/A	None	38	1	0	4	0.165	-10.64	10	23	62.5	14.03	0	24	2203.3	18624.3	1	8	 (res 31);  (res 35);  (res 81);  (res 85);  (res 317)	0	0	0.86	0.26
cXriboseqorf59_partner_09_HDAC1	MORF4L2	uORF	1B	HDAC1	Q13547	0.2772	0.7597	Cofactor / Substrate Pocket Competitor	1880.5	88.5	False	7.79	None	True	2.19	Histone deacetylase (9-321); Disordered (390-482)	4BKX; 5ICN; 6Z2J; 6Z2K; 7AO8; 7AO9; 7AOA; 8VOJ; 8VPQ; 8VRT	49	2	2	3	0.105	-9.93	18	26	56.2	19.31	0	30	3158.2	23297.7	1	6	 (res 27);  (res 178);  (res 270)	129	23	0.81	0.29
c7riboseqorf18_partner_04_GNAI3	SNX13	uORF	1B	GNAI3	P08754	0.2782	0.7825	Cofactor / Substrate Pocket Competitor	2734.8	48.5	False		None	True	3.43	G-alpha (32-354); G2 motif (173-181)	2IHB; 2ODE; 2V4Z; 4G5O; 4G5R; 4G5S; 8K9L; 8SZH; 8SZI; 8WGB	68	8	4	4	0.079	2.26	26	33	50.0	16.37	0	31	6197.7	19722.6	0	43	 (res 179);  (res 180)	118	16	0.84	0.42
c6riboseqorf41_partner_01_YTHDF1	PRRC2A	uoORF	1B	YTHDF1	Q9BYJ9	0.2773	0.4051	Allosteric Regulatory Surface / Novel Epitope	1495.0	0.0	False		None	False	11.88	YTH (389-523); Disordered (1-50); Disordered (238-363)	None	37	2	0	5	0.124	-8.21	13	23	46.4	22.61	1	16	3104.5	35316.7	0	6	None	37	0	0.53	0.44
c1riboseqorf197_partner_01_WDR46	GPATCH4	uORF	1B	WDR46	O15213	0.277	0.6385	Known Macromolecular Subunit Competitor / Adaptor	1073.5	68.8	False		None	False		N/A	7MQ9	30	4	3	8	0.268	-5.8	7	16	38.9	15.74	1	8	2630.6	41758.8	0	0	None	171	11	0.75	0.52
c7riboseqorf18_partner_02_GNAI1	SNX13	uORF	1B	GNAI1	P63096	0.277	0.7792	Cofactor / Substrate Pocket Competitor	4056.8	70.6	False		None	True	1.95	G-alpha (32-354); G1 motif (35-48); G2 motif (173-181); G3 motif (196-205)	10JA; 10JB; 12IZ; 12JA; 1KJY; 1Y3A; 20YC; 20ZC; 20ZD; 20ZG	95	11	3	6	0.053	6.16	35	51	67.3	19.1	1	49	6329.5	19156.3	0	8	 (res 43);  (res 177);  (res 178);  (res 179);  (res 180);  (res 181);  (res 181)	202	36	0.84	0.4
c20riboseqorf26_partner_01_POFUT1	PLAGL2	uORF	2B	POFUT1	Q9H488	0.2739	0.8415	Cofactor / Substrate Pocket Competitor	3585.0	0.0	False		None	True	1.21	N/A	None	92	10	1	12	0.063	-2.85	28	52	71.8	18.84	0	47	3894.6	20436.3	0	4	 (res 43);  (res 44);  (res 45);  (res 46);  (res 238);  (res 239);  (res 240);  (res 340);  (res 357);  (res 358)	0	0	0.87	0.28
c14riboseqorf73_partner_04_COA6	COX16	uoORF	1B	COA6	Q5JTJ3	0.2736	0.4095	Known Macromolecular Subunit Competitor / Adaptor	1378.9	78.6	False		None	False		CHCH (55-98)	6PCE; 6PCF	27	2	1	7	0.138	-7.98	14	14	35.9	12.73	1	12	3625.3	10408.8	0	0	None	33	11	0.57	0.53
c4riboseqorf83_partner_02_ACTB	SNHG8	lncRNA	1B	ACTB	P60709	0.2736	0.8484	Known Macromolecular Subunit Competitor / Adaptor	3004.8	90.7	False		None	False		N/A	3BYH; 3J82; 3LUE; 6ANU; 6ICT; 6ICV; 6LTJ; 6MBJ; 6MBK; 6MBL	81	5	2	9	0.072	-11.64	26	43	50.0	18.41	0	41	5225.0	17237.5	0	0	None	264	39	0.88	0.34
c20norep56_partner_01_TIMM17A	ROMO1	dORF	1B	TIMM17A	Q99595	0.2718	0.4335	Allosteric Regulatory Surface / Novel Epitope	2249.3	0.0	False		None	False		N/A	None	44	3	0	12	0.093	-7.69	19	25	86.4	14.6	2	20	2516.7	12965.4	0	0	None	0	0	0.57	0.39
c1riboseqorf248_partner_02_PRPSAP1	IVNS1ABP	uORF	1B	PRPSAP1	Q14558	0.2731	0.7921	Allosteric Regulatory Surface / Novel Epitope	1716.9	0.0	False		None	False		N/A	None	34	2	1	3	0.131	-10.01	13	20	54.2	17.42	1	21	2730.0	18145.5	0	0	None	0	0	0.79	0.37
c1norep72_partner_02_RANGRF	ADGRB2	uORF	1B	RANGRF	Q9HD47	0.2712	0.8026	Allosteric Regulatory Surface / Novel Epitope	1778.1	0.0	False		None	False		Interaction with RAN (27-70)	None	46	4	1	3	0.131	-8.36	14	25	87.5	14.39	2	22	1880.6	10401.8	0	0	None	0	0	0.78	0.33
c12riboseqorf108_partner_02_CNOT8	BTG1	uORF	1B	CNOT8	Q9UFF9	0.272	0.859	Cofactor / Substrate Pocket Competitor	1553.4	53.6	False		None	True	2.58	N/A	9E7U	46	5	2	2	0.126	-11.15	13	28	56.5	16.46	0	23	2351.7	14593.4	0	5	 (res 40);  (res 40);  (res 42);  (res 161);  (res 230)	41	15	0.86	0.33
c10norep31_partner_04_EIF2S3	CDC123	intORF	1B	EIF2S3	P41091	0.2715	0.8417	Cofactor / Substrate Pocket Competitor	2507.8	54.1	False		None	True	1.77	tr-type G (39-248); G4 (190-193)	28ZU; 28ZV; 28ZX; 28ZY; 6FEC; 6K71; 6K72; 6O81; 7A09; 7D43	69	10	1	5	0.085	-14.27	22	37	75.9	20.29	1	36	3257.6	22992.7	0	3	 (res 192);  (res 193)	199	20	0.81	0.31
c22riboseqorf62_partner_03_RHOD	PLXNB2	uORF	1B	RHOD	O00212	0.271	0.7113	Active Site Cleft Occlusion / Proximal Inhibitor	1525.4	38.1	False		None	False	6.13	N/A	7KDC	38	8	1	5	0.139	-10.03	13	21	37.1	14.31	0	18	4966.4	12011.9	0	24	None	13	8	0.74	0.36
c21norep46_partner_02_ACTB	ERVH48-1	lncRNA	1A	ACTB	P60709	0.2757	0.6855	Known Macromolecular Subunit Competitor / Adaptor	4054.4	97.9	False		None	False		N/A	3BYH; 3D2U; 3J82; 3LUE; 6ANU; 6LTJ; 6NBW; 7P1H; 7QJ6; 7QJ9	99	9	1	5	0.052	-10.63	40	48	25.0	24.3	0	57	12639.6	17663.6	0	0	None	264	47	0.86	0.42
c10riboseqorf46_partner_02_KDM4D	JMJD1C	uORF	1B	KDM4D	Q6B0I6	0.2707	0.6536	Cofactor / Substrate Pocket Competitor	1899.6	40.0	False		None	True	1.79	JmjC (146-312); Disordered (407-523)	4HON	57	6	1	7	0.116	-9.24	14	35	77.8	19.7	0	28	2030.0	25762.8	0	11	 (res 136);  (res 192);  (res 194);  (res 202);  (res 210);  (res 244);  (res 245);  (res 280);  (res 312)	50	14	0.69	0.24
c5riboseqorf58_partner_03_CDK7	CCNH	uoORF	1B	CDK7	P50613	0.2706	0.7728	Cofactor / Substrate Pocket Competitor	3034.6	35.6	False	7.2	None	True	2.22	Protein kinase (12-295)	29WD; 30FF; 6O9L; 6XBZ; 6XD3; 7B5O; 7B5Q; 7EGB; 7EGC; 7LBM	83	11	2	25	0.088	-2.54	21	45	95.5	18.89	0	33	2727.2	18891.9	1	18	 (res 18);  (res 19);  (res 20);  (res 21);  (res 22);  (res 22);  (res 23);  (res 26);  (res 41);  (res 41);  (res 92);  (res 94);  (res 155)	156	16	0.78	0.27
c19riboseqorf114_partner_01_SIAH2	EGLN2	uORF	1B	SIAH2	O43255	0.2696	0.6569	Active Site Cleft Occlusion / Proximal Inhibitor	1411.8	0.0	False		None	False	6.68	SBD (130-322)	None	45	5	1	6	0.178	-8.05	11	23	34.4	10.99	0	19	4888.8	19808.9	0	8	None	24	0	0.78	0.35
c20norep26_partner_02_SNX2	SNX5	intORF	1B	SNX2	O60749	0.2683	0.6309	Allosteric Regulatory Surface / Novel Epitope	2944.3	0.0	False		None	False	21.12	BAR (299-519); Disordered (1-104); Interaction with RhoG (260-519)	None	54	1	1	20	0.087	-12.29	20	31	42.6	19.59	3	21	4845.1	34472.3	0	4	None	0	0	0.69	0.52
c13riboseqorf30_partner_01_CDADC1	FNDC3A	uORF	1B	CDADC1	Q9BWV3	0.2669	0.7854	Shared Physiological Complex Interface	1881.8	42.3	False	28.29	None	False	12.31	CMP/dCMP-type deaminase 1 (31-189); Disordered (1-27)	9HFQ; 9HFR; 9HFS; 9HFT	54	8	0	7	0.115	-14.56	18	26	69.2	18.42	0	28	2940.8	26435.6	1	17	None	74	11	0.75	0.3
c11riboseqorf143_partner_02_PCSK9	PCSK7	uoORF	1B	PCSK9	Q8NBP7	0.2681	0.7747	Shared Physiological Complex Interface	2862.4	42.9	False	11.02	None	False		Peptidase S8 (155-461); C-terminal domain (450-692)	10SB; 2W2M; 2W2N; 2W2O; 2W2P; 2W2Q; 2XTJ; 3BPS; 3GCW; 3GCX	83	6	2	12	0.086	-5.88	23	42	79.3	22.99	1	39	3417.3	32541.5	3	0	None	190	18	0.79	0.25
c22riboseqorf6_partner_02_METTL3	DGCR8	uORF	4	METTL3	Q86U44	0.2657	0.4299	Allosteric Regulatory Surface / Novel Epitope	1261.7	29.4	False		None	False	12.75	Interphase loop (462-479); Interaction with METTL14 (464-480); Positively charged region required for RNA-binding (465-478)	29VD; 29VJ; 5IL0; 5IL1; 5IL2; 5K7M; 5K7U; 5K7W; 5L6D; 5L6E	29	4	0	7	0.142	-11.28	12	17	75.0	22.43	0	11	1805.5	39623.7	0	5	None	49	5	0.65	0.32
c3norep241_partner_05_SLC39A5	P3H2	intORF	1B	SLC39A5	Q6ZMH5	0.2676	0.5266	Allosteric Regulatory Surface / Novel Epitope	2284.6	0.0	False		None	False		N/A	None	50	3	0	13	0.115	-11.25	15	29	23.8	16.48	1	22	7659.8	43078.3	0	0	None	11	0	0.73	0.51
c16norep118_partner_01_SPAST	IST1	intORF	1B	SPAST	Q9UBP0	0.2663	0.4804	Known Macromolecular Subunit Competitor / Adaptor	1271.3	93.3	False		None	False	18.41	MIT (120-195); Required for interaction with RTN1 (1-300); Required for midbody localization (1-194); Sufficient for interaction with CHMP1B (112-196); Required for interaction with microtubules (114-200)	3EAB; 7S7J	30	0	1	11	0.2	-9.52	10	15	25.0	18.37	1	11	4838.2	50563.5	0	1	None	26	14	0.8	0.51
c11riboseqorf96_partner_02_VAPA	PITPNM1	uORF	1B	VAPA	Q9P0L0	0.2647	0.4194	Known Macromolecular Subunit Competitor / Adaptor	1713.5	68.2	False		None	False		MSP (14-131); phosphorylated FFAT motif binding (50-53)	2RR3; 6TQR	47	9	0	2	0.153	-10.71	14	22	37.8	12.03	0	27	4377.1	21747.2	0	0	None	16	15	0.66	0.49
c4riboseqorf111_partner_01_FAM20A	GASK1B	uoORF	1B	FAM20A	Q96MK3	0.2642	0.7625	Shared Physiological Complex Interface	2201.6	53.3	False		None	False		N/A	5WRR; 5WRS; 5YH2	59	8	0	4	0.109	-15.21	18	30	78.3	21.78	0	36	2888.1	28180.6	0	0	None	66	16	0.76	0.32
c17riboseqorf19_partner_03_CHRNE	C17orf107	uORF	2B	CHRNE	Q04844	0.264	0.6325	Known Macromolecular Subunit Competitor / Adaptor	1003.5	64.3	False		None	False		N/A	9DMG; 9DMH; 9DMJ; 9DMK; 9DML; 9DMQ; 9DMS; 9DMT; 9DMV; 9GU0	18	3	0	4	0.161	-10.05	8	14	22.9	17.71	0	7	4381.5	30789.9	0	0	None	155	9	0.71	0.52
c8riboseqorf15_partner_01_CNOT6L	CNOT7	uORF	1A	CNOT6L	Q96LI5	0.2634	0.844	Active Site Blocker / Competitive Decoy	2826.3	0.0	True	4.74	Proton donor/acceptor (res 410)	True	1.5	Required for interaction with CNOT1, CNOT3 and CNOT7 (1-152); Nuclease domain (158-555)	None	71	2	7	4	0.071	3.12	27	37	69.2	18.74	0	41	4473.0	26003.8	1	9	 (res 240);  (res 240);  (res 365);  (res 410);  (res 412);  (res 479);  (res 484)	15	0	0.85	0.31
c8riboseqorf15_partner_06_CNOT6L	CNOT7	uORF	1A	CNOT6L	Q96LI5	0.2634	0.844	Active Site Blocker / Competitive Decoy	2826.3	0.0	True	4.74	Proton donor/acceptor (res 410)	True	1.5	Required for interaction with CNOT1, CNOT3 and CNOT7 (1-152); Nuclease domain (158-555)	None	71	2	7	4	0.071	3.12	27	37	69.2	18.74	0	41	4473.0	26003.8	1	9	 (res 240);  (res 240);  (res 365);  (res 410);  (res 412);  (res 479);  (res 484)	15	0	0.85	0.31
c16norep103_partner_01_MAPK8	NFATC3	intORF	1B	MAPK8	P45983	0.2625	0.7455	Cofactor / Substrate Pocket Competitor	2119.0	76.9	False	18.24	None	True	3.36	Protein kinase (26-321); Disordered (371-427)	1UKH; 1UKI; 2G01; 2GMX; 2H96; 2NO3; 2XRW; 2XS0; 3O17; 3O2M	49	4	2	6	0.099	-4.54	19	26	54.3	19.75	0	23	3948.9	20913.1	1	2	 (res 32)	65	20	0.76	0.35
c22riboseqorf6_partner_08_SMAD3	DGCR8	uORF	4	SMAD3	P84022	0.2624	0.6196	Known Macromolecular Subunit Competitor / Adaptor	1494.4	73.7	False		None	False	14.07	MH2 (232-425); Sufficient for interaction with XPO4 (271-324)	1MK2; 1U7F; 5XOC	43	4	0	5	0.162	-16.65	14	19	87.5	19.08	0	21	2010.0	27386.7	0	4	None	171	14	0.77	0.28
c16norep37_partner_02_TBCE	ENSG00000260592	lncRNA-ORF	4	TBCE	Q15813	0.2639	0.7038	Known Macromolecular Subunit Competitor / Adaptor	2659.2	85.3	False		None	False		LRRCT (342-384)	9M1L; 9M1M	74	9	1	17	0.075	-5.38	29	34	47.5	17.17	0	28	5528.8	28801.2	0	0	None	90	29	0.81	0.31
c14riboseqorf68_partner_03_MGAT2	FUT8	uORF	1B	MGAT2	Q10469	0.2625	0.7772	Cofactor / Substrate Pocket Competitor	3291.3	0.0	False		None	True	2.79	N/A	None	90	20	2	5	0.078	-7.3	28	41	66.7	18.7	1	36	4021.3	24915.0	0	6	 (res 125);  (res 127);  (res 230);  (res 261);  (res 298);  (res 374)	25	0	0.81	0.28
c1riboseqorf248_partner_05_AIP	IVNS1ABP	uORF	1B	AIP	O00170	0.2624	0.5319	Shared Physiological Complex Interface	2767.6	38.7	False		None	False		PPIase FKBP-type (31-121)	7ZUB; 8QMO	57	5	2	11	0.08	-12.21	23	31	95.8	17.82	2	29	2751.5	19515.1	0	0	None	58	12	0.82	0.33
c17riboseqorf21_partner_02_ZNF446	AC012146.1	lncRNA	1B	ZNF446	Q9NWS9	0.2613	0.2774	Allosteric Regulatory Surface / Novel Epitope	2578.0	0.0	False		None	False		SCAN box (26-108); KRAB (208-254); Disordered (168-205); Disordered (263-331)	None	65	6	1	21	0.082	-15.47	24	33	92.3	21.1	0	22	2596.0	33377.0	0	0	None	0	0	0.5	0.34
c3riboseqorf154_partner_08_CELF1	MBNL1	uORF	1B	CELF1	Q92879	0.2609	0.2684	Allosteric Regulatory Surface / Novel Epitope	1886.0	4.3	False		None	False		RRM 3 (401-479)	2RQC	47	6	0	10	0.136	-17.27	15	23	93.8	23.61	0	17	2024.0	30478.8	0	0	None	58	1	0.61	0.33
c12norep157_partner_03_RUVBL2	ACTR6	intORF	1B	RUVBL2	Q9Y230	0.2603	0.6606	Known Macromolecular Subunit Competitor / Adaptor	1779.8	95.5	False		None	False	17.94	N/A	3UK6; 5OAF; 6H7X; 6HTS; 6IGM; 6QI8; 6QI9; 7OLE; 7P6X; 7ZI4	39	2	0	10	0.084	-10.77	21	22	56.8	19.33	0	16	3879.5	27887.0	0	1	None	334	21	0.74	0.3
c22norep57_partner_03_POFUT1	MFNG	uORF	1B	POFUT1	Q9H488	0.2598	0.8477	Cofactor / Substrate Pocket Competitor	2783.6	0.0	False		None	True	2.43	N/A	None	83	5	0	12	0.077	-11.58	23	47	69.7	18.23	0	35	3315.5	20567.3	0	4	 (res 43);  (res 44);  (res 45);  (res 46);  (res 238);  (res 240);  (res 340);  (res 357);  (res 358)	0	0	0.87	0.26
c12norep58_partner_01_CACNB4	CACNB3	intORF	1B	CACNB4	O00305	0.2618	0.588	Allosteric Regulatory Surface / Novel Epitope	3470.1	0.0	False		None	False		Disordered (425-520)	None	71	5	3	12	0.069	-8.24	25	41	61.0	19.57	1	39	4774.2	35490.7	0	0	None	0	0	0.66	0.33
c16norep109_partner_02_KARS1	AC012184.3	lncRNA	1B	KARS1	Q15046	0.2599	0.7901	Cofactor / Substrate Pocket Competitor	2591.3	19.5	False		None	True	1.96	N/A	9DPA; 9DPL	64	9	3	8	0.082	-1.59	19	41	90.5	22.11	0	23	2482.4	33221.8	0	10	 (res 277);  (res 301);  (res 323);  (res 325);  (res 331);  (res 339);  (res 341);  (res 494);  (res 495);  (res 497);  (res 501);  (res 550);  (res 553)	198	8	0.81	0.27
c16norep104_partner_02_SVOPL	ZFP90	intORF	1B	SVOPL	Q8N434	0.259	0.7185	Allosteric Regulatory Surface / Novel Epitope	3327.6	0.0	False		None	False		N/A	None	82	9	0	12	0.073	-15.66	23	49	95.8	21.18	1	44	2563.3	24216.1	0	0	None	0	0	0.73	0.34
c4riboseqorf2_partner_06_HDAC2	CTBP1	uORF	1B	HDAC2	Q92769	0.2586	0.7771	Cofactor / Substrate Pocket Competitor	2572.3	100.0	False	8.56	None	True	2.54	Histone deacetylase (9-322)	5IX0; 6WHN; 6WHO; 6WHQ; 6WHZ; 6WI3; 8BPA; 8BPB; 8BPC; 8C60	62	5	1	4	0.086	-12.54	20	36	62.5	20.35	1	36	4429.0	21419.0	1	15	 (res 28);  (res 188);  (res 191);  (res 194);  (res 271)	150	36	0.82	0.27
c5riboseqorf95_partner_01_DYRK1B	FAM53C	uORF	1B	DYRK1B	Q9Y463	0.2589	0.5814	Active Site Blocker / Competitive Decoy	2959.0	0.0	True	2.26	Proton acceptor (res 239)	True	2.29	Protein kinase (111-431); Disordered (436-629); Interaction with RANBP9 (480-520)	None	95	14	0	5	0.086	-21.21	22	50	100.0	25.67	1	50	2251.8	34917.0	1	3	 (res 119);  (res 120);  (res 121);  (res 122);  (res 140)	0	0	0.65	0.25
c1riboseqorf199_partner_02_TBCE	ENSG00000229953	lncRNA-ORF	1B	TBCE	Q15813	0.2597	0.7222	Shared Physiological Complex Interface	2134.0	51.5	False		None	False		LRRCT (342-384)	9M1L; 9M1M	51	5	1	2	0.086	-5.62	18	33	41.9	19.43	0	29	4555.5	29899.3	0	0	None	90	17	0.82	0.28
cXriboseqorf24_partner_03_YWHAZ	CDK16	uORF	1B	YWHAZ	P63104	0.2579	0.8376	Known Macromolecular Subunit Competitor / Adaptor	2720.3	100.0	False		None	False		N/A	1IB1; 1QJA; 1QJB; 2C1J; 2C1N; 2O02; 2WH0; 3CU8; 3NKX; 3RDH	70	9	5	9	0.072	-3.01	23	42	62.2	14.0	0	29	4475.8	14231.6	0	0	None	98	42	0.9	0.3
c12norep86_partner_02_SUV39H1	CBX5	lncRNA-ORF	2B	SUV39H1	O43463	0.2582	0.7244	Allosteric Regulatory Surface / Novel Epitope	2846.3	0.0	False		None	False	20.44	Chromo (43-101); Interaction with SIRT1 (1-89)	None	73	10	0	15	0.086	-11.17	23	37	53.5	18.2	0	40	4565.7	23479.3	0	20	None	0	0	0.76	0.33
c2norep164_partner_03_SMAD3	ZEB2	uORF	1B	SMAD3	P84022	0.2576	0.6038	Active Site Cleft Occlusion / Proximal Inhibitor	3028.1	66.7	False		None	False	7.94	MH1 (10-136); MH2 (232-425); Sufficient for interaction with XPO4 (271-324)	1MHD; 1MK2; 1OZJ; 1U7F; 5OD6; 5ODG; 5XOC; 6ZMN	78	12	1	9	0.074	-6.86	27	39	67.5	19.06	1	34	5134.2	27187.9	0	4	None	171	26	0.77	0.34
c1norep185_partner_05_CARS2	WARS2-AS1	lncRNA-ORF	4	CARS2	Q9HA77	0.2578	0.7547	Allosteric Regulatory Surface / Novel Epitope	1794.5	0.0	False		None	False	8.55	N/A	None	47	4	0	11	0.109	-9.78	16	27	61.5	21.8	0	26	3237.4	28155.8	0	8	None	0	0	0.8	0.29
c4riboseqorf57_partner_05_KLHL12	SEC31A	uORF	1B	KLHL12	Q53G59	0.2583	0.5717	Known Macromolecular Subunit Competitor / Adaptor	1234.1	71.4	False		None	False		Interaction with DVL3 (405-568)	6TTK; 6V7O; 8OIO; 8RBH	36	5	3	2	0.156	-15.76	11	21	21.2	17.34	0	15	4477.1	27614.3	0	0	None	15	15	0.87	0.34
c16riboseqorf30_partner_02_ZNHIT6	ZC3H7A	uoORF	1B	ZNHIT6	Q9NWK9	0.2579	0.4055	Allosteric Regulatory Surface / Novel Epitope	2046.2	0.0	False		None	False	12.42	N/A	None	45	7	0	8	0.125	-12.76	15	24	31.9	16.96	1	18	5200.0	49131.6	0	8	None	0	0	0.63	0.51
c2riboseqorf155_partner_05_ACVR1	BMPR2	uORF	1B	ACVR1	Q04771	0.2568	0.6336	Cofactor / Substrate Pocket Competitor	2036.3	3.7	False	5.67	None	True	2.08	Protein kinase (208-502)	3OOM	53	8	1	4	0.103	-3.39	19	27	90.5	20.56	1	25	2724.7	31506.0	1	2	 (res 214);  (res 215);  (res 216);  (res 217);  (res 218);  (res 219)	103	1	0.8	0.26
c14riboseqorf81_partner_06_LNX2	NUMB	uORF	1B	LNX2	Q8N448	0.2575	0.4349	Allosteric Regulatory Surface / Novel Epitope	3985.4	0.0	False		None	False		PDZ 1 (233-318); PDZ 2 (339-422); PDZ 3 (468-554); PDZ 4 (600-688)	None	116	19	0	7	0.066	-24.07	29	61	90.6	23.44	3	61	4179.6	37419.1	0	0	None	29	0	0.65	0.27
c7riboseqorf59_partner_01_NUP85	POM121	uORF	1B	NUP85	Q9BW27	0.2564	0.6981	Allosteric Regulatory Surface / Novel Epitope	1618.6	0.0	False		None	False		N/A	None	34	2	0	12	0.108	-17.68	15	21	65.2	20.8	2	14	2386.2	35951.3	0	0	None	0	0	0.75	0.38
c11riboseqorf106_partner_03_PPARA	UCP2	uORF	1B	PPARA	Q07869	0.2584	0.5019	Active Site Cleft Occlusion / Proximal Inhibitor	5349.3	55.6	False		None	False	7.17	NR LBD (239-466); Required for heterodimerization with RXRA (304-433)	1K7L; 1KKQ; 2NPA; 2P54; 3ET1; 3FEI; 3G8I; 3SP6; 5AZT; 6KXX	135	15	7	16	0.035	5.9	53	72	36.8	22.07	2	63	13811.0	24537.8	0	3	None	74	40	0.68	0.35
c11riboseqorf17_partner_01_EIF4E	EIF4G2	uORF	1B	EIF4E	P06730	0.2546	0.7913	Cofactor / Substrate Pocket Competitor	1581.0	80.0	False		None	True	1.72	N/A	2W97; 7EZW; 7F07; 8QM4; 8QM5; 8QM6; 8QM7; 8QM9	49	5	2	3	0.131	-5.99	15	25	93.8	18.02	0	23	1669.9	14149.4	0	4	 (res 56);  (res 102);  (res 103);  (res 157);  (res 159);  (res 162);  (res 205);  (res 206);  (res 207)	92	20	0.83	0.34
c1riboseqorf215_partner_01_FUT8	B4GALT3	uORF	1B	FUT8	Q9BYC5	0.2547	0.7602	Allosteric Regulatory Surface / Novel Epitope	2008.5	9.7	False		None	False		GT23 (206-493); SH3 (502-563)	2DE0; 6TKV; 6VLD; 6VLE; 6X5H; 6X5R; 6X5S; 6X5T; 6X5U; 9L62	47	4	0	3	0.089	-2.65	17	31	65.4	20.32	0	23	2734.8	31004.5	0	0	None	76	3	0.81	0.26
c4riboseqorf67_partner_02_GPRIN2	GPRIN3	uORF	1B	GPRIN2	O60269	0.2546	0.1458	Allosteric Regulatory Surface / Novel Epitope	1635.7	0.0	False		None	False		Disordered (1-94)	None	46	8	1	6	0.143	-17.01	14	23	45.2	21.15	0	25	3667.1	22697.5	0	0	None	0	0	0.34	0.43
c13norep74_partner_03_TULP1	GAS6	uORF	1B	TULP1	O00294	0.254	0.5318	Allosteric Regulatory Surface / Novel Epitope	1335.4	0.0	False		None	False		Disordered (1-289)	None	55	8	0	2	0.215	-16.94	8	32	42.1	16.92	0	27	2760.7	35378.6	0	0	None	16	0	0.6	0.42
c20riboseqorf49_partner_02_SLC35B4	SLC35C2	uORF	1B	SLC35B4	Q969S0	0.2535	0.6669	Allosteric Regulatory Surface / Novel Epitope	3371.4	0.0	False		None	False		N/A	None	98	9	2	8	0.081	-23.25	22	55	95.7	18.49	1	53	2317.8	18545.6	0	0	None	0	0	0.71	0.29
c20norep100_partner_01_PPARA	HELZ2	uORF	1B	PPARA	Q07869	0.2551	0.5505	Active Site Cleft Occlusion / Proximal Inhibitor	4618.3	51.8	False		None	False	6.68	NR LBD (239-466); Required for heterodimerization with RXRA (304-433)	1K7L; 1KKQ; 2NPA; 2P54; 3ET1; 3FEI; 3G8I; 3SP6; 5AZT; 6KXX	109	5	1	29	0.047	-20.58	41	56	45.6	18.09	0	53	8654.0	25535.4	0	3	None	74	29	0.69	0.31
c11riboseqorf31_partner_02_CAPN6	NAV2-AS2	lncRNA-ORF	4	CAPN6	Q9Y6Q1	0.2543	0.8422	Allosteric Regulatory Surface / Novel Epitope	1707.4	0.0	False		None	False		Calpain catalytic (26-343); Domain III (344-495)	None	41	3	2	2	0.116	-16.09	16	22	51.6	21.03	0	22	3115.6	30552.2	0	0	None	0	0	0.81	0.32
c5riboseqorf134_partner_03_GNAI1	RNF130	uORF	1B	GNAI1	P63096	0.2523	0.8318	Cofactor / Substrate Pocket Competitor	1947.3	70.8	False		None	True	2.92	G-alpha (32-354); G1 motif (35-48); G2 motif (173-181)	1KJY; 1Y3A; 2G83; 2IK8; 2OM2; 2XNS; 3ONW; 3QE0; 3QI2; 4G5Q	49	6	3	0	0.136	-0.22	15	24	75.0	19.47	1	31	2868.2	19141.1	0	8	 (res 43);  (res 178);  (res 180)	202	17	0.85	0.34
c14norep29_partner_01_SCFD1	G2E3	intORF	1B	SCFD1	Q8WVM8	0.2533	0.8369	Allosteric Regulatory Surface / Novel Epitope	2575.7	0.0	False		None	False		N/A	None	56	4	0	8	0.087	-11.49	19	34	73.1	24.09	0	32	2886.5	32139.2	0	0	None	0	0	0.79	0.32
c20riboseqorf31_partner_08_PCBP2	ITCH	uORF	2B	PCBP2	Q15366	0.2508	0.4437	Allosteric Regulatory Surface / Novel Epitope	2706.9	15.0	False		None	False		KH 1 (13-75); KH 2 (97-162); KH 3 (287-351)	2AXY; 2P2R; 2PQU; 2PY9	68	6	1	13	0.121	-13.47	14	40	87.5	20.59	1	34	2376.7	22543.8	0	0	None	58	6	0.59	0.3
c5riboseqorf58_partner_01_GTF2H4	CCNH	uoORF	1B	GTF2H4	Q92759	0.252	0.6414	Known Macromolecular Subunit Competitor / Adaptor	2646.4	77.4	False		None	False		N/A	28JM; 28JS; 28JV; 28KE; 29VF; 29WD; 30FF; 30FH; 5IVW; 5IY6	64	3	1	14	0.103	-17.09	20	31	90.9	21.68	0	36	2774.8	25047.8	0	0	None	194	24	0.77	0.27
c10riboseqorf118_partner_05_CDC42	SHTN1	uORF	4	CDC42	P60953	0.2491	0.7104	Active Site Cleft Occlusion / Proximal Inhibitor	1167.1	100.0	False		None	False	6.89	N/A	1A4R; 1AM4; 1CEE; 1CF4; 1DOA; 1E0A; 1EES; 1GZS; 1KI1; 1KZ7	28	6	0	5	0.141	-14.39	11	18	52.4	11.74	0	11	2398.3	11660.1	0	25	None	123	18	0.71	0.42
c21riboseqorf14_partner_09_HDAC1	RUNX1	uORF	1B	HDAC1	Q13547	0.2475	0.7769	Cofactor / Substrate Pocket Competitor	1873.6	47.6	False	7.37	None	True	1.97	Histone deacetylase (9-321); Disordered (390-482)	5ICN; 7AO8; 7AO9; 7AOA; 8VOJ; 8VPQ; 8VRT; 9R4I	38	3	1	5	0.139	-1.75	13	21	65.0	24.03	0	23	2323.3	22796.5	1	6	 (res 27);  (res 178);  (res 270)	129	10	0.81	0.34
c16norep60_partner_01_ACTR5	INO80E	intORF	1B	ACTR5	Q9H9F9	0.2535	0.6494	Shared Physiological Complex Interface	4917.5	50.7	False		None	False		Disordered (584-607)	7ZI4; 9GCG; 9GE5; 9GEV; 9GFB	142	16	3	13	0.043	0.34	48	69	72.7	21.39	3	72	7018.6	33263.1	0	0	None	72	35	0.74	0.28
c8riboseqorf12_partner_04_OGG1	NEIL2	uoORF	1B	OGG1	O15527	0.2482	0.7802	Active Site Blocker / Competitive Decoy	3641.0	46.9	True	3.01	Schiff-base intermediate with DNA (res 249)	True	1.75	Disordered (324-345)	10MN; 1EBM; 1FN7; 1HU0; 1LWV; 1LWW; 1LWY; 1M3H; 1M3Q; 1N39	98	10	7	10	0.054	-11.64	37	49	58.7	20.1	0	46	6342.4	18180.5	1	9	 (res 149);  (res 154);  (res 268);  (res 270);  (res 319)	47	23	0.84	0.28
c1riboseqorf163_partner_02_ACTB	LINC01719	lncRNA	1B	ACTB	P60709	0.2472	0.8651	Known Macromolecular Subunit Competitor / Adaptor	1555.0	100.0	False		None	False		N/A	3BYH; 3J82; 3LUE; 6ANU; 6LTJ; 6NBW; 7P1H; 7QJ6; 7QJ9; 7VDV	39	7	0	3	0.127	-9.31	18	17	69.2	18.27	1	19	3303.1	17290.7	0	0	None	264	17	0.87	0.28
c8norep43_partner_03_SNTA1	PLEKHA2	intORF	1B	SNTA1	Q13424	0.2496	0.5795	Allosteric Regulatory Surface / Novel Epitope	2867.7	0.0	False		None	False		PH 2 (293-401); SU (449-505); Calmodulin-binding (483-505)	None	71	11	2	11	0.086	-9.98	25	33	43.1	18.76	0	32	5402.7	29213.8	0	0	None	0	0	0.71	0.25
c2norep164_partner_01_CTBP1	ZEB2	uORF	1B	CTBP1	Q13363	0.2472	0.7201	Shared Physiological Complex Interface	1477.7	52.4	False	11.35	None	False	18.11	Interaction with GLIS2 1 (1-70)	8ARI; 9WRJ	41	11	1	2	0.115	-6.12	17	21	42.5	16.94	0	15	4508.4	22490.1	3	7	None	103	11	0.79	0.35
c20norep33_partner_07_PRMT5	ENSG00000275457	lncRNA-ORF	4	PRMT5	O14744	0.2473	0.8608	Active Site Blocker / Competitive Decoy	2621.8	78.0	True	3.05	Proton donor/acceptor (res 435); Proton donor/acceptor (res 444)	True	2.77	SAM-dependent MTase PRMT-type (308-615); TIM barrel (13-292); Beta barrel (465-637)	4GQB; 5EMJ; 5EMK; 5EML; 5EMM; 6CKC; 6V0N; 6V0O; 6V0P; 7BOC	71	7	0	3	0.082	-23.64	21	41	72.4	23.05	3	36	3529.6	30239.8	2	7	 (res 327);  (res 333);  (res 435);  (res 444)	190	32	0.86	0.23
c4riboseqorf67_partner_03_GNAO1	GPRIN3	uORF	1B	GNAO1	P09471	0.2462	0.771	Cofactor / Substrate Pocket Competitor	2261.5	46.4	False		None	True	2.86	G-alpha (32-354); G2 motif (174-182); G3 motif (197-206)	21AG; 31BG; 6G79; 6K41; 6OIK; 6WWZ; 7D76; 7D77; 7EJ0; 7EJ8	54	10	1	2	0.092	-11.58	21	28	67.7	18.45	0	34	3133.6	18896.4	0	14	 (res 43);  (res 179);  (res 182)	96	13	0.84	0.32
c3riboseqorf95_partner_01_NCK2	ROBO1	uORF	1B	NCK2	O43639	0.247	0.3422	Allosteric Regulatory Surface / Novel Epitope	3462.1	18.2	False		None	False		SH3 1 (2-61); SH3 2 (111-170); SH3 3 (195-257); SH2 (285-380)	1U5S; 4E6R	88	10	3	9	0.08	-14.37	25	44	80.6	19.04	0	46	3604.7	22820.4	0	0	None	35	8	0.68	0.33
c4riboseqorf2_partner_01_CTBP1	CTBP1	uORF	1B	CTBP1	Q13363	0.2461	0.7295	Known Macromolecular Subunit Competitor / Adaptor	1527.2	70.6	False	15.27	None	False	16.4	Interaction with GLIS2 1 (1-70)	4LCE; 4U6S; 6CDF; 6CDR; 6V89; 6V8A; 7KWM; 8ARI; 9WRJ	35	2	1	4	0.158	-9.15	13	17	40.6	18.39	1	15	3351.1	23131.8	3	7	None	103	12	0.8	0.31
c3riboseqorf51_partner_02_SCRN3	TCAIM	uoORF	1B	SCRN3	Q0VDG4	0.2447	0.8987	Allosteric Regulatory Surface / Novel Epitope	1044.2	0.0	False	9.99	None	False		N/A	None	21	0	0	7	0.162	-14.03	10	13	58.8	21.19	0	12	1861.8	19094.9	1	0	None	0	0	0.85	0.35
c14riboseqorf42_partner_02_ELOB	SOCS4	uORF	1B	ELOB	Q15370	0.244	0.5197	Known Macromolecular Subunit Competitor / Adaptor	1878.0	91.7	False		None	False		Ubiquitin-like (1-66); Disordered (92-118)	1LM8; 1LQB; 1VCB; 29HO; 2C9W; 2IZV; 2JZ3; 2MA9; 3DCG; 3ZKJ	46	8	0	7	0.096	-11.61	20	24	57.1	13.87	1	18	3998.9	7837.8	0	0	None	74	22	0.62	0.4
c15riboseqorf45_partner_01_CIAO1	CIAO2A	uoORF	1B	CIAO1	O76071	0.244	0.9092	Allosteric Regulatory Surface / Novel Epitope	1717.7	0.0	False		None	False		N/A	None	44	8	5	3	0.117	-1.87	15	25	55.6	18.83	0	17	2785.0	14697.6	0	0	None	0	0	0.92	0.33
c1riboseqorf77_partner_02_RAPSN	MACF1	uORF	2B	RAPSN	Q13702	0.2447	0.807	Allosteric Regulatory Surface / Novel Epitope	4005.0	0.0	False		None	False		N/A	None	105	8	0	12	0.068	-15.47	28	55	65.1	19.5	0	48	4927.1	19763.0	0	0	None	0	0	0.82	0.29
c3norep241_partner_02_P4HB	P3H2	intORF	1B	P4HB	P07237	0.2461	0.5451	Active Site Blocker / Competitive Decoy	4108.3	74.5	True	2.8	Nucleophile (res 53)	False		Thioredoxin 1 (18-134); Thioredoxin 2 (349-475); Disordered (471-508)	4JU5; 6I7S; 7ZSC; 8EOJ	92	4	2	15	0.056	-2.27	35	47	55.6	20.26	1	49	5446.6	28930.7	4	0	None	86	35	0.83	0.27
c19riboseqorf151_partner_03_TADA3	ZNF841	uORF	1B	TADA3	O75528	0.2418	0.3202	Allosteric Regulatory Surface / Novel Epitope	1119.3	0.0	False		None	False		N/A	None	22	1	0	8	0.175	-8.38	9	14	47.4	21.39	0	9	2278.3	37519.4	0	0	None	0	0	0.59	0.45
c1riboseqorf238_partner_02_TOR1B	TOR1AIP2	uORF	1B	TOR1B	O14657	0.2423	0.775	Cofactor / Substrate Pocket Competitor	2184.5	0.0	False		None	True	2.89	N/A	None	57	8	0	3	0.111	-21.41	16	32	66.7	18.88	1	30	2853.9	18352.7	0	1	 (res 112);  (res 113);  (res 114);  (res 115);  (res 116)	0	0	0.81	0.31
c4riboseqorf60_partner_02_FAS	PTPN13	uORF	1B	FAS	P25445	0.2417	0.3749	Shared Physiological Complex Interface	1007.2	45.5	False		None	False		Death (230-314); Interaction with HIPK3 (212-317)	3EZQ; 9NCQ	15	1	0	2	0.136	-10.11	10	11	32.3	20.59	0	6	4160.3	30038.9	0	0	None	108	5	0.85	0.7
c5riboseqorf22_partner_03_SIRT3	NNT-AS1	lncRNA	1B	SIRT3	Q9NTG7	0.2438	0.6357	Active Site Blocker / Competitive Decoy	4375.1	54.4	True	2.42	Proton acceptor (res 248)	True	2.07	Deacetylase sirtuin-type (118-380)	3GLR; 3GLT; 3GLU; 4BVE; 4BVF; 4BVG; 4C78; 4C7B; 4FVT; 4FZ3	105	7	1	30	0.054	-11.18	34	57	58.6	20.56	2	35	6436.4	24189.5	1	8	 (res 145);  (res 146);  (res 149);  (res 154);  (res 155);  (res 156);  (res 157);  (res 158);  (res 228);  (res 229);  (res 230);  (res 231)	92	31	0.7	0.37
c1norep256_partner_07_PABPC1	PRRC2C	intORF	1B	PABPC1	P11940	0.2427	0.3097	Known Macromolecular Subunit Competitor / Adaptor	3047.6	74.3	False		None	False		RRM 1 (11-89); RRM 2 (99-175); PABC (542-619); (Microbial infection) Binding to HRSV M2-1 protein (541-636)	1CVJ; 1JGN; 1JH4; 2RQG; 2RQH; 2X04; 3KTP; 3KTR; 3KUI; 3KUJ	66	11	0	8	0.073	-11.62	26	35	76.5	23.6	1	34	3551.6	41298.2	0	0	None	96	26	0.64	0.32
c21riboseqorf14_partner_04_TAL1	RUNX1	uORF	1B	TAL1	P17542	0.2408	0.2022	Known Macromolecular Subunit Competitor / Adaptor	1328.2	80.0	False		None	False		bHLH (187-239)	2YPA; 2YPB	31	0	0	15	0.172	-14.06	12	15	60.0	18.59	0	11	2084.9	26440.8	0	0	None	38	12	0.41	0.58
c16norep106_partner_01_RFC5	CHTF8	intORF	1B	RFC5	P40937	0.2407	0.6213	Known Macromolecular Subunit Competitor / Adaptor	1496.3	81.2	False		None	False	14.57	N/A	8UI7; 8UI8; 8UI9; 8UII; 8UMT; 8UMU; 8UMV; 8UMW; 8UMY; 8UN0	31	1	0	11	0.121	-5.47	16	16	44.4	18.55	0	9	3465.2	19259.8	0	1	None	189	13	0.78	0.41
c14riboseqorf7_partner_02_LIMD1	AJUBA	uORF	1B	LIMD1	Q9UGP4	0.2408	0.2566	Allosteric Regulatory Surface / Novel Epitope	2386.0	0.0	False		None	False		LIM zinc-binding 2 (535-595); LIM zinc-binding 3 (595-664); Necessary for nuclear localization (472-676)	None	70	10	1	6	0.096	-15.96	22	33	88.0	22.3	0	30	3466.6	70849.2	0	0	None	0	0	0.66	0.31
c2riboseqorf98_partner_01_SPOP	SPOPL	uORF	1B	SPOP	O43791	0.2414	0.4544	Known Macromolecular Subunit Competitor / Adaptor	3399.4	90.7	False		None	False		MATH (31-161); BTB (173-297); Required for nuclear localization (71-191); Important for binding substrate proteins (123-133)	3HQH; 3HQI; 3HQL; 3HQM; 3HU6; 3IVB; 3IVQ; 3IVV; 4O1V; 6F8F	94	15	2	6	0.062	-26.21	35	43	57.4	18.05	1	51	7098.9	23017.8	0	0	None	222	39	0.83	0.39
c11riboseqorf143_partner_01_ITM2C	PCSK7	uoORF	1B	ITM2C	Q9NQX7	0.2401	0.5512	Allosteric Regulatory Surface / Novel Epitope	2348.8	0.0	False		None	False		BRICHOS (136-230)	None	55	7	0	10	0.1	-11.41	19	29	65.5	16.61	0	21	4167.5	20133.9	0	0	None	0	0	0.67	0.39
c12riboseqorf13_partner_01_C12orf57	ENSG00000272173	lncRNA-ORF	2B	C12orf57	Q99622	0.2398	0.517	Allosteric Regulatory Surface / Novel Epitope	1311.1	0.0	False		None	False		N/A	None	30	3	1	10	0.125	-10.57	12	20	21.1	10.33	0	11	5949.7	8844.9	0	0	None	0	0	0.66	0.46
c7norep125_partner_03_TXNL1	SLC25A40	uORF	1B	TXNL1	O43396	0.2401	0.5457	Shared Physiological Complex Interface	2129.5	44.1	False		None	False		Thioredoxin (2-109); PITH (115-285)	12BM; 9BW4; 9E8G; 9E8H; 9E8I; 9E8J; 9E8L; 9E8O; 9PMJ; 9PMO	65	9	1	6	0.101	-10.48	19	34	35.2	14.85	0	31	5730.6	15445.0	0	0	None	77	15	0.81	0.43
c5riboseqorf30_partner_03_LIF	IL6ST	uORF	1B	LIF	P15018	0.2389	0.761	Allosteric Regulatory Surface / Novel Epitope	1548.1	20.0	False		None	False		N/A	1PVH; 7N0A; 8D6A	29	4	1	3	0.121	-7.07	12	20	60.0	19.52	2	12	2323.9	11867.2	0	0	None	40	4	0.82	0.45
c14riboseqorf73_partner_03_GATB	COX16	uoORF	1B	GATB	O75879	0.2405	0.7485	Allosteric Regulatory Surface / Novel Epitope	2316.6	0.0	False		None	False	12.93	Cradle (31-375)	None	56	6	0	11	0.093	-21.63	20	30	51.3	19.92	0	29	4351.2	30093.7	0	9	None	0	0	0.79	0.28
c22riboseqorf62_partner_02_RRAS	PLXNB2	uORF	1B	RRAS	P10301	0.2393	0.6563	Active Site Cleft Occlusion / Proximal Inhibitor	978.3	68.8	False		None	False	6.36	Disordered (1-30)	7S0Z	28	4	0	6	0.219	-12.14	8	16	22.9	11.15	0	14	4402.4	13974.5	0	4	None	32	11	0.72	0.41
c17riboseqorf58_partner_02_RNF126	KIAA0100	intORF	1B	RNF126	Q9BV68	0.2398	0.2869	Active Site Cleft Occlusion / Proximal Inhibitor	4105.2	14.9	False		None	False	6.02	Required for interaction with BAG6 (5-100); Sufficient for interaction with AICDA (200-304)	2N9P	99	7	3	15	0.048	-8.65	44	47	60.3	19.62	4	44	5500.1	24611.7	0	4	None	9	7	0.49	0.36
c3norep230_partner_02_VPS33B	VPS8	processed_transcript	1B	VPS33B	Q9H267	0.2384	0.8872	Allosteric Regulatory Surface / Novel Epitope	1680.8	0.0	False		None	False		N/A	None	33	6	0	3	0.129	-10.17	15	17	62.5	23.35	1	15	2755.5	28324.2	0	0	None	0	0	0.85	0.38
c1riboseqorf209_partner_01_DCAF8	DCAF8	uORF	1B	DCAF8	Q5TAQ9	0.2388	0.6211	Allosteric Regulatory Surface / Novel Epitope	3234.6	0.0	False		None	False		Disordered (1-147)	None	101	12	4	9	0.068	-7.53	28	53	66.7	21.52	0	55	4190.1	32842.9	0	0	None	46	0	0.69	0.29
c9riboseqorf98_partner_03_EIF3I	PRRC2B	uoORF	1B	EIF3I	Q13347	0.2381	0.8684	Allosteric Regulatory Surface / Novel Epitope	3065.7	0.0	False		None	False		N/A	None	86	12	1	1	0.072	-13.13	27	44	93.1	19.02	2	50	3924.9	14902.5	0	0	None	0	0	0.86	0.29
c12riboseqorf47_partner_03_HACD1	TMEM106C	uoORF	1B	HACD1	B0YJ81	0.2378	0.6363	Active Site Blocker / Competitive Decoy	3159.2	0.0	True	2.69	 (res 210);  (res 217)	False		N/A	None	77	6	2	8	0.075	-15.95	25	41	89.3	18.39	3	46	3066.2	20363.8	2	0	None	0	0	0.7	0.37
c11riboseqorf51_partner_01_ATG101	ATG13	uoORF	1B	ATG101	Q9BSB4	0.2368	0.7609	Known Macromolecular Subunit Competitor / Adaptor	2271.9	80.0	False		None	False		Important for interaction with ATG13 (152-156)	5C50; 5XUY; 5XV1; 5XV3; 5XV4; 5XV6; 8DO8	46	3	2	8	0.085	-11.13	18	30	40.9	14.81	2	20	5198.3	12533.8	0	0	None	36	24	0.78	0.36
c11norep50_partner_03_ING5	NAV2-AS2	lncRNA-ORF	4	ING5	Q8WYH8	0.2376	0.3677	Cofactor / Substrate Pocket Competitor	4691.3	46.2	False		None	True	4.57	Disordered (116-165)	3C6W; 5ME8; 5MTO	105	12	4	17	0.044	-17.36	46	52	44.7	20.69	0	45	8876.3	18949.7	0	8	 (res 207)	48	24	0.61	0.37
c10riboseqorf77_partner_01_TBP	BTAF1	uORF	1B	TBP	P20226	0.2375	0.539	Cofactor / Substrate Pocket Competitor	1839.1	72.7	False		None	True	2.69	Disordered (1-21)	1C9B; 1CDW; 1JFI; 1NVP; 1TGH; 29VF; 29WD; 30FF; 30FH; 4ROC	39	4	0	13	0.093	-12.11	19	22	48.7	21.69	0	15	4030.4	27247.0	0	5	 (res 167);  (res 257);  (res 294)	119	16	0.73	0.36
c5riboseqorf73_partner_02_DCP1A	DCP2	uoORF	1B	DCP1A	Q9NPI6	0.2383	0.2929	Shared Physiological Complex Interface	3160.7	37.8	False		None	False		N/A	4B6H	75	7	1	14	0.068	-14.61	30	37	42.3	21.7	3	33	6850.0	50697.8	0	0	None	49	14	0.53	0.36
c1norep227_partner_01_ADA	ADAR	uoORF	1B	ADA	P00813	0.2362	0.9126	Active Site Blocker / Competitive Decoy	2457.2	0.0	True	2.64	Proton donor (res 217)	True	2.63	N/A	None	71	4	2	10	0.094	-8.74	21	36	84.0	17.59	1	33	2672.0	15308.8	1	8	 (res 15);  (res 17);  (res 17);  (res 19);  (res 184);  (res 214);  (res 295);  (res 296)	0	0	0.92	0.25
cXriboseqorf59_partner_03_MORF4L1	MORF4L2	uORF	1B	MORF4L1	Q9UBU8	0.2352	0.484	Known Macromolecular Subunit Competitor / Adaptor	1654.6	81.8	False		None	False		MRG (191-362); Sufficient for interaction with SIN3A (133-266); Sufficient for interaction with PHF12 (188-342); Interaction with RB1-2 (323-344)	2AQL; 2F5J; 2LKM; 2N1D; 6AGO; 6INE; 7S4A; 8BPA; 8C60	41	1	0	5	0.116	-13.82	16	22	50.0	17.18	0	24	3261.8	24603.9	0	0	None	69	18	0.65	0.33
c1norep108_partner_01_CCDC17	GPBP1L1	uORF	1B	CCDC17	Q96LX7	0.2357	0.3582	Allosteric Regulatory Surface / Novel Epitope	1190.9	0.0	False		None	False		N/A	None	29	4	0	7	0.155	-10.77	11	17	42.3	23.36	0	12	3030.8	39904.6	0	0	None	0	0	0.55	0.49
c11norep180_partner_03_PAFAH2	PAFAH1B2	intORF	1B	PAFAH2	Q99487	0.2353	0.8724	Active Site Blocker / Competitive Decoy	2930.4	0.0	True	3.5	Charge relay system (res 314)	False		N/A	None	79	1	0	19	0.067	-19.74	28	42	71.8	18.65	0	40	4054.4	17090.0	3	0	None	0	0	0.87	0.29
c14riboseqorf72_partner_01_SRPK1	SRSF5	uORF	1B	SRPK1	Q96SB4	0.235	0.6457	Known Macromolecular Subunit Competitor / Adaptor	1589.4	71.4	False	18.83	None	False	20.6	Protein kinase (80-653)	1WBP; 3BEG; 6FAD; 7DD1	40	0	2	1	0.127	-4.8	15	21	53.6	22.08	1	24	2718.1	38046.6	1	3	None	33	15	0.67	0.25
c9riboseqorf98_partner_01_EIF3H	PRRC2B	uoORF	1B	EIF3H	O15372	0.2352	0.5774	Shared Physiological Complex Interface	1817.1	42.9	False		None	False		MPN (39-173)	6ZON; 6ZP4; 6ZVJ; 7A09; 8PPL	39	4	1	5	0.116	-12.81	16	21	55.2	17.96	3	19	3175.0	23802.2	0	0	None	147	9	0.66	0.33
c12riboseqorf146_partner_02_ILK	PXN-AS1	lncRNA-ORF	2B	ILK	Q13418	0.235	0.6808	Cofactor / Substrate Pocket Competitor	2710.7	31.0	False		None	True	2.04	Protein kinase (193-446); PH-like; mediates interaction with TGFB1I1 (180-212)	3KMU; 3KMW; 3REP; 6MIB; 9D5E; 9D5F; 9D5G; 9D5H; 9D5I; 9D5P	81	12	1	10	0.102	-11.08	19	42	82.6	22.4	0	39	3256.0	21619.7	0	10	 (res 200);  (res 202);  (res 203);  (res 204);  (res 220);  (res 272);  (res 279);  (res 339);  (res 341)	44	13	0.85	0.26
c15riboseqorf45_partner_04_NUBP1	CIAO2A	uoORF	1B	NUBP1	P53384	0.2338	0.7399	Allosteric Regulatory Surface / Novel Epitope	1995.9	0.0	False		None	False	14.16	N/A	None	48	5	0	10	0.109	-8.18	17	26	63.0	19.94	0	21	3297.5	16208.4	0	7	None	0	0	0.73	0.33
c11norep88_partner_03_PPP1CA	PPP1R14B-AS1	lncRNA	1B	PPP1CA	P62136	0.2334	0.8464	Known Macromolecular Subunit Competitor / Adaptor	1585.4	100.0	False	24.05	None	False	14.24	N/A	3EGG; 3EGH; 3HVQ; 3N5U; 3V4Y; 4G9J; 4MOY; 4MP0; 4XPN; 5IOH	42	8	0	5	0.146	-14.88	16	18	64.0	16.72	0	22	3056.9	15061.7	1	8	None	170	18	0.87	0.32
c8riboseqorf88_partner_01_WNT11	FZD6	uORF	1B	WNT11	O96014	0.2337	0.7608	Allosteric Regulatory Surface / Novel Epitope	2902.8	0.0	False		None	False		N/A	None	81	7	3	6	0.095	4.84	23	37	76.7	19.89	3	43	3698.0	21575.9	0	0	None	0	0	0.75	0.29
c3norep203_partner_01_CTBP1	MECOM	uORF	1B	CTBP1	Q13363	0.2326	0.7243	Known Macromolecular Subunit Competitor / Adaptor	1488.4	60.0	False	14.95	None	False	14.64	Interaction with GLIS2 1 (1-70)	4LCE; 4U6S; 6CDF; 6CDR; 6V89; 6V8A; 7KWM; 8ARI; 9WRJ	34	3	1	5	0.142	-3.55	12	20	41.4	20.23	0	16	2874.5	23897.6	3	7	None	103	12	0.79	0.35
c20riboseqorf49_partner_03_SLC35E1	SLC35C2	uORF	1B	SLC35E1	Q96K37	0.2329	0.6406	Allosteric Regulatory Surface / Novel Epitope	2429.5	0.0	False		None	False		N/A	None	61	10	2	7	0.103	-16.9	17	35	73.9	21.3	0	30	2377.9	22403.5	0	0	None	0	0	0.67	0.32
c17riboseqorf84_partner_03_EIF4A1	EIF1	dORF	1B	EIF4A1	P60842	0.2324	0.5608	Shared Physiological Complex Interface	2319.3	40.7	False		None	False	28.28	Helicase C-terminal (245-406)	6ZMW; 7PPZ; 7PQ0; 8HUJ	55	5	0	14	0.12	-17.56	17	27	89.5	19.93	0	30	2476.9	22029.0	0	1	None	103	11	0.78	0.26
c10riboseqorf95_partner_03_SLC25A4	TWNK	uORF	1B	SLC25A4	P12235	0.2323	0.6868	Cofactor / Substrate Pocket Competitor	2351.1	0.0	False		None	True	2.66	Important for transport activity (235-240)	None	51	5	2	1	0.097	-13.5	17	31	77.3	17.6	0	32	2328.5	16560.3	0	3	 (res 80);  (res 92);  (res 235)	0	0	0.69	0.28
c6riboseqorf99_partner_04_CDK19	CCNC	uoORF	1B	CDK19	Q9BWU1	0.2332	0.6554	Allosteric Regulatory Surface / Novel Epitope	3002.2	0.0	False	9.06	None	False	10.45	Protein kinase (21-335); Disordered (359-502)	None	74	6	1	14	0.073	-5.51	26	39	70.3	22.19	0	40	3831.2	29027.6	1	2	None	0	0	0.68	0.3
cXnorep10_partner_01_LIMS1	TMSB4X	dORF	1B	LIMS1	P48059	0.2317	0.3168	Allosteric Regulatory Surface / Novel Epitope	2209.3	10.0	False		None	False		LIM zinc-binding 1 (10-62); LIM zinc-binding 2 (71-121)	2KBX; 3F6Q; 4HI8; 4HI9	63	8	0	9	0.1	-17.6	21	30	95.5	20.81	0	33	3277.0	23246.7	0	0	None	49	3	0.77	0.3
c17riboseqorf78_partner_05_PRG2	IGFBP4	uORF	1B	PRG2	P13727	0.2308	0.5763	Shared Physiological Complex Interface	1101.7	38.5	False		None	False		C-type lectin (104-222)	7Y5N; 8HGG	21	3	0	3	0.162	-9.25	10	13	58.8	13.89	0	11	2506.1	16563.8	0	0	None	50	5	0.67	0.6
c16norep37_partner_10_ANKUB1	ENSG00000260592	lncRNA-ORF	4	ANKUB1	A6NFN9	0.233	0.5295	Allosteric Regulatory Surface / Novel Epitope	2024.3	0.0	False		None	False		N/A	None	51	6	0	9	0.106	-6.79	24	20	39.3	17.83	0	25	5864.2	31356.0	0	0	None	0	0	0.68	0.33
c15riboseqorf19_partner_01_MAPK9	MAPKBP1	uORF	1B	MAPK9	P45984	0.2312	0.7362	Active Site Blocker / Competitive Decoy	3732.5	0.0	True	3.46	Proton acceptor (res 151)	True	2.64	Protein kinase (26-321)	None	95	9	4	7	0.06	-1.81	30	53	88.2	20.08	1	55	4132.0	22121.3	1	2	 (res 32);  (res 33);  (res 34);  (res 35);  (res 40);  (res 55)	0	0	0.76	0.27
c12norep105_partner_01_RXRA	CYP27B1	intORF	1A	RXRA	P19793	0.2365	0.4269	Known Macromolecular Subunit Competitor / Adaptor	4666.0	70.0	False		None	False	14.83	NR LBD (227-458); Modulating (1-134); Disordered (1-107); Hinge (201-224); Disordered (206-228)	1DSZ; 1FBY; 1FM6; 1FM9; 1G1U; 1G5Y; 1K74; 1MV9; 1MVC; 1MZN	126	17	2	26	0.041	-1.26	62	50	31.3	24.71	0	47	15787.8	25067.4	0	12	None	157	35	0.67	0.31
c4riboseqorf2_partner_05_HDAC1	CTBP1	uORF	1B	HDAC1	Q13547	0.2298	0.7549	Cofactor / Substrate Pocket Competitor	2163.3	92.6	False	6.7	None	True	2.98	Histone deacetylase (9-321); Disordered (390-482)	4BKX; 5ICN; 6Z2J; 6Z2K; 7AO8; 7AO9; 7AOA; 8VOJ; 8VPQ; 8VRT	48	9	0	5	0.094	-9.97	19	27	59.4	21.06	2	23	3624.7	21563.6	1	6	 (res 270)	129	25	0.81	0.28
c17norep42_partner_01_PPARG	NCOR1	intORF	1B	PPARG	P37231	0.2302	0.5146	Cofactor / Substrate Pocket Competitor	3731.1	60.0	False		None	True	4.12	NR LBD (238-503)	1FM6; 1FM9; 1K74; 1NYX; 1WM0; 1ZGY; 2ATH; 2FVJ; 2G0G; 2G0H	80	4	1	28	0.065	-5.91	31	40	77.5	21.63	3	33	3911.8	32206.1	0	4	 (res 501)	159	24	0.63	0.38
c18riboseqorf18_partner_03_REPS2	RALBP1	uORF	1B	REPS2	Q8NFH8	0.2295	0.2297	Cofactor / Substrate Pocket Competitor	2151.0	0.0	False		None	True	2.75	EH 2 (282-373); EF-hand (315-350); Disordered (169-208); Interaction with RALBP1 (514-660); Interaction with ASAP1 (561-660)	None	52	6	1	7	0.081	-8.16	20	32	90.9	25.37	0	27	2837.6	61583.5	0	4	 (res 328);  (res 332)	0	0	0.57	0.58
c18riboseqorf19_partner_02_RABGGTA	RAB31	uoORF	1B	RABGGTA	Q92696	0.2303	0.7316	Allosteric Regulatory Surface / Novel Epitope	4281.5	0.0	False		None	False		N/A	None	116	12	1	10	0.065	-6.8	33	54	76.7	22.49	3	65	4517.8	29762.2	0	0	None	0	0	0.82	0.26
c1norep185_partner_02_WARS1	WARS2-AS1	lncRNA-ORF	4	WARS1	P23381	0.2293	0.7697	Allosteric Regulatory Surface / Novel Epitope	3743.9	16.1	False		None	False		WHEP-TRS (8-64); Disordered (59-79)	1O5T; 1R6T; 1R6U; 1ULH; 2AKE; 2AZX; 2DR2; 2QUH; 2QUI; 2QUJ	96	10	1	14	0.078	-9.74	22	56	84.6	20.13	0	50	3483.9	24480.2	0	0	None	70	9	0.83	0.22
c3riboseqorf115_partner_03_B3GNT2	B4GALT4	uORF	1B	B3GNT2	Q9NY97	0.2288	0.7724	Allosteric Regulatory Surface / Novel Epitope	2570.3	0.0	False		None	False		N/A	None	82	8	2	7	0.101	-2.86	22	37	66.7	18.65	1	50	3367.6	22713.5	0	0	None	37	0	0.81	0.26
c5norep54_partner_01_FNDC11	GPBP1	uORF	1B	FNDC11	Q9BVV2	0.228	0.5325	Allosteric Regulatory Surface / Novel Epitope	1131.3	0.0	False		None	False		N/A	None	19	1	2	5	0.173	-8.86	10	11	35.7	18.84	0	9	3428.5	21801.5	0	0	None	0	0	0.68	0.38
c3norep241_partner_10_SERPINH1	P3H2	intORF	1B	SERPINH1	P50454	0.2284	0.8149	Allosteric Regulatory Surface / Novel Epitope	2019.4	0.0	False		None	False		N/A	None	49	7	1	8	0.115	-4.07	17	25	27.0	19.89	7	16	4707.1	20809.4	0	0	None	0	0	0.85	0.32
c8riboseqorf15_partner_02_CNOT9	CNOT7	uORF	1A	CNOT9	Q92600	0.2279	0.8107	Known Macromolecular Subunit Competitor / Adaptor	1550.2	73.9	False		None	False		N/A	5LSW; 5ONA; 5ONB; 6HOM; 6HON; 9FL8; 9JNL; 9JNM	38	3	0	3	0.165	-10.75	10	23	25.6	18.18	3	22	4225.6	15372.7	0	0	None	98	17	0.88	0.47
c7riboseqorf104_partner_02_HSPA8	DNAJC2	uORF	1B	HSPA8	P11142	0.2278	0.6518	Allosteric Regulatory Surface / Novel Epitope	1848.7	14.3	False		None	False	13.09	Substrate-binding domain (SBD) (394-509); Disordered (614-646)	3AGY; 3AGZ; 3ESK; 4KBQ	49	5	0	7	0.175	-11.53	10	28	55.6	22.28	0	24	2746.0	31886.0	0	12	None	38	4	0.83	0.23
c8riboseqorf15_partner_08_CNOT9	CNOT7	uORF	1A	CNOT9	Q92600	0.2279	0.8107	Known Macromolecular Subunit Competitor / Adaptor	1550.2	73.9	False		None	False		N/A	5LSW; 5ONA; 5ONB; 6HOM; 6HON; 9FL8; 9JNL; 9JNM	38	3	0	3	0.165	-10.75	10	23	25.6	18.18	3	22	4225.6	15372.7	0	0	None	98	17	0.88	0.47
c3riboseqorf154_partner_01_MBNL1	MBNL1	uORF	1B	MBNL1	Q9NR56	0.2278	0.259	Known Macromolecular Subunit Competitor / Adaptor	1432.1	84.2	False		None	False		N/A	5U9B	36	3	0	6	0.146	-9.23	13	19	81.2	21.63	0	17	2038.9	28561.4	0	0	None	29	16	0.51	0.43
c22riboseqorf52_partner_03_DEPTOR	PRR5	uORF	1B	DEPTOR	Q8TB45	0.2274	0.5218	Known Macromolecular Subunit Competitor / Adaptor	4226.5	66.7	False		None	False		DEP 1 (36-119); PDZ (330-407)	7OWG; 7PE7; 7PE8; 7PE9; 7PEA; 7PEB; 7PEC; 7PED	120	13	1	7	0.069	2.82	29	60	80.6	21.65	0	66	4295.6	22793.2	0	0	None	90	40	0.72	0.34
c1riboseqorf177_partner_02_ACBD3	PI4KB	uORF	1B	ACBD3	Q9H3P7	0.2279	0.3217	Shared Physiological Complex Interface	3715.0	47.9	False		None	False		ACB (83-174); GOLD (384-526); Disordered (335-362); Membrane-binding (514-516)	5LZ3; 5LZ6; 6HLN; 6HLT; 6HLV; 6HLW; 6HM8; 6HMV	93	8	2	11	0.062	-9.25	31	48	56.4	23.43	1	48	6450.0	39292.6	0	0	None	65	23	0.68	0.34
c5riboseqorf68_partner_01_BMP2	RGMB	uORF	1B	BMP2	P12643	0.2272	0.6871	Allosteric Regulatory Surface / Novel Epitope	1204.2	20.0	False		None	False		N/A	1ES7; 1REU; 1REW; 2H62; 2H64; 2QJ9; 2QJA; 2QJB; 3BMP; 4MID	23	0	1	5	0.118	-6.82	13	15	40.6	20.87	0	11	3365.9	25102.7	0	0	None	79	3	0.71	0.43
c19riboseqorf66_partner_07_RUVBL1	URI1	uORF	1B	RUVBL1	Q9Y265	0.2275	0.6765	Known Macromolecular Subunit Competitor / Adaptor	4136.6	98.0	False		None	False	21.18	N/A	2C9O; 2XSZ; 5OAF; 6FO1; 6HTS; 6IGM; 6K0R; 6QI8; 6QI9; 7AHO	100	11	3	14	0.056	-12.24	36	50	67.9	22.68	2	46	6457.6	26845.8	0	1	None	349	49	0.78	0.32
c4riboseqorf2_partner_02_CTBP2	CTBP1	uORF	1B	CTBP2	P56545	0.2267	0.7183	Known Macromolecular Subunit Competitor / Adaptor	1340.6	72.2	False	16.79	None	False	16.13	N/A	2OME; 4LCJ; 6WKW; 8ATI; 9WRI	32	5	0	3	0.162	-8.48	11	18	34.4	20.16	2	14	3555.5	24187.8	3	7	None	99	13	0.79	0.3
c3riboseqorf1_partner_01_TRMT112	THUMPD3	uORF	1B	TRMT112	Q9UI30	0.2246	0.6655	Known Macromolecular Subunit Competitor / Adaptor	1619.4	72.7	False		None	False		TRM112 (2-119)	6H1D; 6H1E; 6H2U; 6H2V; 6K0X; 6KHS; 6KMR; 6KMS; 6PED; 7WTS	43	7	0	14	0.122	-14.31	16	22	48.5	15.13	0	15	3256.6	7756.1	0	0	None	36	16	0.74	0.38
c7riboseqorf58_partner_02_TRMT5	TYW1	uORF	1B	TRMT5	Q32P41	0.2253	0.6712	Cofactor / Substrate Pocket Competitor	2347.3	0.0	False		None	True	2.55	N/A	None	68	13	1	5	0.109	-17.77	16	39	94.1	21.28	0	35	1975.9	28040.1	0	4	 (res 327);  (res 328);  (res 387)	0	0	0.79	0.24
c1riboseqorf209_partner_04_DCAF15	DCAF8	uORF	1B	DCAF15	Q66K64	0.2274	0.6799	Shared Physiological Complex Interface	2528.2	34.3	False		None	False	13.21	N/A	6PAI; 6Q0R; 6Q0V; 6Q0W; 6SJ7; 6UD7; 6UE5	67	7	1	2	0.077	-14.44	25	35	59.5	19.94	2	44	4478.4	36958.2	0	6	None	213	12	0.67	0.26
c10riboseqorf118_partner_02_RUFY3	SHTN1	uORF	4	RUFY3	Q7L099	0.2249	0.444	Allosteric Regulatory Surface / Novel Epitope	1856.6	0.0	False		None	False		RUN (95-227)	None	54	8	0	6	0.138	-13.28	15	26	71.4	18.09	0	27	2293.6	32567.4	0	0	None	0	0	0.68	0.33
cXriboseqorf59_partner_08_ING3	MORF4L2	uORF	1B	ING3	Q9NXR8	0.2248	0.3155	Shared Physiological Complex Interface	3007.0	41.2	False		None	False	13.12	Disordered (286-325)	8COK	57	0	0	16	0.076	-10.18	22	34	68.8	25.08	1	27	3296.9	35232.1	0	8	None	36	14	0.57	0.38
c10riboseqorf127_partner_01_IKZF3	IKZF5	uORF	1B	IKZF3	Q9UKT9	0.226	0.2484	Allosteric Regulatory Surface / Novel Epitope	1340.4	0.0	False		None	False		Mediates homodimerization and heterodimerization (452-504)	None	32	2	0	9	0.133	-13.04	15	16	37.5	19.13	2	8	4972.8	57138.2	0	0	None	21	0	0.73	0.52
c14norep27_partner_02_CIDEA	CIDEB	uORF	2B	CIDEA	O60543	0.2234	0.3837	Allosteric Regulatory Surface / Novel Epitope	827.3	0.0	False		None	False		N/A	None	17	3	1	0	0.172	-10.74	9	11	32.1	12.28	0	5	4226.3	20621.7	0	0	None	0	0	0.77	0.72
c5riboseqorf75_partner_01_CUL2	FEM1C	uORF	1B	CUL2	Q13617	0.2242	0.7546	Known Macromolecular Subunit Competitor / Adaptor	2689.6	100.0	False		None	False		N/A	5N4W; 6R6H; 6R7F; 6R7H; 6R7I; 6R7N; 7PLO; 8IJ1; 8JAQ; 8JAS	87	21	0	8	0.118	-13.58	18	41	78.3	23.0	0	37	3195.5	42362.1	0	0	None	383	41	0.83	0.28
c10riboseqorf20_partner_01_TIMMDC1	YME1L1	intORF	1B	TIMMDC1	Q9NPL8	0.2234	0.4462	Allosteric Regulatory Surface / Novel Epitope	1563.7	0.0	False		None	False		N/A	None	26	1	0	12	0.127	-12.54	12	17	48.0	17.08	0	8	2807.1	24613.0	0	0	None	0	0	0.65	0.51
c5riboseqorf22_partner_01_NADK2	NNT-AS1	lncRNA	1B	NADK2	Q4G0N4	0.2237	0.7153	Shared Physiological Complex Interface	2218.5	35.7	False		None	False		N/A	7N29; 7R4J; 7R4K; 7R4L; 7R4M	54	4	2	8	0.096	-11.5	20	28	34.5	20.8	2	29	5887.8	25238.5	0	0	None	53	10	0.75	0.37
c17norep109_partner_07_BIRC2	MAP3K14-AS1	lncRNA-ORF	4	BIRC2	Q13490	0.2236	0.2716	Active Site Cleft Occlusion / Proximal Inhibitor	3741.3	40.4	False		None	False	5.28	N/A	3D9T; 3D9U; 3MUP; 3UW4; 4EB9; 6W7O; 6W8I; 7TRL; 8DSO	85	13	6	3	0.053	0.92	34	47	68.0	24.85	0	40	4993.0	38588.6	0	4	None	51	19	0.68	0.32
c5riboseqorf133_partner_03_FUT8	MGAT4B	uoORF	1B	FUT8	Q9BYC5	0.2217	0.7152	Allosteric Regulatory Surface / Novel Epitope	3526.9	0.0	False		None	False		GT23 (206-493); SH3 (502-563)	None	85	13	3	11	0.06	-13.69	30	47	44.8	23.94	0	39	8048.0	30194.1	0	0	None	76	0	0.81	0.3
c19riboseqorf66_partner_08_RUVBL2	URI1	uORF	1B	RUVBL2	Q9Y230	0.2223	0.6361	Known Macromolecular Subunit Competitor / Adaptor	3284.9	97.7	False		None	False	25.71	N/A	3UK6; 5OAF; 6H7X; 6HTS; 6IGM; 6QI8; 6QI9; 7OLE; 7ZI4; 8QR1	87	11	4	7	0.06	-3.78	34	43	64.2	20.11	0	37	6135.5	26846.3	0	1	None	334	42	0.74	0.3
c19riboseqorf107_partner_03_YWHAZ	SIPA1L3	uORF	1B	YWHAZ	P63104	0.2211	0.8345	Known Macromolecular Subunit Competitor / Adaptor	2584.1	100.0	False		None	False		N/A	1IB1; 1QJA; 1QJB; 2C1J; 2C1N; 2O02; 2WH0; 3CU8; 3NKX; 4BG6	64	3	0	15	0.09	-16.8	21	34	65.6	17.25	0	32	3450.8	14243.0	0	0	None	98	34	0.86	0.31
c1norep148_partner_03_P3H2	ZNF644	lncRNA-ORF	1B	P3H2	Q8IVL5	0.2226	0.5522	Cofactor / Substrate Pocket Competitor	6456.3	0.0	False	11.89	None	True	4.16	Fe2OG dioxygenase (557-671)	None	152	13	2	20	0.043	-17.21	43	82	95.6	23.41	6	75	5368.2	38478.8	1	3	 (res 580);  (res 582)	0	0	0.74	0.24
c6riboseqorf74_partner_01_TRADD	TNFRSF21	uORF	1B	TRADD	Q15628	0.2211	0.4789	Known Macromolecular Subunit Competitor / Adaptor	2244.9	78.1	False		None	False		Death (179-289); Interaction with KRT14 and KRT18 (222-289)	1F3V; 9VGD; 9VIN	58	6	1	6	0.095	-17.66	19	32	39.6	20.73	1	28	5709.1	18539.2	0	0	None	75	25	0.77	0.39
c17norep67_partner_02_RNF135	EVI2A	uORF	2B	RNF135	Q8IUD6	0.2213	0.4379	Peripheral Surface Interaction	355.5	0.0	False		None	False		B30.2/SPRY (241-432)	None	4	0	0	2	0.5	-10.02	2	4	5.7	27.35	1	0	4400.1	31610.3	0	0	None	24	0	0.7	0.51
c3riboseqorf106_partner_03_SRSF11	ZBTB11-AS1	lncRNA-ORF	1B	SRSF11	Q05519	0.2233	0.2572	Allosteric Regulatory Surface / Novel Epitope	3071.1	0.0	False		None	False		RRM (33-113); Disordered (233-484); 10 X 8 AA approximate repeats of R-R-S-R-S-R-S-R (247-353)	None	79	9	1	10	0.075	1.33	31	34	35.2	22.97	2	43	6009.4	37081.8	0	0	None	0	0	0.46	0.35
c16norep103_partner_04_MAPK9	NFATC3	intORF	1B	MAPK9	P45984	0.2205	0.7248	Cofactor / Substrate Pocket Competitor	2903.4	0.0	False	6.42	None	True	2.31	Protein kinase (26-321); Disordered (368-424)	None	80	10	0	15	0.076	-6.43	25	42	71.4	20.64	3	38	4079.2	20577.6	1	2	 (res 32);  (res 33);  (res 34);  (res 35);  (res 36);  (res 37);  (res 38);  (res 40);  (res 55)	0	0	0.75	0.26
c17norep84_partner_01_SCN4B	nan	mixed	1B	SCN4B	Q8IWT1	0.22	0.5445	Shared Physiological Complex Interface	514.1	33.3	False		None	False		Ig-like C2-type (31-148)	5XAW; 7DTD	8	0	0	2	0.167	-8.09	8	6	25.0	15.95	0	4	4935.3	18798.5	0	0	None	27	2	0.8	0.59
c17norep67_partner_06_ADAP2	EVI2A	uORF	2B	ADAP2	Q9NPF8	0.22	0.8236	Allosteric Regulatory Surface / Novel Epitope	2193.8	0.0	False		None	False		Arf-GAP (9-131); PH 1 (132-233); PH 2 (255-361)	None	44	0	1	5	0.093	-6.62	19	25	54.3	19.43	1	29	3710.7	20158.7	0	0	None	0	0	0.84	0.33
c7riboseqorf58_partner_01_TYW3	TYW1	uORF	1B	TYW3	Q6IPR3	0.2194	0.6573	Allosteric Regulatory Surface / Novel Epitope	1537.8	0.0	False		None	False		N/A	None	36	4	0	4	0.104	-12.44	15	23	88.2	18.99	1	16	2064.8	17313.5	0	0	None	0	0	0.71	0.28
c19riboseqorf61_partner_05_YWHAZ	AC006504.5	lncRNA	1B	YWHAZ	P63104	0.2192	0.807	Known Macromolecular Subunit Competitor / Adaptor	2315.5	100.0	False		None	False		N/A	1IB1; 1QJA; 1QJB; 2C1J; 2C1N; 2O02; 2WH0; 3CU8; 3NKX; 4BG6	49	5	2	9	0.087	-9.83	17	33	37.8	15.1	0	22	4872.5	14181.8	0	0	None	98	33	0.86	0.31
c19norep118_partner_02_EDC3	LSM14A	intORF	1B	EDC3	Q96F86	0.2199	0.4958	Allosteric Regulatory Surface / Novel Epitope	2486.6	0.0	False		None	False		Sm (1-68); YjeF N-terminal (283-487); Required for P-body targeting and interaction with DCP1A (1-79)	None	56	9	0	13	0.093	-11.76	24	25	61.5	21.49	0	24	4094.2	35780.2	0	0	None	60	0	0.65	0.28
c11norep130_partner_01_GNAQ	P2RY2	uORF	2B	GNAQ	P50148	0.2191	0.7515	Cofactor / Substrate Pocket Competitor	2534.4	60.7	False		None	True	2.81	G-alpha (38-359); G1 motif (41-54); G2 motif (178-186); G3 motif (201-210)	24XB; 6VU5; 7DFL; 7EZM; 7F6G; 7F6H; 7F6I; 7F8W; 7W3Z; 7W40	62	4	1	12	0.096	-4.04	23	28	69.7	20.07	1	34	3257.9	19966.1	0	15	 (res 50);  (res 52);  (res 53);  (res 53);  (res 183);  (res 186)	117	17	0.83	0.31
c15riboseqorf22_partner_01_EPHX2	ADAL	uORF	1B	EPHX2	P34913	0.2193	0.6198	Cofactor / Substrate Pocket Competitor	2566.4	34.2	False	46.05	None	True	1.65	Phosphatase (1-224)	1S8O; 1VJ5; 1ZD2; 1ZD3; 1ZD4; 1ZD5; 3I1Y; 3I28; 3KOO; 3OTQ	79	10	1	4	0.115	-12.79	18	38	81.8	22.09	1	45	2659.3	25864.8	3	5	 (res 11);  (res 123);  (res 124);  (res 185)	81	13	0.89	0.23
c14riboseqorf97_partner_03_PARD6B	PTPN21	uORF	2B	PARD6B	Q9BYG5	0.2186	0.3084	Peripheral Surface Interaction	760.7	0.0	False		None	False		PDZ (157-250); Interaction with PARD3 and CDC42 (126-253)	None	23	5	0	4	0.354	-12.63	5	13	20.0	14.87	0	10	3793.7	35048.4	0	0	None	0	0	0.63	0.47
c7norep92_partner_02_SHMT1	PSPH	uORF	1B	SHMT1	P34896	0.2183	0.8957	Allosteric Regulatory Surface / Novel Epitope	1716.6	22.7	False	17.89	None	False	15.21	N/A	6FL5; 6M5W; 7RJL; 7RJP; 8A11; 8R7H; 8XND	46	5	1	3	0.139	0.22	15	22	75.0	22.6	0	25	2973.3	22897.3	1	20	None	135	5	0.88	0.26
c1riboseqorf199_partner_05_HAPLN1	ENSG00000229953	lncRNA-ORF	1B	HAPLN1	P10915	0.2179	0.7375	Allosteric Regulatory Surface / Novel Epitope	3679.5	0.0	False		None	False		Ig-like V-type (38-152); Link 1 (159-254); Link 2 (259-351)	None	85	10	3	2	0.062	-2.01	28	49	65.1	20.84	3	56	5257.2	19164.2	0	0	None	0	0	0.81	0.3
c2riboseqorf115_partner_02_FASTKD2	FASTKD1	uORF	1B	FASTKD2	Q9NYY8	0.2181	0.6942	Allosteric Regulatory Surface / Novel Epitope	1106.6	0.0	False		None	False		N/A	None	27	1	2	4	0.161	-14.63	12	14	57.1	22.84	0	14	2533.3	36188.8	0	0	None	0	0	0.74	0.34
c1norep188_partner_02_RBPJ	NOTCH2	intORF	1B	RBPJ	Q06330	0.2194	0.741	Shared Physiological Complex Interface	5098.1	46.4	False		None	False		IPT/TIG (355-445); Disordered (465-500)	2F8X; 3NBN; 3V79; 6PY8	139	24	2	15	0.049	-11.55	41	69	58.6	21.34	0	71	7511.2	29044.1	0	0	None	108	32	0.78	0.29
c10riboseqorf20_partner_03_CLPX	YME1L1	intORF	1B	CLPX	O76031	0.2175	0.5299	Active Site Cleft Occlusion / Proximal Inhibitor	2936.7	2.6	False		None	False	6.11	ClpX-type ZB (93-146)	9DVY; 9YKX	74	10	1	18	0.1	-14.74	19	39	76.0	24.96	0	31	3408.4	43676.5	0	5	None	111	1	0.62	0.41
c7riboseqorf18_partner_06_SNX27	SNX13	uORF	1B	SNX27	Q96L92	0.2189	0.5317	Allosteric Regulatory Surface / Novel Epitope	4164.8	1.8	False		None	False		PDZ (43-136); Ras-associating (273-362); FERM-like region F1 (273-362); FERM-like region F3 (425-525)	6SAK	101	9	3	14	0.046	-6.93	40	55	76.9	22.14	1	45	6480.2	28684.1	0	0	None	39	1	0.75	0.26
c16riboseqorf1_partner_04_PDCD7	SNRNP25	uoORF	1B	PDCD7	Q8N8D1	0.2174	0.3341	Allosteric Regulatory Surface / Novel Epitope	2339.2	0.0	False		None	False		Disordered (1-133)	None	47	2	1	14	0.08	-3.27	19	31	42.2	23.87	1	15	6058.4	40934.9	0	0	None	88	0	0.68	0.51
c2riboseqorf55_partner_06_WWOX	WBP1	uORF	1B	WWOX	Q9NZC7	0.2172	0.7092	Active Site Blocker / Competitive Decoy	2341.3	0.0	True	3.47	Proton acceptor (res 293)	True	3.12	Interaction with MAPT (125-414); Mediates targeting to the mitochondria (209-273)	None	53	1	1	12	0.102	-9.61	20	26	55.6	20.81	0	26	3612.3	20692.9	1	2	 (res 134);  (res 260)	0	0	0.79	0.3
c8riboseqorf15_partner_10_TOB2	CNOT7	uORF	1A	TOB2	Q14106	0.2171	0.3274	Allosteric Regulatory Surface / Novel Epitope	1144.9	0.0	False		None	False		N/A	None	27	0	6	1	0.188	-6.65	8	18	20.5	13.98	0	14	4692.6	18713.1	0	0	None	0	0	0.5	0.54
c20riboseqorf31_partner_10_UBE2L3	ITCH	uORF	2B	UBE2L3	P68036	0.216	0.8375	Allosteric Regulatory Surface / Novel Epitope	1349.3	11.8	False	22.06	None	False		UBC core (2-149)	1FBV	29	9	0	4	0.171	-9.45	10	17	62.5	15.08	0	13	2604.2	9165.0	1	0	None	57	2	0.86	0.34
c15norep8_partner_02_SCG3	SCG5	intORF	1B	SCG3	Q8WXD2	0.2166	0.2193	Allosteric Regulatory Surface / Novel Epitope	1752.9	0.0	False		None	False		Disordered (23-69)	None	36	5	1	5	0.143	-12.79	12	21	70.6	21.99	0	17	2293.9	34456.1	0	0	None	0	0	0.45	0.3
cXnorep10_partner_03_ILK	TMSB4X	dORF	1B	ILK	Q13418	0.2159	0.5533	Cofactor / Substrate Pocket Competitor	3072.0	69.8	False		None	True	1.42	Protein kinase (193-446); Interaction with LIMS1 (33-139)	2KBX; 3F6Q; 3IXE; 3KMU; 3KMW; 3REP; 4HI8; 4HI9; 6MIB; 9D5E	81	2	0	11	0.09	-8.98	21	43	95.5	23.87	3	47	2447.0	22127.6	0	10	 (res 341)	44	30	0.8	0.28
cXriboseqorf59_partner_01_MORF4L2	MORF4L2	uORF	1B	MORF4L2	Q15014	0.2159	0.5524	Allosteric Regulatory Surface / Novel Epitope	2199.4	0.0	False		None	False		MRG (117-288); Disordered (1-113)	None	42	5	3	3	0.103	-20.41	17	24	53.1	18.76	1	23	3189.5	19121.3	0	0	None	0	0	0.65	0.36
c5riboseqorf9_partner_02_ACTB	MIR4458HG	lncRNA	1B	ACTB	P60709	0.2153	0.8544	Known Macromolecular Subunit Competitor / Adaptor	1698.2	100.0	False		None	False		N/A	3BYH; 3J82; 3LUE; 6ANU; 6LTJ; 6NBW; 7P1H; 7QJ6; 7QJ9; 7VDV	43	2	0	8	0.117	-10.96	16	23	47.1	20.34	0	23	3606.3	17741.3	0	0	None	264	23	0.87	0.37
c12norep58_partner_03_CACNB2	CACNB3	intORF	1B	CACNB2	Q08289	0.2158	0.5026	Known Macromolecular Subunit Competitor / Adaptor	1455.0	87.5	False		None	False		N/A	8HLP; 8HMA; 8HMB	30	4	0	10	0.17	-11.65	11	16	26.8	16.89	0	8	4235.5	50488.6	0	0	None	23	14	0.6	0.32
c22norep57_partner_01_LFNG	MFNG	uORF	1B	LFNG	Q8NES3	0.2153	0.6821	Active Site Blocker / Competitive Decoy	2813.4	0.0	True	3.43	 (res 290)	True	2.28	N/A	None	70	10	2	7	0.084	-7.88	22	38	66.7	19.78	0	35	3730.2	20198.4	1	4	 (res 129);  (res 202);  (res 314)	0	0	0.75	0.31
c2norep270_partner_03_TBCE	ENSG00000224090	lncRNA-ORF	4	TBCE	Q15813	0.2169	0.6807	Shared Physiological Complex Interface	3613.6	48.9	False		None	False		LRRCT (342-384)	9M1L; 9M1M	80	4	5	5	0.052	-5.8	33	47	39.8	21.59	0	41	7410.0	28529.9	0	0	None	90	23	0.81	0.28
c2riboseqorf108_partner_02_ZNF214	BAZ2B-AS1	lncRNA-ORF	1B	ZNF214	Q9UL59	0.2166	0.2149	Allosteric Regulatory Surface / Novel Epitope	2131.0	0.0	False		None	False		KRAB (3-83)	None	42	4	2	11	0.097	-10.65	18	24	32.1	23.25	1	18	5142.2	38615.1	0	0	None	0	0	0.48	0.38
c11norep73_partner_01_CRBN	ZFP91	intORF	1B	CRBN	Q96SW2	0.2146	0.7572	Active Site Cleft Occlusion / Proximal Inhibitor	979.8	61.5	False		None	False	7.57	Lon N-terminal (81-319); CULT (318-426); Disordered (1-45)	10DW; 12BP; 23SR; 5FQD; 5HXB; 6BN7; 6BN8; 6BN9; 6BNB; 6BOY	19	0	0	0	0.183	-8.21	8	13	32.0	21.8	0	14	3278.4	24484.1	0	7	None	162	8	0.76	0.31
c12riboseqorf23_partner_03_CDKN1B	CREBL2	uORF	1B	CDKN1B	P46527	0.2138	0.2336	Known Macromolecular Subunit Competitor / Adaptor	1273.8	80.0	False		None	False		Interaction with CDK2 (51-91); Disordered (85-198)	1JSU; 5UQ3; 6ATH; 6P8E; 6P8F; 6P8G; 7B5L; 7B5R; 8BYA; 8BZO	25	3	1	5	0.185	-8.06	9	15	36.0	16.25	0	7	3468.0	21689.6	0	0	None	73	12	0.53	0.56
c11riboseqorf40_partner_02_RASSF5	HIPK3	uORF	1B	RASSF5	Q8WWW0	0.214	0.3953	Allosteric Regulatory Surface / Novel Epitope	4784.0	8.1	False		None	False		Ras-associating (274-364); SARAH (366-413); Disordered (1-118)	4LGD; 4OH8	112	14	6	15	0.06	4.0	30	62	58.8	21.43	0	53	6227.3	33669.0	0	0	None	26	5	0.61	0.36
c2norep211_partner_04_ANKRD2	TTN-AS1	lncRNA-ORF	4	ANKRD2	Q9GZV1	0.2139	0.487	Allosteric Regulatory Surface / Novel Epitope	4514.6	0.0	False		None	False		May mediate interaction with PML, p53/TP53 and YBX1 (5-120)	None	104	6	4	14	0.055	-5.07	41	46	47.1	24.68	2	57	6540.4	22644.3	0	0	None	0	0	0.65	0.28
c17norep67_partner_09_HRAS	EVI2A	uORF	2B	HRAS	P01112	0.2136	0.6539	Cofactor / Substrate Pocket Competitor	1198.7	100.0	False		None	True	3.37	N/A	1BKD; 1HE8; 1K8R; 1LFD; 1NVU; 1NVV; 1NVW; 1NVX; 1XD2; 2C5L	23	1	0	2	0.205	-10.52	8	14	22.9	17.74	0	12	4520.6	10740.9	0	5	 (res 35)	121	14	0.69	0.57
c1riboseqorf33_partner_02_EMC2	EMC1-AS1	lncRNA-ORF	3	EMC2	Q15006	0.2138	0.6747	Known Macromolecular Subunit Competitor / Adaptor	3959.5	81.2	False		None	False		N/A	6WW7; 6Y4L; 7ADO; 7ADP; 8EOI; 8J0N; 8J0O; 9ZZ6	100	21	1	8	0.061	-5.41	34	48	55.7	17.56	1	52	5517.2	17781.0	0	0	None	146	39	0.86	0.26
c6riboseqorf68_partner_02_HDAC1	TRERF1	uORF	1B	HDAC1	Q13547	0.2136	0.709	Cofactor / Substrate Pocket Competitor	4247.2	87.3	False	7.05	None	True	3.15	Histone deacetylase (9-321)	4BKX; 5ICN; 6Z2J; 6Z2K; 7AO8; 7AO9; 7AOA; 8VOJ; 8VPQ; 8VRT	95	13	6	4	0.043	-0.55	40	55	55.6	22.0	3	42	8038.3	26812.6	1	6	 (res 27);  (res 31);  (res 178);  (res 270)	129	48	0.8	0.28
c1riboseqorf213_partner_02_RIPK1	USP21	uORF	1B	RIPK1	Q13546	0.213	0.4746	Allosteric Regulatory Surface / Novel Epitope	1076.4	0.0	False	19.98	None	False	29.46	Protein kinase (17-289)	None	22	2	0	5	0.204	-7.69	9	12	26.5	22.59	0	11	3188.7	41772.9	1	2	None	131	0	0.64	0.29
c11norep30_partner_06_PABPC1	EIF4G2	intORF	1B	PABPC1	P11940	0.2139	0.3057	Shared Physiological Complex Interface	4309.4	58.3	False		None	False		RRM 1 (11-89); RRM 2 (99-175); PABC (542-619); (Microbial infection) Binding to HRSV M2-1 protein (541-636)	1JGN; 1JH4; 2RQG; 2RQH; 2X04; 3KTP; 3KTR; 3KUI; 3KUJ; 3KUS	99	10	4	18	0.052	-9.51	40	48	54.1	21.94	1	42	7243.5	38332.7	0	0	None	96	28	0.64	0.34
c12riboseqorf145_partner_01_MAP2K3	TAOK3	uORF	1B	MAP2K3	P46734	0.2126	0.7473	Active Site Blocker / Competitive Decoy	2022.3	0.0	True	3.8	Proton acceptor (res 190)	False	6.57	Protein kinase (64-325)	None	51	5	0	4	0.14	-9.92	13	28	81.2	19.0	1	28	2148.5	20497.1	1	2	None	0	0	0.74	0.25
c5riboseqorf128_partner_02_PRELID3A	PRELID1	uORF	1B	PRELID3A	Q96N28	0.2124	0.6914	Allosteric Regulatory Surface / Novel Epitope	2326.4	20.5	False		None	False		PRELI/MSF1 (1-172)	4XZV; 8AG0	91	9	1	13	0.122	-8.16	17	44	100.0	14.89	1	50	1609.6	10096.5	0	0	None	37	9	0.7	0.37
c16norep109_partner_01_YARS1	AC012184.3	lncRNA	1B	YARS1	P54577	0.2127	0.6144	Cofactor / Substrate Pocket Competitor	3133.8	0.0	False		None	True	2.54	tRNA-binding (364-468)	None	84	6	1	5	0.079	-20.74	20	53	95.2	23.59	1	53	2410.6	27979.9	0	8	 (res 39);  (res 39);  (res 166);  (res 170);  (res 170);  (res 188)	29	0	0.84	0.27
c16riboseqorf123_partner_01_CENPT	CENPN	uoORF	1B	CENPT	Q96BT3	0.2122	0.2326	Known Macromolecular Subunit Competitor / Adaptor	670.0	71.4	False		None	False		Disordered (333-457)	28OP; 7QOO; 7R5S; 7XHN; 7XHO; 7YWX; 9TAW; 9TAX; 9TAY	9	0	2	1	0.257	-10.9	5	7	25.0	19.96	1	2	2685.1	67237.5	0	0	None	95	5	0.7	0.55
c15riboseqorf63_partner_03_SERPINB1	LOXL1	uoORF	1B	SERPINB1	P30740	0.2131	0.7391	Allosteric Regulatory Surface / Novel Epitope	4949.7	0.0	False		None	False		CARD-binding motif (CBM) (351-379)	None	161	31	0	16	0.066	-13.36	30	81	26.5	17.07	0	90	13871.0	17750.1	0	0	None	0	0	0.83	0.39
c17riboseqorf58_partner_01_SSU72	KIAA0100	intORF	1B	SSU72	Q9NP77	0.212	0.736	Known Macromolecular Subunit Competitor / Adaptor	1575.4	88.2	False		None	False		N/A	3O2Q; 3O2S; 4H3H; 4H3K	35	2	3	3	0.129	-13.88	16	17	21.9	18.55	0	18	5246.4	10374.0	0	0	None	49	15	0.86	0.4
c10norep31_partner_08_CAMK1D	CDC123	intORF	1B	CAMK1D	Q8IU85	0.2119	0.6609	Active Site Blocker / Competitive Decoy	3141.2	0.0	True	4.76	Proton acceptor (res 144)	True	1.86	Protein kinase (23-279); Autoinhibitory domain (279-319); Calmodulin-binding (299-320)	None	80	12	2	8	0.076	-13.49	23	46	79.3	21.92	1	37	3370.7	21477.9	1	2	 (res 31);  (res 32);  (res 33);  (res 34);  (res 35);  (res 52)	30	0	0.69	0.3
c4riboseqorf30_partner_03_SLC30A4	SLC30A9	uORF	1B	SLC30A4	O14863	0.2121	0.549	Cofactor / Substrate Pocket Competitor	1893.7	0.0	False		None	True	3.73	N/A	None	34	2	0	5	0.072	-13.98	19	25	45.2	20.92	0	15	5393.6	35485.0	0	4	 (res 277)	32	0	0.7	0.49
c7riboseqorf64_partner_03_WDR37	TMEM60	uoORF	1B	WDR37	Q9Y2I8	0.2125	0.6159	Allosteric Regulatory Surface / Novel Epitope	3453.0	0.0	False		None	False		Disordered (1-50)	None	101	11	3	9	0.06	-9.98	38	44	50.0	22.98	3	43	6684.9	26825.7	0	0	None	0	0	0.72	0.3
c19riboseqorf51_partner_01_ESRP1	AC074135.1	lncRNA	1B	ESRP1	Q6NXG1	0.2115	0.5239	Shared Physiological Complex Interface	2216.9	48.3	False		None	False		RRM 3 (445-525)	7VKJ	61	6	0	7	0.105	-8.66	20	29	83.3	22.75	0	37	3147.5	35911.6	0	0	None	58	14	0.7	0.29
c3riboseqorf50_partner_03_DUSP2	SNRK	uORF	1B	DUSP2	Q05923	0.2113	0.6043	Allosteric Regulatory Surface / Novel Epitope	2278.4	0.0	False	17.97	None	False		Rhodanese (23-144); Tyrosine-protein phosphatase (172-313)	None	51	7	0	12	0.074	-10.08	23	30	47.9	17.99	1	20	5480.3	15964.3	1	0	None	0	0	0.85	0.37
c17riboseqorf78_partner_09_FZD4	IGFBP4	uORF	1B	FZD4	Q9ULV1	0.2108	0.6095	Peripheral Surface Interaction	235.3	0.0	False		None	False		N/A	None	5	1	0	0	1.0	-9.05	1	5	5.9	19.01	0	2	2679.3	32345.1	0	0	None	62	0	0.75	0.52
cXriboseqorf74_partner_05_DNASE2	DNASE1L1	uORF	4	DNASE2	O00115	0.21	0.8821	Active Site Blocker / Competitive Decoy	1352.2	0.0	True	2.05	 (res 295)	False		N/A	None	36	4	0	3	0.136	-14.45	12	22	46.2	18.49	0	21	3165.7	15438.4	1	0	None	0	0	0.89	0.33
c10riboseqorf118_partner_07_LNX1	SHTN1	uORF	4	LNX1	Q8TBB1	0.2096	0.477	Allosteric Regulatory Surface / Novel Epitope	2961.5	0.0	False		None	False		PDZ 1 (274-359); PDZ 2 (381-464); PDZ 4 (638-724)	None	107	16	0	4	0.106	-6.32	21	48	100.0	25.62	0	62	2211.3	46068.6	0	0	None	68	0	0.67	0.26
c21riboseqorf14_partner_03_RUNX1T1	RUNX1	uORF	1B	RUNX1T1	Q06455	0.2094	0.2333	Peripheral Surface Interaction	771.4	25.0	False		None	False	42.98	Important for oligomerization (337-383); Nervy homology region 2 (NHR2) (337-383)	1WQ6; 4JOL	12	0	1	5	0.214	-10.29	7	8	35.0	25.21	0	2	2209.1	59891.0	0	8	None	88	2	0.61	0.53
c14norep27_partner_03_CIDEC	CIDEB	uORF	2B	CIDEC	Q96AQ7	0.2094	0.3721	Peripheral Surface Interaction	753.2	0.0	False		None	False		N/A	None	16	2	1	0	0.25	-11.22	8	8	28.6	13.07	0	5	4197.2	23115.7	0	0	None	0	0	0.76	0.7
c3norep51_partner_03_ELP3	ELP6	intORF	1B	ELP3	Q9H9T3	0.2097	0.7361	Cofactor / Substrate Pocket Competitor	2834.5	74.4	False		None	True	2.99	Radical SAM core (82-372); N-acetyltransferase (396-547)	8PTX; 8PTY; 8PTZ; 8PU0	75	9	1	10	0.066	-15.22	29	39	69.0	21.75	2	35	4333.5	24168.7	0	7	 (res 497)	136	29	0.77	0.24
c5riboseqorf143_partner_03_HSPA8	LINC00847	lncRNA	1B	HSPA8	P11142	0.2086	0.6437	Allosteric Regulatory Surface / Novel Epitope	2703.5	7.1	False		None	False	8.5	Nucleotide-binding domain (NBD) (2-386); Interaction with BAG1 (186-377); Substrate-binding domain (SBD) (394-509); Disordered (614-646)	3FZK; 3FZM; 3LDQ; 3M3Z; 4HWI; 5AQF; 5AQG; 5AQH; 5AQI; 5AQJ	81	11	0	9	0.107	-18.09	18	42	75.0	25.91	0	45	3450.2	31936.6	0	12	None	38	3	0.82	0.22
c20norep82_partner_09_DPM1	ADNP	intORF	1B	DPM1	O60762	0.2093	0.633	Cofactor / Substrate Pocket Competitor	2242.2	0.0	False		None	True	3.53	N/A	None	51	5	0	14	0.085	-6.54	23	26	35.4	19.62	0	19	5504.2	14274.8	0	13	 (res 234)	0	0	0.69	0.41
c5riboseqorf27_partner_02_CHAD	AC008966.1	lncRNA	1B	CHAD	O15335	0.2093	0.7658	Allosteric Regulatory Surface / Novel Epitope	2692.6	26.5	False		None	False		LRRNT (23-52)	5LFN	63	5	1	8	0.069	-14.84	27	34	31.8	19.88	4	29	7580.6	18279.8	0	0	None	14	9	0.85	0.31
c3riboseqorf51_partner_04_CLEC2L	TCAIM	uoORF	1B	CLEC2L	P0C7M8	0.2072	0.5125	Peripheral Surface Interaction	167.0	0.0	False		None	False		N/A	None	2	0	0	0	1.0	-11.0	1	2	5.9	15.46	0	1	2063.9	18580.5	0	0	None	0	0	0.78	0.53
c14riboseqorf68_partner_01_MGAT3	FUT8	uORF	1B	MGAT3	Q09327	0.2077	0.6996	Allosteric Regulatory Surface / Novel Epitope	2225.6	0.0	False		None	False		N/A	None	52	5	2	8	0.088	-3.93	18	33	42.9	23.32	0	21	3562.1	29922.4	0	0	None	0	0	0.74	0.32
c16riboseqorf58_partner_09_ACTL6A	SRCAP	uoORF	1B	ACTL6A	O96019	0.2086	0.8085	Known Macromolecular Subunit Competitor / Adaptor	3539.6	78.0	False		None	False		N/A	6LTJ; 7VDV; 8QR1; 8X15; 8X19; 8X1C; 8XVG; 8XVT; 9C57; 9C62	70	9	1	9	0.053	-9.91	32	41	51.6	19.81	2	35	7183.7	20661.8	0	0	None	128	32	0.85	0.3
c17norep109_partner_05_TRAF2	MAP3K14-AS1	lncRNA-ORF	4	TRAF2	Q12933	0.2086	0.3655	Allosteric Regulatory Surface / Novel Epitope	2212.9	3.0	False		None	False		N/A	3M06; 3M0A; 3M0D	57	5	2	9	0.102	-5.34	17	33	34.0	22.26	1	26	5399.1	33670.0	0	0	None	103	1	0.77	0.34
c5riboseqorf128_partner_01_TRIAP1	PRELID1	uORF	1B	TRIAP1	O43715	0.2064	0.4339	Known Macromolecular Subunit Competitor / Adaptor	653.0	77.8	False		None	False		CHCH (5-55)	4XZV; 6I3V; 6I3Y; 6I4Y; 8AG0	16	0	1	5	0.254	-10.16	7	9	41.2	10.78	0	5	1569.0	6839.6	0	0	None	39	7	0.56	0.49
c19norep82_partner_03_APOBEC3G	BST2	intORF	1B	APOBEC3G	Q9HC16	0.2062	0.8059	Cofactor / Substrate Pocket Competitor	2499.4	65.7	False	26.17	None	True	3.29	CMP/dCMP-type deaminase 1 (29-138); Essential for cytoplasmic localization (1-60)	8CX0; 8CX1; 8CX2; 8H0I; 8J62	69	9	1	6	0.116	-16.68	17	35	85.0	21.71	2	36	2790.8	21154.6	1	6	 (res 65);  (res 97)	125	23	0.79	0.26
c1riboseqorf21_partner_03_RGS2	FBXO44	uORF	1B	RGS2	P41220	0.2069	0.5825	Shared Physiological Complex Interface	2132.2	45.5	False		None	False		RGS (83-199); Disordered (14-33); Necessary to inhibit protein synthesis (79-116)	2V4Z	52	6	2	5	0.107	-6.11	22	22	27.5	21.51	0	27	5934.3	15239.2	0	0	None	16	10	0.71	0.45
c10riboseqorf66_partner_01_KCNMB1	KCNMA1	uORF	2B	KCNMB1	Q16558	0.2061	0.553	Allosteric Regulatory Surface / Novel Epitope	928.3	0.0	False		None	False		N/A	None	15	1	2	6	0.341	-8.84	4	11	15.4	15.68	2	3	4015.2	13245.3	0	0	None	0	0	0.77	0.61
c6norep41_partner_02_EED	JARID2	intORF	1B	EED	O75530	0.2068	0.7724	Known Macromolecular Subunit Competitor / Adaptor	2700.8	94.1	False		None	False		Interaction with EZH2 (81-441); Required for interaction with the matrix protein MA of HIV-1 (149-303)	4W2R; 5GSA; 5H14; 5H15; 5H19; 5H24; 5H25; 5HYN; 5IJ7; 5IJ8	68	8	0	15	0.077	-12.82	26	34	52.0	20.04	0	31	6045.1	20654.3	0	0	None	168	32	0.82	0.27
c19norep130_partner_03_CCDC47	TMEM147-AS1	lncRNA-ORF	4	CCDC47	Q96A33	0.206	0.6064	Allosteric Regulatory Surface / Novel Epitope	832.7	0.0	False		None	False		N/A	None	14	1	0	3	0.182	-9.7	7	11	26.9	18.15	0	4	3482.6	41380.0	0	0	None	29	0	0.77	0.37
c14riboseqorf81_partner_09_LNX1	NUMB	uORF	1B	LNX1	Q8TBB1	0.2054	0.4778	Shared Physiological Complex Interface	3125.1	38.6	False		None	False		PDZ 1 (274-359); PDZ 3 (507-593); PDZ 4 (638-724)	3B76	89	12	0	9	0.07	-15.83	29	44	90.6	24.98	0	41	4170.6	44659.8	0	0	None	68	17	0.67	0.25
c1riboseqorf263_partner_01_EIF1	EIF2D	uORF	1B	EIF1	P41567	0.204	0.5474	Known Macromolecular Subunit Competitor / Adaptor	999.5	92.9	False		None	False		N/A	6YBW; 6ZMW; 6ZP4; 7A09; 7QP6; 8PJ1; 8PPK; 8PPL; 9BLN; 9NPX	30	3	0	8	0.214	-7.28	10	14	58.8	15.51	0	11	1886.5	7990.9	0	0	None	72	13	0.63	0.43
cXriboseqorf59_partner_06_YEATS4	MORF4L2	uORF	1B	YEATS4	O95619	0.2039	0.6169	Known Macromolecular Subunit Competitor / Adaptor	2286.1	86.2	False		None	False		YEATS (15-158); Interaction with MLLT10 (163-227); Interaction with TACC1 (168-227)	5XTZ; 7JFY; 8IIY; 8IIZ; 8IJ0; 9X8S; 9X8U; 9Y3D	53	12	0	3	0.096	-13.29	19	29	59.4	18.43	0	25	3431.8	15977.6	0	0	None	112	25	0.77	0.31
c9norep168_partner_01_TSG101	ARRDC1-AS1	lncRNA	1A	TSG101	Q99816	0.2084	0.3111	Shared Physiological Complex Interface	5075.6	55.2	False		None	False		UEV (2-145); SB (322-390)	1S1Q; 3IV1; 6UD0; 6VME	122	13	3	19	0.04	-13.39	53	58	29.6	22.09	1	54	17571.4	31633.1	0	0	None	140	32	0.73	0.43
c20norep15_partner_02_SMS	SMOX	intORF	1B	SMS	P52788	0.2038	0.8187	Active Site Blocker / Competitive Decoy	2883.1	0.0	True	1.27	Proton acceptor (res 276)	True	2.2	PABS (122-362)	None	86	12	3	6	0.085	-30.15	24	42	53.3	18.86	0	40	4436.6	18558.8	1	7	 (res 148);  (res 177);  (res 201);  (res 220);  (res 255);  (res 351)	61	0	0.87	0.25
c3norep241_partner_08_P4HA1	P3H2	intORF	1B	P4HA1	P13674	0.2045	0.7268	Allosteric Regulatory Surface / Novel Epitope	3688.7	2.0	False		None	False	10.93	Fe2OG dioxygenase (411-519)	4BT9	103	8	1	5	0.057	-9.95	36	50	57.1	24.05	5	54	5768.0	32333.3	0	4	None	116	1	0.79	0.32
c5riboseqorf30_partner_01_IL6R	IL6ST	uORF	1B	IL6R	P08887	0.2034	0.5648	Non-Interacting / Dissociated	0.0	0.0	False		None	False		N/A	None	0	0	0	0	0.0	0.0	0	0	0.0		0	0			0	0	None	0	0	0.78	0.52
c8riboseqorf58_partner_01_SCEL	SULF1	uORF	1B	SCEL	O95171	0.204	0.247	Allosteric Regulatory Surface / Novel Epitope	3052.0	0.0	False		None	False		LIM zinc-binding (619-685); Disordered (1-29); 16 X approximate tandem repeats (251-563)	None	74	12	1	13	0.077	-3.27	24	40	72.7	22.81	0	33	4835.6	46651.9	0	0	None	0	0	0.45	0.44
c9norep168_partner_05_KCTD2	ARRDC1-AS1	lncRNA	1A	KCTD2	Q14681	0.205	0.3235	Allosteric Regulatory Surface / Novel Epitope	2561.1	0.0	False		None	False		BTB (72-172)	None	70	7	1	14	0.078	-13.78	30	30	16.8	14.93	1	34	17779.4	21037.5	0	0	None	0	0	0.65	0.42
c2riboseqorf155_partner_04_BMPR1B	BMPR2	uORF	1B	BMPR1B	O00238	0.2036	0.6372	Active Site Blocker / Competitive Decoy	2379.7	0.0	True	3.81	Proton acceptor (res 332)	True	2.42	Protein kinase (204-494)	None	69	10	2	6	0.113	2.81	18	34	85.7	22.25	0	30	2781.3	30277.8	1	2	 (res 210);  (res 211);  (res 212);  (res 213);  (res 214);  (res 215);  (res 218);  (res 231)	19	0	0.78	0.24
c6norep46_partner_06_KPNA2	NUP153-AS1	lncRNA-ORF	2B	KPNA2	P52292	0.2043	0.7222	Known Macromolecular Subunit Competitor / Adaptor	7071.8	64.6	False		None	False		IBB (2-60); Disordered (1-27); NLS binding site (major) (142-238); NLS binding site (minor) (315-403)	1QGK; 1QGR; 3FEX; 3FEY; 4WV6; 5H43; 7CRU; 7N8J; 7N9H; 8FZK	201	27	10	17	0.033	10.08	63	96	65.6	24.93	1	94	9144.7	28812.0	0	0	None	139	62	0.81	0.24
c10riboseqorf127_partner_02_IKZF1	IKZF5	uORF	1B	IKZF1	Q13422	0.2038	0.2042	Peripheral Surface Interaction	797.1	0.0	False		None	False	12.1	Required for binding PP1CC (468-471)	None	15	1	0	2	0.136	-16.25	10	11	25.0	25.21	0	5	3857.6	54204.4	0	4	None	28	0	0.62	0.48
c14norep29_partner_02_GAS2L3	G2E3	intORF	1B	GAS2L3	Q86XJ1	0.2027	0.406	Allosteric Regulatory Surface / Novel Epitope	1252.0	0.0	False		None	False		Calponin-homology (CH) (48-168); Disordered (299-694)	None	24	3	0	3	0.111	-10.45	12	18	46.2	25.04	1	10	2805.2	57305.0	0	0	None	0	0	0.57	0.45
c11riboseqorf112_partner_01_MORF4L1	EMSY	uoORF	1B	MORF4L1	Q9UBU8	0.2027	0.4599	Known Macromolecular Subunit Competitor / Adaptor	3507.0	61.5	False		None	False		MRG (191-362); Disordered (113-182); Sufficient for interaction with SIN3A (133-266); Interaction with RB1-1 (164-230); Sufficient for interaction with PHF12 (188-342); Interaction with RB1-2 (323-344)	2AQL; 2F5J; 2LKM; 2N1D; 6AGO; 6INE; 7S4A; 8BPA; 8C60	76	3	1	19	0.061	-15.65	32	39	35.2	20.82	3	33	7901.6	23182.1	0	0	None	69	24	0.65	0.37
c7norep117_partner_03_GP5	CD36	uORF	1B	GP5	P40197	0.2021	0.7728	Allosteric Regulatory Surface / Novel Epitope	1045.5	0.0	False		None	False		LRRNT (17-50)	None	20	0	0	6	0.143	-8.29	10	14	62.5	24.08	1	8	1952.8	27375.2	0	0	None	0	0	0.83	0.23
c18riboseqorf50_partner_02_BCL2L1	PMAIP1	dORF	1B	BCL2L1	Q07817	0.2019	0.5193	Known Macromolecular Subunit Competitor / Adaptor	3033.4	97.1	False		None	False		N/A	1BXL; 1G5J; 2B48; 2LP8; 2M04; 2MEJ; 2P1L; 2PON; 2YJ1; 2YQ6	72	8	1	16	0.076	-10.99	27	35	37.0	18.01	0	32	7738.0	16194.0	0	0	None	145	34	0.64	0.39
c5riboseqorf73_partner_03_EDC3	DCP2	uoORF	1B	EDC3	Q96F86	0.2025	0.5304	Allosteric Regulatory Surface / Novel Epitope	1937.7	0.0	False		None	False		Sm (1-68); Required for P-body targeting and interaction with DCP1A (1-79)	None	52	5	0	15	0.122	-11.67	17	25	23.9	17.25	0	20	7791.4	31492.5	0	0	None	60	0	0.67	0.33
c17norep67_partner_07_SPRED2	EVI2A	uORF	2B	SPRED2	Q7Z698	0.2008	0.3693	Peripheral Surface Interaction	430.5	0.0	False		None	False		SPR (308-416)	None	7	0	0	3	0.292	-9.52	4	6	11.4	16.38	0	3	4484.3	40585.2	0	0	None	6	0	0.77	0.62
c8riboseqorf89_partner_09_WDR46	DCAF13	uORF	2B	WDR46	O15213	0.2014	0.6228	Known Macromolecular Subunit Competitor / Adaptor	2938.6	61.1	False		None	False		N/A	7MQ9	86	12	3	10	0.085	-2.61	28	36	45.9	21.63	1	37	5772.9	42065.7	0	0	None	171	22	0.76	0.44
c12riboseqorf41_partner_02_HSPA8	LINC00938	lncRNA-ORF	1B	HSPA8	P11142	0.203	0.5365	Cofactor / Substrate Pocket Competitor	10840.6	1.9	False		None	True	2.44	Nucleotide-binding domain (NBD) (2-386); Interaction with BAG1 (186-377); Substrate-binding domain (SBD) (394-509); Disordered (614-646)	3AGY; 3AGZ; 3ESK; 4KBQ	295	42	5	20	0.022	5.12	86	155	71.7	25.8	1	145	13346.2	32411.5	0	12	 (res 14);  (res 15);  (res 14);  (res 15);  (res 202);  (res 203);  (res 202);  (res 268);  (res 271);  (res 272);  (res 275);  (res 268);  (res 271);  (res 275);  (res 339);  (res 340);  (res 342);  (res 339)	38	3	0.79	0.24
c1riboseqorf71_partner_02_SNRPF	LSM10	uoORF	1B	SNRPF	P62306	0.2003	0.5316	Known Macromolecular Subunit Competitor / Adaptor	1247.3	88.2	False		None	False		Sm (6-78)	4PJO; 4V98; 4WZJ; 5XJC; 5XJL; 5XJQ; 5XJR; 5XJS; 5XJT; 5XJU	34	2	2	5	0.154	-11.53	13	17	54.2	11.93	0	11	3084.9	6684.8	0	0	None	67	15	0.63	0.38
c2norep270_partner_06_MAP3K2	ENSG00000224090	lncRNA-ORF	4	MAP3K2	Q9Y2U5	0.2024	0.4306	Allosteric Regulatory Surface / Novel Epitope	4459.0	0.0	False	19.26	None	False	21.56	PB1 (43-122); Protein kinase (357-617); Disordered (25-45); Disordered (201-248)	None	108	8	6	18	0.047	-13.31	46	50	55.4	25.37	1	50	6278.5	39376.7	1	2	None	20	0	0.57	0.34
c4norep96_partner_03_MLLT3	AFF1	intORF	1B	MLLT3	P42568	0.2005	0.3151	Shared Physiological Complex Interface	5177.0	50.8	False		None	False		YEATS (1-138); Histone H3K9cr binding (78-80); Histone H3K9cr binding (106-108); Disordered (138-475)	2MV7; 2N4Q; 2NDF; 2NDG; 4TMP; 5HJB; 5HJD; 5YYF; 6B7G; 6L5Z	118	18	7	16	0.043	-1.54	42	65	72.4	24.82	0	51	6048.3	44820.2	0	0	None	86	33	0.57	0.29
c3norep215_partner_06_GPS2	TBL1XR1	uORF	2B	GPS2	Q13227	0.2002	0.2326	Shared Physiological Complex Interface	899.0	33.3	False		None	False		interaction with SUMO (61-94)	2L5G	15	1	0	5	0.238	-8.62	7	9	38.9	21.71	1	5	2313.4	33639.0	0	0	None	13	3	0.51	0.48
c12riboseqorf13_partner_03_HLA-B	ENSG00000272173	lncRNA-ORF	2B	HLA-B	P01889	0.2002	0.6674	Cofactor / Substrate Pocket Competitor	2733.5	100.0	False		None	True	2.25	Alpha-1 (25-114); Alpha-2 (115-206)	1A1M; 1A1N; 1A1O; 1A9B; 1A9E; 1AGB; 1AGC; 1AGD; 1AGE; 1AGF	77	17	1	6	0.104	-21.33	20	37	35.1	16.47	2	40	6665.8	23970.7	0	7	 (res 87);  (res 108);  (res 167);  (res 170);  (res 176);  (res 183)	126	37	0.84	0.25
c16riboseqorf58_partner_03_RUVBL1	SRCAP	uoORF	1B	RUVBL1	Q9Y265	0.2001	0.6409	Cofactor / Substrate Pocket Competitor	6064.1	92.1	False		None	True	2.75	N/A	2C9O; 2XSZ; 5OAF; 6FO1; 6HTS; 6IGM; 6K0R; 6QI8; 6QI9; 7AHO	138	14	1	25	0.035	-12.38	52	76	83.9	22.75	0	67	7450.0	27191.0	0	1	 (res 72);  (res 73);  (res 77)	349	70	0.75	0.3
c7riboseqorf115_partner_04_NDC1	TMEM168	uORF	1B	NDC1	Q9BTX1	0.1993	0.685	Allosteric Regulatory Surface / Novel Epitope	1260.4	0.0	False		None	False		N/A	None	23	1	0	5	0.139	-17.08	11	15	57.9	24.75	0	9	2079.0	39790.5	0	0	None	0	0	0.69	0.41
c17riboseqorf86_partner_01_EIF5	EIF1	dORF	1B	EIF5	P55010	0.1987	0.3946	Allosteric Regulatory Surface / Novel Epitope	1746.7	0.0	False		None	False	37.87	W2 (233-392); Disordered (143-216)	None	38	9	1	3	0.121	-11.35	15	21	60.0	22.48	0	18	2873.2	27570.9	0	1	None	41	0	0.69	0.34
c5riboseqorf140_partner_01_MAN1A1	MGAT1	uORF	1B	MAN1A1	P33908	0.2012	0.6841	Active Site Blocker / Competitive Decoy	4716.1	0.0	True	3.04	Proton donor (res 522)	False		N/A	None	136	15	4	9	0.046	-1.44	39	76	44.8	24.25	1	76	7117.4	32025.5	1	0	None	0	0	0.78	0.28
c1norep113_partner_03_ENTPD5	CMPK1	intORF	1B	ENTPD5	O75356	0.1987	0.7122	Cofactor / Substrate Pocket Competitor	2294.1	0.0	False	11.37	None	True	2.22	N/A	None	45	4	3	8	0.08	-7.35	20	28	50.0	23.28	0	21	4284.8	22922.1	1	15	 (res 57);  (res 57);  (res 57);  (res 202);  (res 202);  (res 202);  (res 203);  (res 203);  (res 331)	0	0	0.77	0.33
c3riboseqorf162_partner_02_IFT52	IFT80	uORF	1B	IFT52	Q9Y366	0.1985	0.5841	Allosteric Regulatory Surface / Novel Epitope	1783.8	0.0	False		None	False		N/A	None	46	5	1	5	0.126	-7.62	14	26	73.7	21.98	1	23	2918.0	28471.7	0	0	None	0	0	0.74	0.31
c10riboseqorf41_partner_04_GABPB1	TFAM	uoORF	1B	GABPB1	Q06547	0.199	0.3982	Allosteric Regulatory Surface / Novel Epitope	3084.7	0.0	False		None	False		Transcription activation and HCFC1 interaction (258-327)	None	65	7	2	13	0.06	2.09	33	33	33.3	24.41	1	24	6757.9	23055.9	0	0	None	0	0	0.62	0.34
c11riboseqorf143_partner_03_CD19	PCSK7	uoORF	1B	CD19	P15391	0.1985	0.4288	Shared Physiological Complex Interface	2703.9	30.6	False		None	False		Ig-like C2-type 1 (20-113); Ig-like C2-type 2 (176-277); Disordered (372-497)	7JIC	64	7	1	16	0.081	-10.64	22	36	75.9	26.13	1	19	4045.8	41153.8	0	0	None	50	11	0.58	0.44
c1riboseqorf94_partner_02_CDK4	CDKN2C	uORF	1A	CDK4	P11802	0.1997	0.628	Cofactor / Substrate Pocket Competitor	4176.7	55.3	False	5.01	None	True	4.41	Protein kinase (6-295); Required for binding D-type cyclins (50-56)	2W96; 2W99; 2W9F; 2W9Z; 3G33; 5FWK; 5FWL; 5FWM; 5FWP; 6P8E	89	9	0	13	0.044	-7.63	43	47	23.9	21.81	1	44	16636.0	15127.1	1	2	 (res 17)	126	26	0.8	0.33
c1riboseqorf209_partner_09_COPS5	DCAF8	uORF	1B	COPS5	Q92905	0.198	0.6145	Cofactor / Substrate Pocket Competitor	3005.0	97.4	False		None	True	3.78	MPN (55-192)	4D10; 4D18; 4F7O; 4WSN; 6R6H; 6R7F; 6R7H; 6R7I; 8H38; 8H3A	93	7	0	16	0.074	-10.14	33	38	78.6	20.17	0	51	3773.7	19254.7	0	3	 (res 138);  (res 140);  (res 151)	207	37	0.66	0.3
c3riboseqorf1_partner_04_NAA35	THUMPD3	uORF	1B	NAA35	Q5VZE5	0.1981	0.6458	Allosteric Regulatory Surface / Novel Epitope	2870.7	0.0	False		None	False		Disordered (548-573)	None	68	3	1	6	0.076	-15.16	25	36	75.8	24.34	2	39	3578.4	35257.0	0	0	None	44	0	0.62	0.24
c2riboseqorf74_partner_02_SLC20A2	SLC20A1	uORF	1B	SLC20A2	Q08357	0.1977	0.6104	Allosteric Regulatory Surface / Novel Epitope	1403.4	0.0	False		None	False		N/A	None	29	5	1	4	0.14	-14.05	9	23	36.0	23.25	0	10	3493.7	33842.5	0	0	None	0	0	0.65	0.43
c5riboseqorf81_partner_01_PAEP	GRAMD2B	uORF	1B	PAEP	P09466	0.1979	0.5304	Shared Physiological Complex Interface	3513.6	37.8	False		None	False		N/A	4R0B	79	12	0	11	0.065	-18.27	33	37	30.0	22.12	1	36	10993.0	11187.6	0	0	None	20	14	0.75	0.37
cXriboseqorf74_partner_06_DNASE2B	DNASE1L1	uORF	4	DNASE2B	Q8WZ79	0.1968	0.8522	Allosteric Regulatory Surface / Novel Epitope	1568.0	0.0	False		None	False		N/A	None	49	3	0	4	0.157	-9.81	12	26	46.2	21.11	0	31	3289.6	17688.9	0	0	None	0	0	0.85	0.33
c19norep130_partner_06_SEC61A1	TMEM147-AS1	lncRNA-ORF	4	SEC61A1	P61619	0.1972	0.7019	Allosteric Regulatory Surface / Novel Epitope	2094.1	23.1	False		None	False		N/A	6W6L; 8B6L; 8DNV; 8DNW; 8DNX; 8DNY; 8DNZ; 8DO0; 8DO1; 8DO2	42	1	0	5	0.09	-16.66	18	26	69.2	21.44	0	24	3144.6	27114.4	0	0	None	155	6	0.68	0.31
c4riboseqorf84_partner_05_YWHAZ	SNHG8	lncRNA	1B	YWHAZ	P63104	0.1956	0.8167	Known Macromolecular Subunit Competitor / Adaptor	2531.6	94.7	False		None	False		N/A	1IB1; 1QJA; 1QJB; 2C1J; 2C1N; 2O02; 2WH0; 3CU8; 3NKX; 3RDH	68	6	4	13	0.081	-8.3	22	38	61.1	17.88	0	35	3886.7	14180.4	0	0	None	98	36	0.87	0.24
c10norep167_partner_03_AURKA	TACC2	intORF	1B	AURKA	O14965	0.1959	0.6284	Active Site Cleft Occlusion / Proximal Inhibitor	2374.3	78.6	False	17.74	None	False	7.23	Protein kinase (133-383); Disordered (1-125)	1OL5; 3E5A; 3HA6; 4C3P; 5G15; 5G1X; 5L8J; 5L8K; 5L8L; 5LXM	55	7	0	9	0.094	-9.13	21	28	72.4	20.29	1	22	3732.2	26311.1	1	5	None	141	22	0.67	0.29
c7riboseqorf46_partner_03_POLD3	POLD2	uORF	1B	POLD3	Q15054	0.1967	0.328	Known Macromolecular Subunit Competitor / Adaptor	1574.9	63.6	False		None	False		N/A	3E0J; 6S1M; 6S1N; 6S1O; 6TNY; 6TNZ	35	3	1	5	0.114	-8.56	14	22	35.0	17.9	1	13	5827.9	51643.6	0	0	None	81	14	0.61	0.48
c7norep125_partner_04_SLC6A6	SLC25A40	uORF	1B	SLC6A6	P31641	0.1976	0.7637	Cofactor / Substrate Pocket Competitor	4491.0	0.0	False		None	True	2.09	N/A	None	123	15	2	13	0.059	-21.36	33	63	61.1	22.31	3	58	5989.2	27393.3	0	30	 (res 62);  (res 62);  (res 62);  (res 138);  (res 138);  (res 138);  (res 300)	24	0	0.74	0.34
c11norep30_partner_08_MKNK1	EIF4G2	intORF	1B	MKNK1	Q9BUB5	0.1959	0.5465	Active Site Blocker / Competitive Decoy	6096.8	6.1	True	2.74	Proton acceptor (res 211)	True	4.64	Protein kinase (49-374); Disordered (1-40); Disordered (185-204)	5WVD	172	12	5	26	0.042	-2.37	50	82	67.6	25.15	1	86	6984.1	27761.9	1	2	 (res 78)	41	5	0.57	0.34
cXriboseqorf44_partner_05_YWHAZ	JPX	lncRNA	1B	YWHAZ	P63104	0.1949	0.831	Known Macromolecular Subunit Competitor / Adaptor	2198.4	100.0	False		None	False		N/A	1IB1; 1QJA; 1QJB; 2C1J; 2C1N; 2O02; 2WH0; 3CU8; 3NKX; 4BG6	51	4	2	6	0.094	-8.37	18	30	54.5	16.98	0	28	3321.8	14271.5	0	0	None	98	30	0.87	0.27
c8riboseqorf89_partner_02_UTP4	DCAF13	uORF	2B	UTP4	Q969X6	0.1951	0.8625	Allosteric Regulatory Surface / Novel Epitope	5299.3	29.6	False		None	False		N/A	7MQ9	134	20	1	7	0.046	-26.52	41	71	67.2	23.47	3	72	7218.4	30495.3	0	0	None	103	21	0.85	0.26
c10riboseqorf73_partner_03_AKT1	PTEN	uORF	1B	AKT1	P31749	0.1947	0.7011	Active Site Blocker / Competitive Decoy	2786.2	42.5	True	4.08	Proton acceptor (res 274)	True	1.48	PH (5-108); Protein kinase (150-408); AGC-kinase C-terminal (409-480)	3CQU; 3CQW; 3MV5; 3MVH; 3OCB; 3OW4; 3QKK; 3QKL; 4EKK; 6BUU	77	9	7	4	0.077	5.13	25	40	55.6	20.68	0	35	4364.3	23653.4	1	6	 (res 19);  (res 156);  (res 157);  (res 158)	65	17	0.72	0.28
c10norep48_partner_01_TNIP2	MAP3K8	uORF	1B	TNIP2	Q8NFZ5	0.1943	0.2957	Allosteric Regulatory Surface / Novel Epitope	1518.9	0.0	False		None	False	85.92	N/A	None	29	4	0	6	0.139	-13.64	13	16	56.5	22.0	1	11	2755.7	34167.5	0	4	None	45	0	0.61	0.29
c2riboseqorf7_partner_01_RHOA	HPCAL1	uORF	1B	RHOA	P61586	0.1942	0.7208	Cofactor / Substrate Pocket Competitor	1553.3	85.7	False		None	True	1.65	Switch II region; involved in RAP1GDS1 isoform 2 binding (61-78)	1CC0; 1CXZ; 1LB1; 1S1C; 1TX4; 1X86; 1XCG; 3KZ1; 3LW8; 3LWN	39	5	0	1	0.143	-13.58	13	21	76.5	17.08	0	23	2309.0	10623.2	0	26	 (res 15);  (res 15);  (res 17);  (res 17);  (res 18);  (res 18);  (res 19);  (res 19);  (res 19);  (res 20);  (res 20);  (res 34);  (res 37);  (res 37);  (res 118);  (res 118)	87	18	0.72	0.33
c1norep76_partner_01_TARBP2	AGO1	uoORF	1B	TARBP2	Q15633	0.195	0.2975	Shared Physiological Complex Interface	4932.8	36.7	False		None	False		DRBM 1 (30-97); DRBM 2 (159-227); DRBM 3 (293-361); Sufficient for interaction with PRKRA (22-105); Sufficient for interaction with PRKRA (152-234); Sufficient for interaction with DICER1 (228-366); Sufficient for interaction with PRKRA (287-366)	4WYQ; 5N8L; 5ZAK; 5ZAL; 5ZAM; 6ZBK	123	15	3	7	0.036	-12.09	57	60	49.1	25.25	3	56	8583.2	25672.5	0	0	None	67	22	0.61	0.29
c8riboseqorf85_partner_03_OAZ2	AZIN1	uORF	1B	OAZ2	O95190	0.194	0.4878	Allosteric Regulatory Surface / Novel Epitope	1027.8	0.0	False		None	False		N/A	None	26	1	1	8	0.181	-10.73	9	16	16.7	13.86	0	10	5265.6	14397.3	0	0	None	0	0	0.57	0.41
c22riboseqorf7_partner_01_PRODH	ZDHHC8	uoORF	1B	PRODH	O43272	0.1954	0.7452	Allosteric Regulatory Surface / Novel Epitope	4966.3	0.0	False		None	False		N/A	None	106	11	2	14	0.039	-4.35	44	62	52.4	24.83	0	50	10727.5	29797.2	0	0	None	0	0	0.75	0.36
c19riboseqorf83_partner_01_API5	ZNF146	uORF	1B	API5	Q9BZZ5	0.1935	0.7439	Allosteric Regulatory Surface / Novel Epitope	2574.9	0.0	False		None	False		ARM-like and Heat-like helical repeats (2-360); Leucine-zipper (370-391); Disordered (452-524)	None	63	11	3	7	0.109	-17.5	17	34	73.9	25.36	2	27	3246.9	27621.2	0	0	None	10	0	0.79	0.24
c7riboseqorf24_partner_03_CHN1	HOXA1	uORF	4	CHN1	P15882	0.1936	0.536	Allosteric Regulatory Surface / Novel Epitope	862.7	0.0	False		None	False		Rho-GAP (268-459)	None	19	2	1	1	0.211	-5.8	9	10	45.0	23.77	0	7	2327.2	25131.6	0	0	None	0	0	0.75	0.4
c5norep53_partner_01_FNDC11	GPBP1	uORF	1B	FNDC11	Q9BVV2	0.1933	0.6623	Allosteric Regulatory Surface / Novel Epitope	1941.9	0.0	False		None	False		Fibronectin type-III (210-307)	None	52	9	1	12	0.148	-15.88	13	27	65.0	17.49	1	20	3108.6	21728.7	0	0	None	0	0	0.73	0.27
c11norep39_partner_01_TNFAIP1	BTBD10	intORF	1B	TNFAIP1	Q13829	0.1933	0.3605	Allosteric Regulatory Surface / Novel Epitope	4134.0	0.0	False		None	False		Disordered (268-287)	None	101	10	0	11	0.062	-5.24	36	45	90.0	22.3	0	55	4853.4	23150.7	0	0	None	0	0	0.64	0.32
c14norep77_partner_03_MAPK8	MAP3K9	uoORF	1A	MAPK8	P45983	0.1944	0.6474	Cofactor / Substrate Pocket Competitor	7611.1	47.7	False	8.7	None	True	3.49	Protein kinase (26-321); Disordered (371-427)	1UKH; 1UKI; 2G01; 2GMX; 2H96; 2NO3; 2XRW; 2XS0; 3O17; 3O2M	179	23	6	13	0.029	2.43	71	86	44.1	23.01	0	86	14087.4	21047.4	1	2	 (res 34);  (res 35);  (res 36);  (res 39)	65	41	0.76	0.31
c17norep109_partner_08_BIRC3	MAP3K14-AS1	lncRNA-ORF	4	BIRC3	Q13489	0.1934	0.2488	Active Site Cleft Occlusion / Proximal Inhibitor	2820.5	39.4	False		None	False	5.31	N/A	2UVL	62	8	2	2	0.075	-6.49	25	33	50.0	23.42	2	36	5549.4	37966.9	0	4	None	68	13	0.68	0.28
c5norep53_partner_02_GTF2B	GPBP1	uORF	1B	GTF2B	Q00403	0.1925	0.3664	Cofactor / Substrate Pocket Competitor	2362.7	75.0	False		None	True	3.03	Necessary for TATA box-bound TBP complex formation (244-316); Core promoter DNA-binding (249-252)	1C9B; 1VOL; 29WD; 2PHG; 30FF; 30FH; 5IY6; 5IY7; 5IY8; 5IY9	53	4	3	13	0.092	-3.47	18	32	90.0	23.05	0	24	2670.8	17670.5	0	16	 (res 34);  (res 196);  (res 281)	203	24	0.63	0.39
c6norep46_partner_09_NUP43	NUP153-AS1	lncRNA-ORF	2B	NUP43	Q8NFH3	0.1931	0.7318	Allosteric Regulatory Surface / Novel Epitope	4094.0	0.0	False		None	False		N/A	None	101	11	4	11	0.053	-0.86	39	49	40.6	20.33	0	52	10563.0	18192.4	0	0	None	0	0	0.81	0.27
c3norep203_partner_03_HDAC1	MECOM	uORF	1B	HDAC1	Q13547	0.1925	0.7669	Shared Physiological Complex Interface	2136.1	48.1	False	13.65	None	False	19.51	Histone deacetylase (9-321); Disordered (390-482)	4BKX; 5ICN; 6Z2J; 6Z2K; 7AO8; 7AO9; 7AOA; 8VOJ; 8VPQ; 8VRT	54	6	2	10	0.118	-0.24	17	27	58.6	25.25	1	22	3078.7	22567.1	1	6	None	129	13	0.81	0.34
c1riboseqorf199_partner_03_ADCK1	ENSG00000229953	lncRNA-ORF	1B	ADCK1	Q86TW2	0.1925	0.7234	Cofactor / Substrate Pocket Competitor	4061.1	0.0	False	6.37	None	True	2.19	Protein kinase (155-467)	None	114	9	4	13	0.06	-2.33	33	58	76.7	23.65	1	60	4899.4	28519.4	1	2	 (res 161);  (res 162);  (res 163);  (res 164);  (res 169);  (res 183)	0	0	0.77	0.26
c16norep106_partner_02_RFC2	CHTF8	intORF	1B	RFC2	P35250	0.1924	0.609	Known Macromolecular Subunit Competitor / Adaptor	2106.0	91.7	False		None	False	14.93	N/A	6VVO; 7Z6H; 8UI7; 8UI8; 8UI9; 8UII; 8UMU; 8UMV; 8UMW; 8UMY	49	3	0	18	0.097	-6.21	21	24	58.3	20.78	0	20	3590.7	18805.6	0	1	None	172	22	0.78	0.38
c1norep256_partner_09_G3BP1	PRRC2C	intORF	1B	G3BP1	Q13283	0.1923	0.3281	Known Macromolecular Subunit Competitor / Adaptor	2586.8	87.1	False		None	False		NTF2 (11-133)	3Q90; 4FCJ; 4FCM; 4IIA; 5FW5; 6TA7; 7S17; 7SUO; 7XHF; 7XHG	70	10	1	9	0.094	-15.0	24	31	70.6	20.47	1	32	3920.2	43206.5	0	0	None	120	27	0.6	0.31
c12riboseqorf13_partner_08_APLP1	ENSG00000272173	lncRNA-ORF	2B	APLP1	P51693	0.1929	0.3222	Cofactor / Substrate Pocket Competitor	4331.8	1.9	False		None	True	2.79	E1 (50-212); E2 (293-484); GFLD subdomain (50-146); CuBD subdomain (154-212); Heparin-binding (410-441); Collagen-binding (442-459); Interaction with DAB1 (632-649); Interaction with DAB2 (636-650)	3PMR; 3Q7G; 3Q7L; 3QMK; 4RD9; 4RDA	100	14	6	11	0.063	-11.38	30	53	52.6	23.29	2	47	5997.4	47831.3	0	6	 (res 206)	44	1	0.56	0.3
c16norep103_partner_05_PPP3CA	NFATC3	intORF	1B	PPP3CA	Q08209	0.1923	0.6851	Known Macromolecular Subunit Competitor / Adaptor	2901.6	88.6	False	20.4	None	False	15.32	Catalytic (56-340); Calcineurin B binding (341-369); Calmodulin-binding (392-406)	1AUI; 1M63; 1MF8; 2JZI; 2P6B; 2R28; 2W73; 3LL8; 4F0Z; 4Q5U	62	4	1	21	0.071	-12.02	25	35	71.4	21.58	2	20	3690.6	26973.6	1	7	None	130	31	0.76	0.33
c19riboseqorf83_partner_02_FASTKD2	ZNF146	uORF	1B	FASTKD2	Q9NYY8	0.1922	0.7022	Allosteric Regulatory Surface / Novel Epitope	2366.2	0.0	False		None	False		RAP (634-691)	None	50	8	1	4	0.085	-15.69	19	31	82.6	26.01	3	23	3019.4	36068.9	0	0	None	0	0	0.74	0.27
c11riboseqorf111_partner_02_DNAJC3	AP002360.1	lncRNA	1B	DNAJC3	Q13217	0.192	0.6646	Allosteric Regulatory Surface / Novel Epitope	1816.9	0.0	False		None	False		N/A	None	41	5	2	4	0.131	0.22	13	24	68.4	24.08	0	24	2686.1	30537.1	0	0	None	0	0	0.82	0.24
c5riboseqorf127_partner_03_RAB33A	KIAA1191	uORF	1B	RAB33A	Q14088	0.1914	0.6504	Allosteric Regulatory Surface / Novel Epitope	963.5	0.0	False		None	False	10.52	N/A	None	21	2	0	2	0.194	-12.65	9	12	45.0	16.82	0	12	2823.1	14654.7	0	17	None	0	0	0.67	0.31
c10norep48_partner_03_CHUK	MAP3K8	uORF	1B	CHUK	O15111	0.1921	0.7542	Active Site Cleft Occlusion / Proximal Inhibitor	2428.5	9.1	False	6.77	None	False	6.77	Protein kinase (15-302)	5EBZ	51	7	0	11	0.086	-10.71	18	33	78.3	26.35	1	21	2869.8	40639.4	1	2	None	83	3	0.77	0.26
c12riboseqorf13_partner_06_POLR3H	ENSG00000272173	lncRNA-ORF	2B	POLR3H	Q9Y535	0.1912	0.5854	Shared Physiological Complex Interface	3020.1	53.8	False		None	False		N/A	7A6H; 7AE1; 7AE3; 7AEA; 7AST; 7DU2; 8IUE; 8IUH; 9FSO; 9FSP	81	11	1	12	0.069	-20.87	30	39	52.6	23.31	0	34	6150.4	12552.9	0	0	None	107	21	0.72	0.34
c15riboseqorf86_partner_03_AK3	PDE8A	uORF	1B	AK3	Q9UIJ7	0.1908	0.7627	Cofactor / Substrate Pocket Competitor	1232.6	0.0	False		None	True	2.48	NMP (37-66); LID (127-164)	None	28	2	1	4	0.156	-3.48	10	18	62.5	16.77	0	14	1807.0	13243.6	0	17	 (res 20);  (res 38);  (res 43);  (res 64);  (res 91);  (res 94);  (res 161);  (res 172)	0	0	0.83	0.28
c5riboseqorf133_partner_02_MGAT2	MGAT4B	uoORF	1B	MGAT2	Q10469	0.1918	0.7258	Cofactor / Substrate Pocket Competitor	6240.6	11.0	False		None	True	2.76	N/A	5VCS	149	19	4	14	0.038	-0.29	48	82	71.6	22.63	2	75	8853.6	23468.5	0	6	 (res 125);  (res 126);  (res 298);  (res 374)	25	9	0.79	0.3
c11norep130_partner_02_ENTPD1	P2RY2	uORF	2B	ENTPD1	P49961	0.1909	0.76	Active Site Cleft Occlusion / Proximal Inhibitor	2407.9	0.0	False	7.58	None	False	10.59	N/A	None	55	4	0	12	0.089	-12.43	20	31	60.6	21.1	3	22	3910.8	27634.4	1	47	None	0	0	0.83	0.28
c18riboseqorf20_partner_01_RND3	ROCK1	uORF	1B	RND3	P61587	0.1902	0.6453	Cofactor / Substrate Pocket Competitor	2266.1	7.7	False		None	True	4.12	N/A	2V55	53	8	2	8	0.093	-16.69	22	26	84.6	19.63	0	20	3607.1	15580.9	0	15	 (res 33);  (res 37);  (res 37);  (res 52);  (res 55);  (res 55)	25	2	0.71	0.36
c10riboseqorf127_partner_03_IKZF4	IKZF5	uORF	1B	IKZF4	Q9H2S9	0.1895	0.2365	Allosteric Regulatory Surface / Novel Epitope	1457.0	0.0	False		None	False		Interaction with FOXP3 (281-585)	None	24	3	0	5	0.222	-13.01	9	12	22.5	23.82	1	9	5565.4	66263.1	0	0	None	0	0	0.74	0.51
c5norep4_partner_01_CHP1	SLC9A3	dORF	1A	CHP1	Q99653	0.1894	0.4839	Active Site Cleft Occlusion / Proximal Inhibitor	2579.1	97.3	False		None	False	7.12	EF-hand 1 (26-61); EF-hand 2 (66-101); EF-hand 3 (110-145); EF-hand 4 (151-186); Necessary for nuclear export signal (143-185)	2E30; 7DSX; 7X2U	62	5	1	24	0.084	-12.43	20	37	17.7	16.87	0	21	13768.1	12474.1	0	9	None	70	36	0.7	0.46
c1riboseqorf209_partner_03_DCAF4	DCAF8	uORF	1B	DCAF4	Q8WV16	0.1889	0.7004	Allosteric Regulatory Surface / Novel Epitope	2351.0	0.0	False		None	False		Disordered (1-66)	None	64	5	0	10	0.095	-10.86	25	27	59.5	23.48	2	27	4046.1	26806.4	0	0	None	6	0	0.74	0.28
cXriboseqorf24_partner_01_CCNY	CDK16	uORF	1B	CCNY	Q8ND76	0.1888	0.5666	Allosteric Regulatory Surface / Novel Epitope	1940.6	8.7	False		None	False		Cyclin N-terminal (143-265)	9R2I; 9R2N	41	4	1	3	0.094	-13.54	19	23	51.4	20.91	0	20	4016.0	20955.8	0	0	None	81	2	0.62	0.34
c20riboseqorf26_partner_03_ENC1	PLAGL2	uORF	2B	ENC1	O14682	0.1889	0.5363	Allosteric Regulatory Surface / Novel Epitope	2619.1	0.0	False		None	False		BTB (46-114)	None	65	7	4	2	0.074	-11.58	25	35	64.1	24.32	1	32	4574.3	30351.7	0	0	None	0	0	0.81	0.25
cXriboseqorf74_partner_10_ACTB	DNASE1L1	uORF	4	ACTB	P60709	0.1887	0.8655	Known Macromolecular Subunit Competitor / Adaptor	2076.9	100.0	False		None	False		N/A	3BYH; 3D2U; 3J82; 3LUE; 6ANU; 6LTJ; 6NBW; 7P1H; 7QJ6; 7QJ9	62	3	0	10	0.111	-17.41	18	31	69.2	20.92	2	28	3139.3	17161.8	0	0	None	264	31	0.89	0.26
c1riboseqorf94_partner_01_CDK6	CDKN2C	uORF	1A	CDK6	Q00534	0.1911	0.6086	Known Macromolecular Subunit Competitor / Adaptor	3199.9	61.1	False	9.74	None	False	10.91	Protein kinase (13-300)	1BI7; 1BI8; 1BLX; 1G3N; 1JOW; 1XO2; 2EUF; 2F2C; 4TTH	76	8	1	16	0.06	-4.63	35	36	19.4	21.07	1	34	20675.3	18197.5	1	2	None	87	22	0.78	0.37
c2riboseqorf37_partner_01_RBBP4	BCL11A	intORF	1B	RBBP4	Q09028	0.1878	0.8721	Known Macromolecular Subunit Competitor / Adaptor	2278.2	100.0	False		None	False		Interaction with ARMC12 (2-132)	4PBY; 4PBZ; 4PC0; 5FXY; 5WAI; 5WAK; 6C23; 6C24; 6G16; 6NQ3	57	9	1	5	0.102	-11.13	20	28	80.0	21.95	0	18	2859.0	20089.6	0	0	None	240	28	0.88	0.29
c9norep10_partner_02_HSF1	LURAP1L	uORF	1B	HSF1	Q00613	0.1882	0.2388	Allosteric Regulatory Surface / Novel Epitope	871.6	0.0	False		None	False		Hydrophobic repeat HR-A/B (130-203); Disordered (336-372); Transactivation domain (371-529); Disordered (444-463)	None	17	1	1	3	0.131	-9.61	10	13	58.8	27.26	0	5	2182.1	40493.5	0	0	None	45	0	0.54	0.47
c4riboseqorf84_partner_02_ACTB	SNHG8	lncRNA	1B	ACTB	P60709	0.1878	0.8531	Known Macromolecular Subunit Competitor / Adaptor	2472.4	88.6	False		None	False		N/A	3BYH; 3D2U; 3J82; 3LUE; 6ANU; 6LTJ; 6NBW; 7P1H; 7QJ6; 7QJ9	84	10	2	3	0.08	-13.56	30	35	83.3	22.79	1	48	3613.3	16929.9	0	0	None	264	31	0.88	0.24
c6riboseqorf6_partner_01_CITED2	TFAP2A	uORF	1B	CITED2	Q99967	0.1876	0.1664	Allosteric Regulatory Surface / Novel Epitope	5093.5	27.6	False		None	False		Disordered (138-201)	1P4Q; 1R8U; 7LVS; 7QGS	123	8	0	24	0.043	-20.23	38	76	77.6	22.5	0	69	5586.6	17789.8	0	0	None	39	21	0.35	0.39
c19riboseqorf40_partner_01_RHOA	MYO9B	uoORF	1B	RHOA	P61586	0.1884	0.5404	Cofactor / Substrate Pocket Competitor	3804.6	56.0	False		None	True	1.42	Switch II region; involved in RAP1GDS1 isoform 2 binding (61-78)	1CC0; 1CXZ; 1LB1; 1S1C; 1TX4; 1X86; 1XCG; 3KZ1; 3LW8; 3LWN	102	15	3	8	0.057	6.82	36	50	23.1	22.14	1	48	15134.6	10673.1	0	26	 (res 15);  (res 15);  (res 16);  (res 16);  (res 17);  (res 17);  (res 19);  (res 19);  (res 19);  (res 20);  (res 20);  (res 34);  (res 118);  (res 118);  (res 120);  (res 120);  (res 161);  (res 161);  (res 162);  (res 162)	87	28	0.8	0.35
c10norep31_partner_09_EIF2B1	CDC123	intORF	1B	EIF2B1	Q14232	0.1873	0.791	Known Macromolecular Subunit Competitor / Adaptor	2172.7	92.6	False		None	False		N/A	3ECS; 6CAJ; 6K71; 6K72; 6O81; 6O85; 6O9Z; 7D43; 7D44; 7D45	47	3	2	13	0.097	-5.59	18	27	62.1	17.95	0	19	3439.7	15847.2	0	0	None	146	25	0.84	0.34
c1norep185_partner_06_SARS2	WARS2-AS1	lncRNA-ORF	4	SARS2	Q9NP81	0.1874	0.8202	Allosteric Regulatory Surface / Novel Epitope	1641.9	0.0	False		None	False	10.31	N/A	None	37	5	0	2	0.13	-6.09	15	19	57.7	24.81	0	22	3121.8	28475.5	0	6	None	113	0	0.83	0.27
c1riboseqorf121_partner_03_PLK1	EVI5	intORF	1B	PLK1	P53350	0.1882	0.4995	Known Macromolecular Subunit Competitor / Adaptor	2859.6	77.8	False	43.98	None	False	26.85	POLO box 1 (410-488); POLO box 2 (510-592); Linker (493-507); Important for interaction with phosphorylated proteins (538-540)	1Q4K; 1UMW; 2OJX; 3BZI; 3C5L; 3FVH; 3HIK; 3P2Z; 3P34; 3P35	76	7	0	4	0.081	-9.11	26	36	47.3	24.75	8	38	4810.7	34059.4	1	5	None	89	28	0.77	0.24
c8riboseqorf55_partner_02_ACTB	SNHG6	lncRNA	1B	ACTB	P60709	0.1869	0.8813	Known Macromolecular Subunit Competitor / Adaptor	1415.6	100.0	False		None	False		N/A	3BYH; 3D2U; 3J82; 3LUE; 6ANU; 6LTJ; 6NBW; 7P1H; 7QJ6; 7QJ9	28	1	0	5	0.123	-9.43	12	19	52.2	20.74	1	12	2725.9	17759.4	0	0	None	264	19	0.89	0.33
c2riboseqorf7_partner_03_C19orf44	HPCAL1	uORF	1B	C19orf44	Q9H6X5	0.1861	0.1549	Peripheral Surface Interaction	383.1	0.0	False		None	False		N/A	None	4	0	0	0	0.444	-9.55	3	3	17.6	21.78	0	3	2419.9	46744.8	0	0	None	0	0	0.43	0.68
c14riboseqorf81_partner_10_ACVR1	NUMB	uORF	1B	ACVR1	Q04771	0.1861	0.6169	Shared Physiological Complex Interface	1504.3	43.8	False	16.57	None	False	25.43	Protein kinase (208-502)	4DYM; 6GIN	34	5	0	4	0.125	-13.2	17	16	53.1	23.29	0	17	3811.4	30066.9	1	2	None	103	7	0.78	0.29
c19riboseqorf40_partner_03_RHOC	MYO9B	uoORF	1B	RHOC	P08134	0.1869	0.5354	Cofactor / Substrate Pocket Competitor	5540.0	17.5	False		None	True	2.16	N/A	1Z2C	141	16	6	18	0.041	-3.13	60	57	38.5	23.1	2	74	14131.5	11345.1	0	24	 (res 15);  (res 15);  (res 16);  (res 17);  (res 17);  (res 19);  (res 19);  (res 19);  (res 20);  (res 20);  (res 34);  (res 37);  (res 37);  (res 118);  (res 118)	17	10	0.78	0.31
cXnorep59_partner_02_SYK	BTK	uORF	1B	SYK	P43405	0.1867	0.4778	Known Macromolecular Subunit Competitor / Adaptor	2087.6	82.8	False	41.44	None	False	36.33	SH2 1 (15-107); SH2 2 (168-259)	1A81; 1CSY; 1CSZ; 7Q5T; 7Q5U; 7Q5W	57	5	0	7	0.103	-7.59	19	29	67.9	24.59	1	30	2972.8	30512.5	1	2	None	118	24	0.72	0.23
c11norep50_partner_10_GAS2	NAV2-AS2	lncRNA-ORF	4	GAS2	O43903	0.1866	0.5909	Allosteric Regulatory Surface / Novel Epitope	4437.6	0.0	False		None	False		GAR (197-270)	None	129	15	2	19	0.054	-14.14	52	46	50.5	19.14	1	60	7912.0	21108.4	0	0	None	0	0	0.68	0.29
c12norep155_partner_02_LMNB1	TMPO-AS1	lncRNA	1B	LMNB1	P20700	0.1857	0.2736	Allosteric Regulatory Surface / Novel Epitope	1745.5	25.0	False		None	False		IF rod (32-388); Coil 1B (82-215); Coil 2 (244-386); Tail (387-586)	3TYY	35	1	1	3	0.146	-7.62	12	20	54.5	24.88	1	16	2610.9	43560.3	0	0	None	54	5	0.67	0.35
c6riboseqorf99_partner_05_MED6	CCNC	uoORF	1B	MED6	O75586	0.1856	0.4281	Known Macromolecular Subunit Competitor / Adaptor	1083.3	60.0	False		None	False		N/A	7EMF; 7ENJ; 7LBM; 7NVR; 8TQW; 8TRH	21	1	0	5	0.117	-12.48	12	15	32.4	19.25	0	6	5080.9	22471.9	0	0	None	90	9	0.71	0.6
c22riboseqorf52_partner_02_MLST8	PRR5	uORF	1B	MLST8	Q9BVC4	0.1852	0.8541	Known Macromolecular Subunit Competitor / Adaptor	2330.4	78.8	False		None	False		N/A	4JSN; 4JSP; 4JSX; 4JT5; 4JT6; 5FLC; 5H64; 5WBU; 5WBY; 5ZCS	71	12	0	8	0.09	-20.57	24	33	66.7	20.05	0	30	4108.8	14419.5	0	0	None	113	26	0.88	0.24
c9riboseqorf81_partner_05_CINP	RABEPK	uORF	1B	CINP	Q9BW66	0.1851	0.7682	Shared Physiological Complex Interface	1457.4	47.4	False		None	False	31.77	N/A	8RHN; 9LGO	32	1	0	8	0.13	-7.98	13	19	61.9	19.51	0	17	2294.0	14024.7	0	1	None	43	9	0.82	0.4
c2riboseqorf98_partner_03_SUFU	SPOPL	uORF	1B	SUFU	Q9UMX1	0.1859	0.6511	Shared Physiological Complex Interface	4862.7	51.4	False		None	False		Disordered (1-24); Disordered (279-360)	1M1L; 4BLB; 4BLD; 4KMD; 4KMH	131	19	1	12	0.051	-21.56	37	70	60.7	23.07	0	63	6961.3	25762.4	0	0	None	61	36	0.76	0.22
c2norep211_partner_07_ANKRD1	TTN-AS1	lncRNA-ORF	4	ANKRD1	Q15327	0.1852	0.5265	Allosteric Regulatory Surface / Novel Epitope	3318.1	0.0	False		None	False		N/A	None	91	11	10	12	0.065	7.69	35	40	40.2	23.81	3	40	6025.5	20846.0	0	0	None	0	0	0.68	0.28
c3riboseqorf183_partner_08_BCL6B	BCL6	uORF	4	BCL6B	Q8N143	0.1851	0.3065	Peripheral Surface Interaction	693.1	0.0	False		None	False		Disordered (143-190)	None	14	1	0	1	0.25	-8.9	7	8	36.8	25.64	0	9	2556.5	32688.7	0	0	None	0	0	0.59	0.35
c3riboseqorf118_partner_02_NDUFAF1	TIMMDC1	uORF	1B	NDUFAF1	Q9Y375	0.185	0.5816	Peripheral Surface Interaction	783.1	0.0	False		None	False		N/A	None	17	2	0	2	0.258	-10.65	6	11	31.6	19.6	0	11	2308.1	20355.7	0	0	None	0	0	0.65	0.28
c22riboseqorf10_partner_03_TAF1B	THAP7	uoORF	1B	TAF1B	Q53T94	0.1866	0.6254	Allosteric Regulatory Surface / Novel Epitope	6242.7	0.0	False		None	False	31.5	B-reader (40-68); B-linker (69-73); N-terminal cyclin fold (74-261); C-terminal cyclin fold (262-372)	None	150	14	3	16	0.032	-14.5	62	75	59.0	24.85	6	75	9925.6	31998.5	0	4	None	0	0	0.66	0.26
c19riboseqorf66_partner_05_PFDN6	URI1	uORF	1B	PFDN6	O15212	0.1847	0.5048	Known Macromolecular Subunit Competitor / Adaptor	1844.2	100.0	False		None	False		N/A	6NR8; 6NR9; 6NRB; 6NRC; 6NRD; 7WU7	53	6	0	10	0.101	-5.16	25	21	47.2	14.69	0	27	5612.2	9744.4	0	0	None	72	21	0.74	0.43
c8riboseqorf88_partner_02_WNT5A	FZD6	uORF	1B	WNT5A	P41221	0.1848	0.7392	Allosteric Regulatory Surface / Novel Epitope	2829.9	2.6	False		None	False		N/A	9Z4H; 9Z67	75	8	1	6	0.079	-5.12	25	38	83.3	21.84	0	39	3596.8	23438.2	0	0	None	70	1	0.77	0.26
c5riboseqorf22_partner_05_SIRT5	NNT-AS1	lncRNA	1B	SIRT5	Q9NXA8	0.184	0.7511	Active Site Blocker / Competitive Decoy	4535.3	30.4	True	3.13	Proton acceptor (res 158)	True	1.69	Deacetylase sirtuin-type (37-307)	3RIG; 3RIY; 4F4U; 4F56; 4G1C; 4HDA; 5BWL; 6ACE; 6ACL; 6ACO	119	13	3	3	0.046	-17.66	46	56	79.3	22.38	0	67	5434.7	16750.2	1	11	 (res 58);  (res 59);  (res 60);  (res 62);  (res 63);  (res 66);  (res 67);  (res 68);  (res 69);  (res 70);  (res 71);  (res 72);  (res 73);  (res 105);  (res 140);  (res 141);  (res 142);  (res 249);  (res 251);  (res 275);  (res 276);  (res 277)	24	17	0.82	0.32
c22norep40_partner_03_ACTB	TUG1	doORF	1B	ACTB	P60709	0.1835	0.8117	Known Macromolecular Subunit Competitor / Adaptor	5102.4	83.8	False		None	False		N/A	3BYH; 3D2U; 3J82; 3LUE; 6ANU; 6LTJ; 6NBW; 7P1H; 7QJ6; 7QJ9	139	21	0	15	0.049	-12.77	42	68	72.4	23.27	0	78	6329.7	17399.6	0	0	None	264	57	0.87	0.26
c13norep52_partner_02_PLEK2	FARP1	uORF	2B	PLEK2	Q9NYT0	0.1835	0.6945	Allosteric Regulatory Surface / Novel Epitope	2161.7	0.0	False		None	False		PH 1 (4-104); DEP (139-225); PH 2 (247-353)	None	63	6	2	4	0.112	-0.87	17	33	73.9	21.44	0	34	2643.0	18769.0	0	0	None	0	0	0.8	0.28
c4norep151_partner_02_PIK3R2	INPP4B	intORF	1B	PIK3R2	O00459	0.1845	0.3194	Allosteric Regulatory Surface / Novel Epitope	2542.2	0.0	False		None	False		N/A	None	57	5	1	12	0.081	-14.52	25	28	62.5	24.35	2	26	5158.8	42955.4	0	0	None	55	0	0.71	0.28
c8riboseqorf104_partner_02_ACTB	CASC19	lncRNA	1B	ACTB	P60709	0.1835	0.7968	Known Macromolecular Subunit Competitor / Adaptor	3769.1	100.0	False		None	False		N/A	3BYH; 3D2U; 3J82; 3LUE; 6ANU; 6LTJ; 6NBW; 7P1H; 7QJ6; 7QJ9	88	9	1	8	0.05	-20.06	39	45	56.5	21.88	3	48	6838.8	17611.0	0	0	None	264	45	0.86	0.33
c5riboseqorf58_partner_02_GTF2H3	CCNH	uoORF	1B	GTF2H3	Q13889	0.1829	0.6996	Known Macromolecular Subunit Competitor / Adaptor	438.1	100.0	False		None	False		N/A	28JM; 28JS; 28JV; 28KE; 29VF; 29WD; 30FF; 30FH; 6O9L; 6O9M	3	0	0	0	0.333	-11.0	3	3	13.6	20.74	0	2	3124.1	19854.1	0	0	None	191	3	0.75	0.39
c12riboseqorf47_partner_02_TMEM106B	TMEM106C	uoORF	1B	TMEM106B	Q9NUM4	0.1829	0.5277	Shared Physiological Complex Interface	883.1	42.9	False		None	False		N/A	9GI8	12	0	0	3	0.214	-11.5	8	7	28.6	17.93	0	3	3795.2	23825.1	0	0	None	146	3	0.73	0.56
c19norep3_partner_03_GET3	RNF126	intORF	1B	GET3	O43681	0.183	0.6996	Active Site Cleft Occlusion / Proximal Inhibitor	2603.6	38.7	False	21.62	None	False	6.45	N/A	6SO5; 8CQZ; 8CR1; 8CR2	73	6	2	6	0.102	-0.72	23	31	40.4	19.73	2	42	5505.8	18066.0	1	12	None	56	12	0.73	0.27
c14riboseqorf68_partner_02_B4GALT1	FUT8	uORF	1B	B4GALT1	P15291	0.1828	0.6424	Cofactor / Substrate Pocket Competitor	3159.5	34.8	False		None	True	1.12	Disordered (61-117)	2AE7; 4L41; 6FWU	84	6	3	11	0.079	0.38	23	46	54.8	25.08	0	44	3858.0	21611.8	0	9	 (res 187);  (res 224);  (res 249);  (res 250);  (res 250);  (res 310);  (res 312);  (res 313);  (res 314);  (res 315);  (res 343);  (res 344);  (res 345);  (res 346);  (res 343);  (res 355)	48	16	0.76	0.33
c1norep185_partner_03_MARS2	WARS2-AS1	lncRNA-ORF	4	MARS2	Q96GW9	0.1826	0.8426	Active Site Cleft Occlusion / Proximal Inhibitor	3268.6	0.0	False		None	False	7.93	N/A	None	88	9	3	11	0.085	3.11	23	45	88.5	22.71	0	43	3174.0	26618.2	0	1	None	0	0	0.84	0.28
c2riboseqorf136_partner_07_ANKRD1	TTN-AS1	lncRNA-ORF	4	ANKRD1	Q15327	0.1833	0.5028	Allosteric Regulatory Surface / Novel Epitope	3409.0	0.0	False		None	False		N/A	None	80	10	4	17	0.064	-4.27	37	34	29.1	23.3	0	34	7322.3	20899.8	0	0	None	0	0	0.68	0.31
c7riboseqorf12_partner_03_ATG5	WIPI2	uORF	1B	ATG5	Q9H1Y0	0.1826	0.883	Known Macromolecular Subunit Competitor / Adaptor	1917.6	77.8	False		None	False		N/A	4GDK; 4GDL; 4NAW; 4TQ0; 4TQ1; 5D7G; 5NPV; 5NPW; 7W36	51	3	1	11	0.094	-6.54	20	27	83.3	19.77	0	24	3304.2	14194.8	0	0	None	62	21	0.89	0.27
c20riboseqorf31_partner_07_TXNIP	ITCH	uORF	2B	TXNIP	Q9H3M7	0.1823	0.6663	Allosteric Regulatory Surface / Novel Epitope	1679.8	18.2	False		None	False		N/A	4LL1; 4LL4	36	5	1	2	0.117	-8.61	14	22	87.5	21.8	0	17	2442.7	22142.3	0	0	None	63	4	0.74	0.27
c13riboseqorf30_partner_03_CAB39L	FNDC3A	uORF	1B	CAB39L	Q9H9S4	0.1825	0.8658	Allosteric Regulatory Surface / Novel Epitope	1345.6	0.0	False		None	False		N/A	None	31	5	1	6	0.14	-10.92	13	17	50.0	18.1	1	10	3050.9	18473.5	0	0	None	13	0	0.89	0.32
c20norep33_partner_03_ADCK1	ENSG00000275457	lncRNA-ORF	4	ADCK1	Q86TW2	0.1826	0.7515	Allosteric Regulatory Surface / Novel Epitope	3229.8	0.0	False	14.37	None	False	11.1	Protein kinase (155-467)	None	96	9	0	9	0.091	-9.15	22	48	75.9	22.98	5	52	3378.9	28548.6	1	2	None	0	0	0.78	0.24
c1riboseqorf35_partner_03_EIF4A1	EIF4G3	intORF	1B	EIF4A1	P60842	0.1823	0.5862	Allosteric Regulatory Surface / Novel Epitope	2670.3	28.1	False		None	False	19.39	Helicase C-terminal (245-406)	6ZMW; 7PPZ; 7PQ0; 8HUJ	59	5	2	6	0.088	-5.9	21	32	67.7	22.52	0	29	4080.0	18674.0	0	1	None	103	9	0.78	0.3
c16norep46_partner_02_PABPC1	TNRC6A	intORF	1B	PABPC1	P11940	0.1826	0.2923	Shared Physiological Complex Interface	5153.1	40.9	False		None	False		RRM 1 (11-89); RRM 2 (99-175); RRM 3 (191-268); PABC (542-619); CSDE1-binding (166-289); (Microbial infection) Binding to HRSV M2-1 protein (541-636)	1CVJ; 1JGN; 1JH4; 2RQG; 2RQH; 2X04; 3KTP; 3KTR; 3KUI; 3KUJ	119	16	2	9	0.039	-11.33	46	66	70.8	27.22	0	69	6507.5	37646.8	0	0	None	96	27	0.66	0.35
c19riboseqorf6_partner_01_LYPLA1	ABHD17A	uORF	1B	LYPLA1	O75608	0.1817	0.8282	Active Site Blocker / Competitive Decoy	2015.0	0.0	True	4.21	Charge relay system (res 208)	False		N/A	None	53	4	0	10	0.092	-10.48	24	24	55.8	17.5	0	22	3510.9	10485.0	3	0	None	0	0	0.9	0.29
c1norep185_partner_07_YARS2	WARS2-AS1	lncRNA-ORF	4	YARS2	Q9Y2Z4	0.1813	0.784	Cofactor / Substrate Pocket Competitor	3184.4	0.0	False		None	True	1.97	N/A	None	92	17	1	7	0.082	-5.4	22	51	84.6	24.2	0	45	3297.4	25164.7	0	10	 (res 77);  (res 81);  (res 121);  (res 221);  (res 225);  (res 228);  (res 244);  (res 246);  (res 247);  (res 274);  (res 284)	31	0	0.79	0.28
c18riboseqorf53_partner_03_PIGA	PIGN	uORF	1B	PIGA	P37287	0.181	0.6765	Allosteric Regulatory Surface / Novel Epitope	2004.9	0.0	False		None	False		N/A	None	51	7	1	4	0.113	-6.76	15	30	83.3	24.72	0	28	2269.5	23171.4	0	0	None	0	0	0.79	0.23
c1norep185_partner_09_HARS2	WARS2-AS1	lncRNA-ORF	4	HARS2	P49590	0.1809	0.7717	Allosteric Regulatory Surface / Novel Epitope	1065.3	0.0	False		None	False	17.94	N/A	None	25	1	2	2	0.198	-8.54	9	14	34.6	23.09	0	13	3234.3	28739.5	0	6	None	0	0	0.81	0.24
c5riboseqorf73_partner_01_DCP1B	DCP2	uoORF	1B	DCP1B	Q8IZD4	0.1814	0.2825	Allosteric Regulatory Surface / Novel Epitope	2215.4	0.0	False		None	False		N/A	None	44	6	0	7	0.08	-12.91	22	25	31.0	24.89	1	20	6833.3	53456.1	0	0	None	0	0	0.51	0.33
c22riboseqorf18_partner_03_MTMR8	GUCD1	uoORF	1B	MTMR8	Q96EF0	0.182	0.719	Allosteric Regulatory Surface / Novel Epitope	4050.1	24.1	False	27.7	None	False	19.37	Myotubularin phosphatase (126-500)	4Y7I	108	8	2	12	0.059	-17.98	34	54	57.6	25.51	0	56	6106.4	31928.9	1	26	None	21	13	0.77	0.3
c10norep31_partner_02_EIF2S1	CDC123	intORF	1B	EIF2S1	P05198	0.1808	0.6157	Known Macromolecular Subunit Competitor / Adaptor	1216.6	100.0	False		None	False		S1 motif (17-88)	28ZU; 28ZV; 28ZX; 28ZY; 6K71; 6K72; 6O81; 6O85; 6O9Z; 6ZMW	29	2	1	3	0.207	-6.4	10	14	34.5	17.69	4	16	3528.6	19504.3	0	0	None	125	14	0.81	0.37
c7norep72_partner_01_CRK	ELMO1	uORF	4	CRK	P46108	0.1807	0.3315	Shared Physiological Complex Interface	1516.0	38.1	False		None	False		SH3 1 (132-192); SH3 2 (235-296)	5UL6; 6ATV	37	3	1	4	0.136	-11.14	13	21	72.2	22.19	0	19	2515.4	20313.3	0	0	None	49	8	0.62	0.32
c13riboseqorf29_partner_02_SDHA	SUCLA2	uORF	1B	SDHA	P31040	0.1812	0.8272	Active Site Cleft Occlusion / Proximal Inhibitor	4667.0	63.1	False	11.94	None	False	5.05	N/A	6VAX; 8DYD; 8DYE; 8GS8	137	19	4	8	0.049	-12.2	43	65	70.5	25.69	0	70	6946.9	25342.8	1	17	None	107	41	0.84	0.25
c12riboseqorf32_partner_03_SIKE1	FGFR1OP2	uORF	1B	SIKE1	Q9BRV8	0.1806	0.2838	Known Macromolecular Subunit Competitor / Adaptor	1055.9	75.0	False		None	False		N/A	6AKK; 6AKL	21	2	0	5	0.175	-7.54	10	12	43.5	18.49	1	6	2602.0	20432.1	0	0	None	59	9	0.71	0.49
c16norep104_partner_03_ST8SIA1	ZFP90	intORF	1B	ST8SIA1	Q92185	0.1807	0.7824	Allosteric Regulatory Surface / Novel Epitope	1112.1	0.0	False	25.16	None	False	18.36	N/A	None	24	3	1	2	0.19	-16.74	9	14	37.5	21.12	1	12	2989.9	21298.4	1	7	None	0	0	0.82	0.25
c17norep98_partner_03_HSPA8	LINC00910	lncRNA	1B	HSPA8	P11142	0.1809	0.6006	Allosteric Regulatory Surface / Novel Epitope	5273.7	6.6	False		None	False	12.94	Nucleotide-binding domain (NBD) (2-386); Interaction with BAG1 (186-377); Substrate-binding domain (SBD) (394-509); Disordered (614-646)	3AGY; 3AGZ; 3ESK; 4KBQ	134	18	0	13	0.049	-16.98	36	76	62.1	25.58	0	67	6955.2	31671.3	0	12	None	38	5	0.81	0.27
c10riboseqorf41_partner_01_TFB2M	TFAM	uoORF	1B	TFB2M	Q9H5Q4	0.1807	0.6591	Allosteric Regulatory Surface / Novel Epitope	1772.3	29.2	False		None	False	39.32	N/A	6ERP; 6ERQ; 9GZM; 9GZN; 9GZO; 9MN4; 9MN5; 9MN6; 9MN7; 9R95	52	6	0	12	0.103	-6.87	21	24	21.2	20.96	0	19	7035.2	20752.2	0	3	None	63	7	0.75	0.44
c10riboseqorf41_partner_02_TFB1M	TFAM	uoORF	1B	TFB1M	Q8WVM0	0.1803	0.7307	Allosteric Regulatory Surface / Novel Epitope	1460.5	23.1	False		None	False	11.84	N/A	9H52	32	3	0	11	0.13	-9.25	19	13	19.2	20.62	0	8	6650.8	18587.8	0	7	None	78	3	0.84	0.34
c12riboseqorf146_partner_03_CRK	PXN-AS1	lncRNA-ORF	2B	CRK	P46108	0.1792	0.3442	Shared Physiological Complex Interface	2383.7	55.3	False		None	False		SH2 (13-118); SH3 1 (132-192); SH3 2 (235-296); Disordered (61-85)	1JU5; 5UL6; 6ATV	64	5	4	5	0.089	-9.1	19	38	82.6	23.13	2	34	3379.9	19005.4	0	0	None	49	21	0.63	0.34
c16riboseqorf91_partner_01_CYP3A4	CES2	uORF	1B	CYP3A4	P08684	0.1801	0.8503	Cofactor / Substrate Pocket Competitor	5254.9	14.1	False		None	True	0.71	N/A	5TE8	201	26	4	18	0.064	3.08	40	78	95.2	24.34	1	104	3849.7	25165.6	0	1	axial binding residue (res 442)	57	11	0.84	0.26
c1norep182_partner_10_TSPAN7	IGSF3	uORF	1B	TSPAN7	P41732	0.1795	0.4844	Allosteric Regulatory Surface / Novel Epitope	2841.5	0.0	False		None	False		N/A	None	63	3	0	11	0.077	-19.08	24	34	68.6	19.43	2	30	3741.2	15329.2	0	0	None	4	0	0.64	0.36
c3riboseqorf106_partner_02_RPF1	ZBTB11-AS1	lncRNA-ORF	1B	RPF1	Q9H9Y2	0.1798	0.5656	Shared Physiological Complex Interface	3475.8	52.6	False		None	False		Brix (142-325); Disordered (1-105); RNA-binding (303-320)	8FKP; 8FKR; 8FKT; 8FKV	88	8	1	15	0.061	-8.69	38	38	43.2	21.65	1	40	5918.6	22437.9	0	0	None	129	20	0.67	0.27
c3riboseqorf50_partner_02_CAB39	SNRK	uORF	1B	CAB39	Q9Y376	0.1787	0.8316	Shared Physiological Complex Interface	4031.5	37.3	False		None	False		N/A	2WTK; 3GNI; 4FZA; 4FZD; 4FZF; 4NZW; 4O27; 8VSU	109	9	0	17	0.056	-12.75	38	51	79.2	23.3	1	63	5691.8	18465.4	0	0	None	70	19	0.89	0.31
c12riboseqorf23_partner_02_CREBRF	CREBL2	uORF	1B	CREBRF	Q8IUR6	0.1791	0.3061	Allosteric Regulatory Surface / Novel Epitope	1861.6	0.0	False		None	False		bZIP (521-584); Disordered (302-422); Basic motif (523-532); Leucine-zipper (533-540)	None	50	3	0	4	0.123	-11.18	14	29	56.0	25.86	0	30	2963.4	46827.7	0	0	None	0	0	0.45	0.45
c1riboseqorf238_partner_01_TOR1A	TOR1AIP2	uORF	1B	TOR1A	O14656	0.1785	0.7792	Cofactor / Substrate Pocket Competitor	2241.4	52.9	False		None	True	2.51	Interaction with SNAPIN (91-251); Interaction with KLC1 (251-332); Interaction with SYNE3 (312-332)	5J1S; 5J1T; 6OIF	62	3	1	5	0.114	-12.93	16	34	66.7	22.58	1	39	2967.7	18415.4	0	1	 (res 105);  (res 106);  (res 107);  (res 109)	79	18	0.79	0.26
c2riboseqorf177_partner_03_MIIP	STK16	uoORF	1B	MIIP	Q5JXC2	0.179	0.2469	Allosteric Regulatory Surface / Novel Epitope	1836.6	0.0	False		None	False		Interaction with IGFBP2 (239-282)	None	37	6	0	5	0.097	-9.66	20	19	50.0	23.59	0	10	4193.0	43004.3	0	0	None	0	0	0.67	0.37
c4riboseqorf57_partner_01_PDCD6	SEC31A	uORF	1B	PDCD6	O75340	0.1783	0.7022	Cofactor / Substrate Pocket Competitor	1457.8	63.2	False		None	True	3.74	EF-hand 1 (23-58); EF-hand 2 (59-89); EF-hand 3 (90-125); EF-hand 4 (126-161)	3WXA; 5GQQ	30	1	0	6	0.132	-13.26	12	19	23.1	12.16	0	16	5628.1	11191.3	0	14	 (res 103);  (res 107)	80	12	0.8	0.42
c8riboseqorf104_partner_05_YWHAZ	CASC19	lncRNA	1B	YWHAZ	P63104	0.1779	0.7551	Known Macromolecular Subunit Competitor / Adaptor	3546.4	97.7	False		None	False		N/A	1IB1; 1QJA; 1QJB; 2C1J; 2C1N; 2O02; 2WH0; 3CU8; 3NKX; 4BG6	87	7	1	9	0.061	-14.9	33	43	47.8	19.39	3	50	7061.5	14289.0	0	0	None	98	42	0.85	0.32
c19norep76_partner_03_RABIF	RAB8A	intORF	1B	RABIF	P47224	0.1775	0.5246	Cofactor / Substrate Pocket Competitor	1231.4	100.0	False		None	True	4.78	MSS4 (9-123)	2FU5	37	4	1	0	0.176	-11.69	15	14	23.4	12.41	2	16	4939.6	7516.2	0	4	 (res 94)	25	14	0.65	0.43
c1norep76_partner_03_EIF4E	AGO1	uoORF	1B	EIF4E	P06730	0.178	0.6029	Known Macromolecular Subunit Competitor / Adaptor	3497.1	61.5	False		None	False	14.73	Disordered (1-30); EIF4EBP1/2/3 binding (37-40); EIF4EBP1/2/3 binding (73-77); EIF4EBP1/2/3 binding (132-139)	1WKW; 2V8W; 2V8X; 2V8Y; 2W97; 3AM7; 3U7X; 4AZA; 4BEA; 4UED	90	10	1	7	0.059	-17.95	39	39	33.6	21.52	2	44	8055.7	13861.8	0	4	None	92	24	0.77	0.33
c1riboseqorf231_partner_02_ACTB	GAS5	lncRNA	1B	ACTB	P60709	0.1774	0.8067	Known Macromolecular Subunit Competitor / Adaptor	3208.6	97.2	False		None	False		N/A	3BYH; 3J82; 3LUE; 6ANU; 6LTJ; 6NBW; 7P1H; 7QJ6; 7QJ9; 7VDV	77	8	4	7	0.069	-12.49	31	36	55.4	22.1	2	36	4841.3	17562.1	0	0	None	264	35	0.83	0.27
c3riboseqorf140_partner_02_MSL1	MSL2	uORF	1B	MSL1	Q68DK7	0.1772	0.1748	Allosteric Regulatory Surface / Novel Epitope	1088.9	0.0	False		None	False		PEHE (472-591); Disordered (1-127); Disordered (272-420); Sufficient for interaction with MSL3 MRG domain (550-591)	None	27	6	0	4	0.276	-4.27	7	14	30.4	20.93	1	12	2714.2	59132.4	0	0	None	58	0	0.51	0.45
c21norep68_partner_01_ENY2	MCM3AP	uORF	1B	ENY2	Q9NPA8	0.1766	0.4584	Known Macromolecular Subunit Competitor / Adaptor	2312.1	93.5	False		None	False		N/A	4DHX	43	2	2	11	0.087	1.05	16	31	64.0	16.21	0	18	3036.9	8373.9	0	0	None	38	29	0.64	0.41
c16norep104_partner_01_RHOBTB3	ZFP90	intORF	1B	RHOBTB3	O94955	0.1771	0.5912	Allosteric Regulatory Surface / Novel Epitope	2904.2	0.0	False		None	False		BTB 2 (420-487); Rho-like (1-175); Interaction with Rab9 (420-611)	None	77	9	0	11	0.096	-25.86	19	42	79.2	25.71	0	35	2916.4	32313.1	0	0	None	0	0	0.71	0.25
c19norep64_partner_02_OR6S1	AC008770.4	uORF	1B	OR6S1	Q8NH40	0.1759	0.7793	Allosteric Regulatory Surface / Novel Epitope	1118.1	0.0	False		None	False		N/A	None	23	3	0	5	0.18	-11.43	8	16	50.0	23.39	0	6	2013.9	18161.5	0	0	None	0	0	0.76	0.36
c18riboseqorf50_partner_03_BCL2	PMAIP1	dORF	1B	BCL2	P10415	0.1762	0.5107	Known Macromolecular Subunit Competitor / Adaptor	3599.8	70.0	False		None	False		Required for interaction with SEPTIN4 isoform ARTS. Required XIAP-mediated ubiquitination and apoptosis (92-107)	2XA0; 5AGW; 5AGX; 5FCG; 5JSN; 5VAU; 5VAX; 5VAY; 6IWB; 6QG8	89	6	4	17	0.072	-5.33	31	40	42.5	20.55	4	35	7335.2	15165.9	0	0	None	40	28	0.63	0.39
c17riboseqorf23_partner_01_RABGEF1	RABEP1	uORF	1B	RABGEF1	Q9UJ41	0.1769	0.5938	Shared Physiological Complex Interface	1869.1	47.8	False		None	False	20.13	VPS9 (232-375)	2OT3; 4N3Y; 4N3Z; 4Q9U	39	3	1	4	0.085	-11.07	20	23	46.5	21.61	0	18	4609.3	33072.3	0	4	None	112	11	0.73	0.31
c16riboseqorf91_partner_05_ESD	CES2	uORF	1B	ESD	P10768	0.1757	0.8714	Active Site Blocker / Competitive Decoy	2506.8	0.0	True	3.06	Charge relay system (res 149); Charge relay system (res 260)	False		N/A	None	63	12	0	4	0.088	-6.06	21	34	50.0	21.96	0	32	4548.0	11502.6	3	0	None	26	0	0.95	0.3
c14norep27_partner_05_PLIN2	CIDEB	uORF	2B	PLIN2	Q99541	0.1757	0.4013	Allosteric Regulatory Surface / Novel Epitope	1727.7	0.0	False		None	False		N/A	None	34	4	0	1	0.101	-9.72	16	21	57.1	25.07	0	16	4160.6	28741.8	0	0	None	0	0	0.58	0.59
c22riboseqorf62_partner_01_RND1	PLXNB2	uORF	1B	RND1	Q92730	0.175	0.6328	Cofactor / Substrate Pocket Competitor	2646.1	21.2	False		None	True	2.38	N/A	2REX; 3Q3J	61	6	2	9	0.088	-9.45	21	33	60.0	19.22	1	33	4399.9	15920.7	0	17	 (res 39);  (res 40);  (res 45);  (res 45);  (res 126);  (res 128);  (res 170)	25	7	0.69	0.34
c19norep82_partner_01_LILRA4	BST2	intORF	1B	LILRA4	P59901	0.1754	0.6312	Allosteric Regulatory Surface / Novel Epitope	1383.0	0.0	False		None	False		Ig-like C2-type 1 (24-118)	None	33	3	0	4	0.138	-8.26	12	20	60.0	22.78	2	18	2288.3	30113.5	0	0	None	0	0	0.77	0.26
c5riboseqorf27_partner_05_PRKACG	AC008966.1	lncRNA	1B	PRKACG	P22612	0.1757	0.7773	Active Site Blocker / Competitive Decoy	2779.0	0.0	True	4.86	Proton acceptor (res 167)	True	2.75	Protein kinase (44-298)	None	69	6	1	13	0.075	-14.04	28	33	32.9	21.41	3	33	7617.8	17734.6	1	2	 (res 54)	0	0	0.85	0.34
c11riboseqorf112_partner_07_SKP1	EMSY	uoORF	1B	SKP1	P63208	0.1745	0.559	Known Macromolecular Subunit Competitor / Adaptor	3090.1	97.4	False		None	False		Disordered (63-83); Interaction with the F-box domain of F-box proteins (104-163)	11XU; 1FQV; 1FS1; 1FS2; 1LDK; 1P22; 29HG; 29HH; 29HI; 2ASS	71	8	4	13	0.069	-5.37	27	38	29.7	17.96	2	28	7711.3	11002.9	0	0	None	120	37	0.7	0.41
c4riboseqorf30_partner_04_SLC30A1	SLC30A9	uORF	1B	SLC30A1	Q9Y6M5	0.1756	0.5699	Shared Physiological Complex Interface	448.7	40.0	False		None	False	17.93	N/A	8J2G; 8XMF; 8XMJ; 8ZB0; 8ZSB; 8ZSZ; 9KZW; 9L00	8	0	0	0	0.32	-11.03	5	5	11.9	19.69	0	5	5022.4	42865.9	0	15	None	119	2	0.75	0.53
c7norep197_partner_02_CAPZB	MTPN	doORF	1B	CAPZB	P47756	0.1749	0.6303	Known Macromolecular Subunit Competitor / Adaptor	4735.8	96.4	False		None	False		N/A	7T5Q; 8F8Q; 9B7J; 9B85; 9EC0; 9Y9L; 9Y9M; 9YIM	111	15	2	21	0.041	-16.58	48	56	59.3	24.68	1	47	9063.4	18401.5	0	0	None	160	54	0.77	0.25
c5riboseqorf9_partner_05_YWHAZ	MIR4458HG	lncRNA	1B	YWHAZ	P63104	0.1742	0.8242	Known Macromolecular Subunit Competitor / Adaptor	2223.9	100.0	False		None	False		N/A	1IB1; 1QJA; 1QJB; 2C1J; 2C1N; 2O02; 2WH0; 3CU8; 3NKX; 4BG6	51	2	3	13	0.088	-2.1	20	29	58.8	18.34	0	24	3694.8	14022.4	0	0	None	98	29	0.86	0.32
c15riboseqorf45_partner_05_CIAPIN1	CIAO2A	uoORF	1B	CIAPIN1	Q6FI81	0.1742	0.488	Allosteric Regulatory Surface / Novel Epitope	1108.2	0.0	False		None	False	45.38	N-terminal SAM-like domain (6-172)	None	24	0	2	7	0.121	-10.88	11	18	40.7	22.37	0	3	3411.6	24668.3	0	8	None	0	0	0.76	0.55
c17norep146_partner_03_PSMD11	PSMC5	uoORF	1B	PSMD11	O00231	0.1744	0.7021	Known Macromolecular Subunit Competitor / Adaptor	2472.5	69.7	False		None	False		PCI (224-392)	22MM; 5GJQ; 5GJR; 5LN3; 5M32; 5T0C; 5T0G; 5T0I; 5T0J; 5VFP	69	7	6	6	0.095	-9.56	22	33	52.4	23.51	1	35	4153.4	23682.9	0	0	None	147	23	0.81	0.32
c1riboseqorf252_partner_03_ZBED5	ZBED6	uORF	1B	ZBED5	Q49AG3	0.1747	0.5939	Allosteric Regulatory Surface / Novel Epitope	1689.3	0.0	False		None	False	52.93	N/A	None	28	2	1	9	0.092	-10.95	16	19	26.2	27.8	0	10	5654.7	42826.6	0	4	None	0	0	0.74	0.45
c19riboseqorf61_partner_04_GAPDH	AC006504.5	lncRNA	1B	GAPDH	P04406	0.174	0.8721	Active Site Blocker / Competitive Decoy	2822.9	32.6	True	2.6	Nucleophile (res 152)	True	2.09	Interaction with WARS1 (2-148)	1U8F; 1ZNQ; 27FM; 3GPD; 4WNC; 4WNI; 6ADE; 6IQ6; 6M61; 6YND	73	5	2	6	0.074	-17.08	23	43	51.1	18.06	0	44	5313.8	15411.5	1	9	 (res 13);  (res 14);  (res 35);  (res 80);  (res 122);  (res 151);  (res 152);  (res 153);  (res 182);  (res 211);  (res 212);  (res 234)	82	14	0.93	0.28
c15riboseqorf45_partner_02_CIAO3	CIAO2A	uoORF	1B	CIAO3	Q9H6Q4	0.1741	0.7776	Cofactor / Substrate Pocket Competitor	3368.5	0.0	False		None	True	4.39	N/A	None	89	10	2	14	0.083	-1.48	25	43	92.6	25.0	0	46	2694.8	22362.0	0	8	 (res 71)	0	0	0.78	0.3
c6riboseqorf20_partner_02_MFGE8	BTN2A2	uORF	1B	MFGE8	Q08431	0.1738	0.5301	Allosteric Regulatory Surface / Novel Epitope	1226.9	0.0	False		None	False		EGF-like (24-67)	None	34	4	0	6	0.163	-9.6	13	16	65.0	20.13	0	17	2460.4	20534.2	0	0	None	50	0	0.84	0.43
c19riboseqorf66_partner_06_UXT	URI1	uORF	1B	UXT	Q9UBK9	0.1738	0.4802	Allosteric Regulatory Surface / Novel Epitope	2928.0	0.0	False		None	False		N/A	None	70	10	3	9	0.103	-8.58	34	20	64.2	18.78	1	34	5906.6	12996.3	0	0	None	0	0	0.64	0.38
c8riboseqorf67_partner_04_PEX5	PEX2	uoORF	1B	PEX5	P50542	0.1742	0.4877	Shared Physiological Complex Interface	3858.8	52.1	False		None	False		Amphipathic helix 3 (AH3) (190-206); Amphipathic helix 4 (AH4) (284-300)	1FCH; 2C0L; 2J9Q; 3R9A; 4KXK; 4KYO	75	9	1	8	0.049	-10.99	32	48	52.5	25.96	4	43	5856.9	39428.0	0	0	None	77	25	0.6	0.29
c16riboseqorf81_partner_01_RTCB	RSPRY1	uORF	1B	RTCB	Q9Y3I0	0.1738	0.8875	Allosteric Regulatory Surface / Novel Epitope	3529.1	0.0	False	16.99	None	False	12.34	N/A	None	92	7	4	13	0.062	-1.07	31	48	66.0	24.28	1	39	5653.5	18887.8	1	27	None	54	0	0.9	0.26
c17riboseqorf135_partner_03_SMAD2	SMURF2	uORF	1B	SMAD2	Q15796	0.1737	0.5818	Known Macromolecular Subunit Competitor / Adaptor	2472.5	67.6	False		None	False	8.08	MH1 (10-176); MH2 (274-467)	1DEV; 1KHX; 1U7V; 5XOD; 5ZOJ; 6M64; 6ZVQ	62	8	0	7	0.091	-4.98	20	34	69.0	23.95	3	31	3830.4	26900.3	0	4	None	125	23	0.69	0.32
c6riboseqorf99_partner_02_MED18	CCNC	uoORF	1B	MED18	Q9BUE0	0.1733	0.7244	Known Macromolecular Subunit Competitor / Adaptor	3208.5	68.3	False		None	False		N/A	7EMF; 7ENJ; 7LBM; 7NVR; 8TQW; 8TRH	77	4	4	10	0.078	-2.85	24	41	64.9	19.47	0	37	3871.9	12216.2	0	0	None	83	28	0.76	0.31
c8riboseqorf104_partner_03_HSPA8	CASC19	lncRNA	1B	HSPA8	P11142	0.1738	0.583	Cofactor / Substrate Pocket Competitor	5857.8	1.4	False		None	True	0.84	Nucleotide-binding domain (NBD) (2-386); Interaction with BAG1 (186-377); Substrate-binding domain (SBD) (394-509)	3FZK; 3FZM; 3LDQ; 3M3Z; 5AQF; 5AQG; 5AQH; 5AQI; 5AQJ; 5AQK	163	26	3	14	0.048	-10.39	46	74	66.7	26.96	1	83	6812.8	33537.4	0	12	 (res 13);  (res 14);  (res 15);  (res 14);  (res 15);  (res 202);  (res 203);  (res 204);  (res 202);  (res 268);  (res 271);  (res 268);  (res 271)	38	1	0.79	0.29
c2riboseqorf65_partner_03_YWHAZ	ENSG00000272913	lncRNA-ORF	1B	YWHAZ	P63104	0.1735	0.6512	Known Macromolecular Subunit Competitor / Adaptor	6437.5	88.1	False		None	False		N/A	1IB1; 1QJA; 1QJB; 2C1J; 2C1N; 2O02; 2WH0; 3CU8; 3NKX; 4BG6	159	28	9	18	0.039	-16.89	61	67	46.2	22.15	2	69	10279.0	14171.8	0	0	None	98	59	0.85	0.26
c1riboseqorf177_partner_03_NCS1	PI4KB	uORF	1B	NCS1	P62166	0.1729	0.6013	Shared Physiological Complex Interface	2163.4	59.3	False		None	False	9.04	EF-hand 1 (24-59); EF-hand 2 (60-95); EF-hand 3 (96-131); Interaction with IL1RAPL1 (174-190)	8AHY; 8ALH; 8ALM; 9GU8	54	6	1	19	0.111	-8.88	18	27	32.7	17.29	1	20	4652.6	10919.0	0	16	None	82	16	0.7	0.34
c8riboseqorf15_partner_04_DCP2	CNOT7	uORF	1A	DCP2	Q8IU60	0.1731	0.3942	Allosteric Regulatory Surface / Novel Epitope	1639.4	0.0	False		None	False	11.89	Nudix hydrolase (95-226)	None	31	3	1	5	0.101	-5.47	18	17	46.2	20.95	0	18	4450.0	30102.0	0	2	None	0	0	0.62	0.4
c12riboseqorf5_partner_01_RAD1	RHNO1	uoORF	1B	RAD1	O60671	0.1729	0.7438	Shared Physiological Complex Interface	4282.1	57.9	False		None	False		N/A	3A1J; 3G65; 3GGR; 6J8Y; 7Z6H; 8GNN; 8WU8	108	14	1	14	0.047	-22.99	40	57	53.3	20.93	0	50	8829.4	14726.6	0	0	None	70	33	0.82	0.31
c11riboseqorf112_partner_10_HDAC2	EMSY	uoORF	1B	HDAC2	Q92769	0.1736	0.6919	Cofactor / Substrate Pocket Competitor	4097.7	60.9	False	5.43	None	True	2.39	Histone deacetylase (9-322); Disordered (389-488)	5IX0; 6WHN; 6WHO; 6WHQ; 6WHZ; 6WI3; 8BPA; 8BPB; 8BPC; 8C60	101	12	5	4	0.054	2.56	41	46	45.1	25.39	0	51	6949.7	22240.6	1	15	 (res 179);  (res 179);  (res 271)	150	28	0.78	0.39
c1riboseqorf231_partner_05_YWHAZ	GAS5	lncRNA	1B	YWHAZ	P63104	0.1725	0.7807	Known Macromolecular Subunit Competitor / Adaptor	2530.2	97.0	False		None	False		N/A	1IB1; 1QJA; 1QJB; 2C1J; 2C1N; 2O02; 2WH0; 3CU8; 3NKX; 3RDH	63	6	2	9	0.083	-5.96	23	33	41.1	18.89	0	31	4388.1	14186.9	0	0	None	98	32	0.84	0.26
c3riboseqorf1_partner_03_METTL5	THUMPD3	uORF	1B	METTL5	Q9NRN9	0.1719	0.7172	Active Site Cleft Occlusion / Proximal Inhibitor	1698.2	81.0	False		None	False	5.59	N/A	6H2U; 6H2V; 9OHL	38	4	2	7	0.121	-11.27	15	21	45.5	21.06	0	18	2992.7	11205.1	0	7	None	27	17	0.71	0.31
c11norep30_partner_02_EIF4A1	EIF4G2	intORF	1B	EIF4A1	P60842	0.1728	0.5059	Shared Physiological Complex Interface	3993.0	34.0	False		None	False	10.63	Helicase ATP-binding (63-234); Helicase C-terminal (245-406)	6ZMW; 7PPZ; 7PQ0; 8HUJ	94	17	3	14	0.051	-15.92	37	50	50.0	23.23	0	44	9162.8	21531.3	0	1	None	103	17	0.77	0.34
c17riboseqorf58_partner_04_SDF2	KIAA0100	intORF	1B	SDF2	Q99470	0.1721	0.668	Allosteric Regulatory Surface / Novel Epitope	1909.8	0.0	False		None	False		MIR 1 (21-75); MIR 2 (83-138); MIR 3 (139-193)	None	49	2	1	9	0.112	-9.55	23	19	31.5	19.65	1	22	5556.7	11404.0	0	0	None	0	0	0.79	0.38
c13riboseqorf12_partner_03_ACTB	SLC46A3	uORF	1B	ACTB	P60709	0.1721	0.7946	Known Macromolecular Subunit Competitor / Adaptor	6889.9	72.8	False		None	False		N/A	3BYH; 3D2U; 3J82; 3LUE; 6ANU; 6ICT; 6ICV; 6LTJ; 6MBJ; 6MBK	191	30	4	13	0.036	0.86	57	92	71.2	24.3	2	99	8778.6	17563.0	0	0	None	264	67	0.87	0.27
c1norep256_partner_05_EIF4A1	PRRC2C	intORF	1B	EIF4A1	P60842	0.1715	0.5738	Allosteric Regulatory Surface / Novel Epitope	2279.2	26.9	False		None	False	16.04	Helicase C-terminal (245-406)	6ZMW; 7PPZ; 8HUJ	46	4	2	8	0.093	-9.46	19	26	55.9	21.59	0	22	3554.8	20852.4	0	1	None	103	7	0.77	0.32
c2riboseqorf136_partner_02_CSRP3	TTN-AS1	lncRNA-ORF	4	CSRP3	P50461	0.1716	0.2764	Allosteric Regulatory Surface / Novel Epitope	2621.9	0.0	False		None	False		LIM zinc-binding 2 (120-171); Interaction with CLF2 and isoform 2 (94-105)	None	68	5	1	12	0.072	-19.11	35	27	27.6	21.04	0	26	8381.4	15102.8	0	0	None	0	0	0.56	0.32
c2riboseqorf96_partner_03_NPIPB6	R3HDM1	uORF	1B	NPIPB6	E9PJ23	0.1711	0.1641	Allosteric Regulatory Surface / Novel Epitope	1407.2	0.0	False		None	False		N/A	None	23	1	1	5	0.118	-8.73	13	15	76.5	22.92	1	13	2465.9	35990.6	0	0	None	0	0	0.4	0.24
c8riboseqorf15_partner_09_TOB1	CNOT7	uORF	1A	TOB1	P50616	0.1714	0.3281	Known Macromolecular Subunit Competitor / Adaptor	1125.8	66.7	False		None	False		Disordered (144-171)	2D5R	28	1	1	2	0.17	-12.71	11	15	28.2	18.02	0	16	4432.8	18411.5	0	0	None	17	10	0.5	0.52
c2riboseqorf55_partner_03_RUVBL1	WBP1	uORF	1B	RUVBL1	Q9Y265	0.1713	0.6654	Known Macromolecular Subunit Competitor / Adaptor	2923.8	100.0	False		None	False	21.71	N/A	2XSZ; 5OAF; 6FO1; 6HTS; 6IGM; 6K0R; 6QI8; 6QI9; 7AHO; 7OLE	81	15	1	12	0.074	-13.75	28	39	77.8	23.83	0	31	4719.0	25603.7	0	1	None	349	39	0.77	0.25
c1riboseqorf33_partner_07_EMC8	EMC1-AS1	lncRNA-ORF	3	EMC8	O43402	0.1708	0.6546	Known Macromolecular Subunit Competitor / Adaptor	1836.9	92.0	False		None	False		MPN (4-150)	6WW7; 7ADO; 7ADP; 8EOI; 8J0N; 8J0O; 9ZZ6	56	7	2	6	0.112	-3.33	20	25	32.8	22.21	0	27	6319.9	11482.3	0	0	None	81	23	0.73	0.41
c15riboseqorf45_partner_03_CIAO2B	CIAO2A	uoORF	1B	CIAO2B	Q9Y3D0	0.1704	0.5696	Allosteric Regulatory Surface / Novel Epitope	1734.0	0.0	False		None	False		N/A	None	41	4	1	8	0.104	-5.44	18	22	66.7	18.92	0	16	2978.6	11069.7	0	0	None	0	0	0.63	0.36
c1riboseqorf217_partner_03_SAMM50	TOMM40L	uORF	1B	SAMM50	Q9Y512	0.1705	0.7184	Allosteric Regulatory Surface / Novel Epitope	3941.8	0.0	False		None	False		POTRA (45-125); Disordered (1-20)	None	108	12	1	12	0.065	-11.17	31	54	77.5	21.8	0	60	5442.0	24953.0	0	0	None	9	0	0.75	0.22
cXriboseqorf74_partner_08_DFFB	DNASE1L1	uORF	4	DFFB	O76075	0.1702	0.6008	Peripheral Surface Interaction	683.9	0.0	False		None	False		N/A	None	15	0	0	2	0.25	-9.12	5	12	19.2	18.54	0	8	3594.2	20896.9	0	0	None	14	0	0.8	0.4
c16riboseqorf1_partner_02_SNRNP48	SNRNP25	uoORF	1B	SNRNP48	Q6IEG0	0.1702	0.3463	Known Macromolecular Subunit Competitor / Adaptor	1773.8	82.6	False		None	False	15.33	N/A	8R7N; 8Y6O; 9GBW; 9GC0; 9GCL	30	2	1	6	0.13	-9.97	10	23	22.2	23.01	1	16	6908.2	35743.6	0	4	None	118	19	0.73	0.54
c19norep118_partner_01_DDX6	LSM14A	intORF	1B	DDX6	P26196	0.1696	0.5018	Known Macromolecular Subunit Competitor / Adaptor	1976.6	81.0	False		None	False	31.67	Helicase C-terminal (308-468); Gyf binding (286-316); RecA-like domain 2 (307-483)	2WAX; 2WAY; 4CRW; 4CT4; 5ANR; 6F9S; 6S8S	48	6	0	4	0.104	-26.89	22	21	56.4	23.09	2	28	3899.5	25707.7	0	1	None	98	17	0.73	0.27
cXriboseqorf30_partner_03_FRG2C	FAM104B	uoORF	1B	FRG2C	A6NGY1	0.1693	0.1971	Allosteric Regulatory Surface / Novel Epitope	2789.5	0.0	False		None	False		N/A	None	61	3	1	17	0.078	-19.97	26	30	36.1	18.23	0	30	6704.6	26960.1	0	0	None	0	0	0.39	0.39
c3norep241_partner_03_CRTAP	P3H2	intORF	1B	CRTAP	O75718	0.1696	0.687	Allosteric Regulatory Surface / Novel Epitope	3543.8	19.5	False		None	False		N/A	8K17	81	7	0	8	0.058	-26.35	34	41	54.0	24.39	3	51	6893.0	25450.5	0	0	None	91	8	0.8	0.3
c5riboseqorf27_partner_01_GP6	AC008966.1	lncRNA	1B	GP6	Q9HCN6	0.1695	0.4422	Peripheral Surface Interaction	560.5	0.0	False		None	False		Ig-like C2-type 2 (114-196)	None	11	0	0	5	0.224	-8.7	7	7	8.2	19.48	0	4	10348.4	29360.0	0	0	None	118	0	0.8	0.62
c18riboseqorf50_partner_05_BCL2L2	PMAIP1	dORF	1B	BCL2L2	Q92843	0.1692	0.6876	Allosteric Regulatory Surface / Novel Epitope	960.5	0.0	False		None	False		N/A	None	24	0	1	2	0.198	-9.1	11	11	15.1	16.98	0	13	5887.4	9934.0	0	0	None	69	0	0.79	0.38
c8riboseqorf16_partner_03_PDCD1	MTUS1	intORF	1B	PDCD1	Q15116	0.1693	0.4298	Shared Physiological Complex Interface	766.8	50.0	False		None	False		Ig-like V-type (35-145); Interaction with CD274/PDCD1L1 (70-77); Pembrolizumab binding (74-99)	4ZQK; 5B8C; 5GGS; 5IUS; 5JXE; 6UMT; 6XKR; 7BXA; 7CGW; 7VUX	8	1	0	0	0.267	-11.43	5	6	8.8	18.64	0	3	7473.2	28823.3	0	0	None	108	3	0.84	0.64
c6riboseqorf128_partner_10_FUS	BCLAF1	uORF	1B	FUS	P35637	0.169	0.2204	Known Macromolecular Subunit Competitor / Adaptor	1007.5	60.0	False		None	False		RRM (285-371); Disordered (1-286)	5W3N; 6BWZ; 6BXV; 7VQQ	20	2	0	4	0.222	-13.89	9	10	47.4	27.98	0	11	2293.3	30414.6	0	0	None	186	6	0.42	0.6
c5riboseqorf140_partner_02_MAN1A2	MGAT1	uORF	1B	MAN1A2	O60476	0.1699	0.6767	Active Site Blocker / Competitive Decoy	4018.0	0.0	True	3.34	Proton donor (res 508)	False	6.55	N/A	None	88	5	3	10	0.046	0.44	39	49	44.8	27.62	1	43	6522.2	33404.8	1	1	None	0	0	0.78	0.31
c9norep116_partner_02_ACTB	MIR181A2HG	lncRNA-ORF	2B	ACTB	P60709	0.1687	0.8206	Known Macromolecular Subunit Competitor / Adaptor	4092.4	89.3	False		None	False		N/A	3BYH; 3D2U; 3J82; 3LUE; 6ANU; 6LTJ; 6NBW; 7P1H; 7QJ6; 7QJ9	106	4	4	13	0.05	-14.81	38	56	69.1	24.17	1	58	6367.0	17458.3	0	0	None	264	50	0.87	0.27
c21norep68_partner_03_PCID2	MCM3AP	uORF	1B	PCID2	Q5JVF3	0.1674	0.8616	Known Macromolecular Subunit Competitor / Adaptor	2207.0	96.8	False		None	False		PCI (210-391)	28WY; 28WZ; 28XA; 28XB; 3T5X; 8R7J; 8R7K; 9DLP; 9DLR; 9DLV	51	4	2	14	0.082	-1.05	20	31	80.0	23.98	0	20	3440.2	20416.3	0	0	None	143	30	0.89	0.29
c16riboseqorf59_partner_02_UBE2B	RNF40	dORF	1A	UBE2B	P63146	0.1684	0.4789	Active Site Cleft Occlusion / Proximal Inhibitor	4331.1	25.5	False	6.97	None	False		UBC core (4-150)	2YBF	103	13	1	11	0.04	-18.49	51	51	26.3	21.95	0	58	15289.1	8880.3	1	0	None	21	13	0.84	0.36
c6norep11_partner_02_ACTB	ENSG00000231811	lncRNA-ORF	1B	ACTB	P60709	0.167	0.8245	Known Macromolecular Subunit Competitor / Adaptor	4001.4	88.9	False		None	False		N/A	3BYH; 3D2U; 3J82; 3LUE; 6ANU; 6LTJ; 6NBW; 7P1H; 7QJ6; 7QJ9	88	6	1	9	0.056	-11.94	35	45	60.3	22.74	4	44	6288.9	17330.7	0	0	None	264	40	0.87	0.27
c5riboseqorf133_partner_01_MGAT3	MGAT4B	uoORF	1B	MGAT3	Q09327	0.1672	0.6733	Allosteric Regulatory Surface / Novel Epitope	3751.1	0.0	False		None	False		N/A	None	99	15	4	12	0.047	-4.07	41	51	61.2	23.63	0	51	7190.4	29200.0	0	0	None	0	0	0.73	0.25
c11norep46_partner_01_HPS4	HPS5	intORF	1B	HPS4	Q9NQG7	0.1669	0.5535	Allosteric Regulatory Surface / Novel Epitope	3828.6	22.4	False		None	False		Disordered (269-331)	8ZWC	97	10	1	14	0.071	-21.49	28	49	70.0	28.19	0	44	4675.7	51102.2	0	0	None	39	11	0.63	0.42
c16riboseqorf104_partner_09_MNT	PSKH1	uORF	1B	MNT	Q99583	0.1666	0.2178	Allosteric Regulatory Surface / Novel Epitope	1076.2	0.0	False		None	False		Disordered (18-224); Leucine-zipper (271-299); Disordered (319-422)	None	22	0	3	8	0.157	-7.67	10	14	30.3	24.94	0	7	4278.9	46406.5	0	0	None	0	0	0.49	0.59
c17riboseqorf80_partner_01_KRT1	KRT10	dORF	1B	KRT1	P04264	0.1664	0.2069	Allosteric Regulatory Surface / Novel Epitope	2575.3	26.5	False		None	False		IF rod (180-493); Head (2-179); Coil 1B (235-326); Linker 12 (327-350); Coil 2 (351-489)	4ZRY; 6E2J; 6UUI	47	2	0	4	0.073	-10.78	19	34	65.5	28.71	0	33	3114.3	47547.0	0	0	None	112	9	0.5	0.4
c4riboseqorf30_partner_01_SLC30A6	SLC30A9	uORF	1B	SLC30A6	Q6NXT4	0.1665	0.5886	Allosteric Regulatory Surface / Novel Epitope	1548.6	0.0	False		None	False		N/A	None	33	6	0	4	0.162	-11.21	12	17	28.6	23.82	0	16	4660.5	31215.2	0	0	None	0	0	0.65	0.41
c6norep46_partner_04_NUP85	NUP153-AS1	lncRNA-ORF	2B	NUP85	Q9BW27	0.1679	0.6625	Allosteric Regulatory Surface / Novel Epitope	4373.3	0.0	False		None	False		N/A	None	116	12	1	20	0.051	-10.62	41	56	42.7	23.74	1	61	9576.3	35527.4	0	0	None	0	0	0.76	0.32
c10riboseqorf118_partner_09_ACTB	SHTN1	uORF	4	ACTB	P60709	0.1661	0.879	Known Macromolecular Subunit Competitor / Adaptor	1401.6	86.4	False		None	False		N/A	3BYH; 3J82; 3LUE; 6ANU; 7ZTC; 7ZTD; 8DNH; 8OI8; 8OID; 8RTT	35	6	0	4	0.106	-9.17	15	22	71.4	23.52	0	17	2342.2	17113.6	0	0	None	264	19	0.9	0.27
c19norep29_partner_04_CRBN	LONP1	uoORF	1A	CRBN	Q96SW2	0.1667	0.6521	Cofactor / Substrate Pocket Competitor	5640.5	72.1	False		None	True	2.5	Lon N-terminal (81-319); CULT (318-426); Disordered (1-45)	10DW; 12BP; 23SR; 5FQD; 5HXB; 6BN7; 6BN8; 6BN9; 6BNB; 6BOY	172	20	4	9	0.04	-0.88	63	68	56.2	24.35	4	99	8477.7	24037.5	0	7	 (res 326);  (res 378);  (res 380);  (res 386);  (res 394)	162	49	0.75	0.3
c12norep58_partner_02_CACNG4	CACNB3	intORF	1B	CACNG4	Q9UBN1	0.1664	0.5047	Allosteric Regulatory Surface / Novel Epitope	2363.3	0.0	False		None	False		N/A	None	56	5	0	11	0.09	-13.82	20	31	48.8	19.32	0	27	4492.4	26665.2	0	0	None	0	0	0.61	0.38
c1riboseqorf197_partner_03_EIF4A3	GPATCH4	uORF	1B	EIF4A3	P38919	0.1656	0.5495	Known Macromolecular Subunit Competitor / Adaptor	1245.7	93.8	False		None	False	16.22	Helicase C-terminal (250-411)	2HYI; 2J0Q; 2J0S; 2XB2; 4C9B; 5XJC; 5YZG; 6QDV; 6YVH; 7ZNJ	30	5	0	2	0.17	-8.91	11	16	61.1	24.29	0	21	2104.9	18879.7	0	5	None	185	15	0.79	0.23
c3norep51_partner_02_ELP4	ELP6	intORF	1B	ELP4	Q96EB1	0.1661	0.6368	Allosteric Regulatory Surface / Novel Epitope	1814.4	0.0	False		None	False		N/A	None	31	0	0	10	0.096	-12.55	14	23	33.3	25.43	0	14	4738.0	28085.9	0	0	None	0	0	0.68	0.47
c3riboseqorf154_partner_03_MBNL3	MBNL1	uORF	1B	MBNL3	Q9NUK0	0.1655	0.2565	Allosteric Regulatory Surface / Novel Epitope	985.2	0.0	False		None	False		N/A	None	19	0	1	4	0.247	-11.04	7	11	43.8	24.27	0	11	1964.1	23663.9	0	0	None	0	0	0.54	0.49
c16riboseqorf59_partner_01_UBE2A	RNF40	dORF	1A	UBE2A	P49459	0.1661	0.4982	Active Site Blocker / Competitive Decoy	4449.9	26.5	True	1.72	Glycyl thioester intermediate (res 88)	False		UBC core (4-150)	8BTL; 9KQO	104	13	1	16	0.045	-13.72	47	49	24.2	18.95	0	53	16687.3	8907.2	1	0	None	44	13	0.83	0.35
c1riboseqorf39_partner_01_HNRNPR	HNRNPR	intORF	1B	HNRNPR	O43390	0.1661	0.3793	Allosteric Regulatory Surface / Novel Epitope	4278.4	0.0	False		None	False		RRM 1 (165-244); RRM 2 (246-328); RRM 3 (341-411); Disordered (412-456); RNA-binding RGG-box (447-567); 3 X 11 AA approximate repeats of D-D-Y-Y-G-Y-D-Y-H-D-Y (462-497); Disordered (501-633)	None	99	10	2	9	0.054	-14.16	36	51	80.0	26.9	4	53	4314.6	38448.4	0	0	None	0	0	0.61	0.31
c2riboseqorf7_partner_02_LITAF	HPCAL1	uORF	1B	LITAF	Q99732	0.1651	0.3213	Cofactor / Substrate Pocket Competitor	1252.7	0.0	False		None	True	4.17	LITAF (76-160)	None	29	4	0	1	0.201	-13.88	9	16	52.9	20.91	0	20	2259.1	11603.5	0	4	 (res 96);  (res 99)	0	0	0.57	0.46
c13riboseqorf29_partner_03_SDHB	SUCLA2	uORF	1B	SDHB	P21912	0.1655	0.6636	Cofactor / Substrate Pocket Competitor	2415.1	82.1	False		None	True	2.77	2Fe-2S ferredoxin-type (40-133); 4Fe-4S ferredoxin-type (176-206); Interaction with SDHAF1 (146-218)	8GS8	66	7	1	12	0.087	-13.3	27	28	44.3	18.88	1	30	5274.7	17750.3	0	12	 (res 201)	95	23	0.75	0.31
c10riboseqorf66_partner_03_KCNMB3	KCNMA1	uORF	2B	KCNMB3	Q9NPA1	0.1651	0.5385	Allosteric Regulatory Surface / Novel Epitope	1064.3	0.0	False		None	False		N/A	None	16	2	2	5	0.145	-8.94	10	11	38.5	22.51	0	3	3501.9	23267.7	0	0	None	0	0	0.8	0.51
c11riboseqorf11_partner_01_SCN4B	nan	mixed	1B	SCN4B	Q8IWT1	0.1649	0.5181	Known Macromolecular Subunit Competitor / Adaptor	248.4	66.7	False		None	False		Ig-like C2-type (31-148)	5XAW; 7DTD	3	0	0	0	0.333	-10.13	3	3	8.1	14.43	0	3	5894.0	19011.9	0	0	None	27	2	0.79	0.52
c18riboseqorf21_partner_03_DSCC1	ESCO1	uORF	1B	DSCC1	Q9BVC3	0.1654	0.7528	Allosteric Regulatory Surface / Novel Epitope	1987.5	0.0	False		None	False		N/A	None	51	7	2	9	0.097	-3.08	17	31	58.6	19.9	0	24	3657.9	24795.7	0	0	None	0	0	0.83	0.28
c11norep50_partner_09_ABI1	NAV2-AS2	lncRNA-ORF	4	ABI1	Q8IZP0	0.1658	0.2355	Allosteric Regulatory Surface / Novel Epitope	5669.3	0.0	False		None	False		t-SNARE coiled-coil homology (45-107); SH3 (446-505); Disordered (159-290)	None	136	13	3	17	0.039	1.23	58	60	56.3	24.87	2	61	10614.3	41278.9	0	0	None	0	0	0.55	0.36
c5riboseqorf95_partner_05_FNTB	FAM53C	uORF	1B	FNTB	P49356	0.1643	0.8694	Cofactor / Substrate Pocket Competitor	2096.3	70.0	False		None	True	2.43	N/A	1JCQ; 1LD7; 1LD8; 1MZC; 1S63; 1SA4; 1TN6; 2F0Y; 2H6F; 2H6G	51	2	1	6	0.085	-8.67	20	30	90.9	24.28	3	24	2415.0	20719.9	0	6	 (res 248);  (res 250);  (res 251);  (res 299);  (res 300);  (res 303);  (res 362)	98	21	0.85	0.21
c1norep227_partner_03_GSK3B	ADAR	uoORF	1B	GSK3B	P49841	0.1641	0.809	Active Site Blocker / Competitive Decoy	2644.9	72.5	True	3.61	Proton acceptor (res 181)	True	2.18	Protein kinase (56-340)	1H8F; 1J1B; 1J1C; 1O9U; 1PYX; 1Q3D; 1Q3W; 1Q41; 1Q4L; 1Q5K	65	10	2	1	0.081	-12.78	20	40	80.0	24.42	1	34	3172.3	23289.6	1	2	 (res 62);  (res 63);  (res 64);  (res 66);  (res 67);  (res 70);  (res 85)	140	29	0.82	0.24
c1riboseqorf199_partner_06_HAPLN2	ENSG00000229953	lncRNA-ORF	1B	HAPLN2	Q9GZV7	0.1648	0.7537	Allosteric Regulatory Surface / Novel Epitope	3286.3	0.0	False		None	False		Link 1 (148-242); Link 2 (245-338)	None	92	8	3	3	0.059	3.23	32	49	74.4	20.61	0	44	4699.9	18944.2	0	0	None	0	0	0.82	0.26
c8riboseqorf12_partner_01_KEAP1	NEIL2	uoORF	1B	KEAP1	Q14145	0.1648	0.6419	Known Macromolecular Subunit Competitor / Adaptor	2130.0	87.1	False		None	False		N/A	2FLU; 3ZGC; 3ZGD; 4IFL; 4L7B; 4L7C; 4L7D; 4N1B; 5F72; 5WFV	60	10	2	2	0.108	-13.41	18	31	28.6	26.42	1	33	4850.4	32728.3	0	0	None	184	27	0.81	0.29
c16riboseqorf58_partner_04_RUVBL2	SRCAP	uoORF	1B	RUVBL2	Q9Y230	0.1647	0.6279	Known Macromolecular Subunit Competitor / Adaptor	3151.4	97.4	False		None	False	24.04	N/A	5OAF; 6HTS; 6IGM; 6QI8; 6QI9; 7OLE; 7P6X; 7ZI4; 8QR1; 8X15	84	14	0	8	0.067	-12.64	32	39	51.6	22.54	0	39	6518.9	27118.0	0	1	None	334	38	0.74	0.28
c11norep195_partner_01_RHOA	ARHGEF12	uORF	1B	RHOA	P61586	0.1634	0.7366	Cofactor / Substrate Pocket Competitor	1797.7	78.9	False		None	True	3.61	Switch II region; involved in RAP1GDS1 isoform 2 binding (61-78)	1CC0; 1CXZ; 1LB1; 1S1C; 1TX4; 1X86; 1XCG; 3KZ1; 3LW8; 3LWN	46	7	2	5	0.121	-9.83	20	19	76.9	18.49	0	23	3113.3	11273.0	0	26	 (res 34)	87	15	0.78	0.34
c3riboseqorf49_partner_03_DUSP2	SNRK	uORF	1B	DUSP2	Q05923	0.1637	0.5357	Allosteric Regulatory Surface / Novel Epitope	1945.2	0.0	False	18.34	None	False		Rhodanese (23-144); Tyrosine-protein phosphatase (172-313)	None	42	8	1	6	0.092	0.36	19	24	48.7	20.86	0	18	4569.4	15856.3	1	0	None	0	0	0.84	0.33
c10norep31_partner_01_CDC123	CDC123	intORF	1B	CDC123	O75794	0.1631	0.6986	Cofactor / Substrate Pocket Competitor	3451.8	15.1	False		None	True	1.86	N/A	8PHD; 8PHV	94	15	0	9	0.081	-13.03	22	53	75.9	21.23	2	42	3818.5	20283.2	0	16	 (res 104);  (res 107);  (res 109);  (res 111);  (res 167);  (res 168);  (res 169);  (res 170);  (res 177);  (res 179);  (res 193);  (res 233);  (res 246);  (res 246);  (res 248);  (res 248)	45	8	0.74	0.29
c1norep182_partner_09_TSPAN4	IGSF3	uORF	1B	TSPAN4	O14817	0.1626	0.5095	Allosteric Regulatory Surface / Novel Epitope	2470.5	0.0	False		None	False		N/A	None	53	3	1	13	0.085	-17.98	19	33	54.3	19.24	1	21	3952.1	15504.5	0	0	None	0	0	0.65	0.39
c19riboseqorf107_partner_02_LZTS2	SIPA1L3	uORF	1B	LZTS2	Q9BRK4	0.1628	0.2139	Allosteric Regulatory Surface / Novel Epitope	3324.9	0.0	False		None	False		Required for centrosomal localization (1-332); Disordered (1-56); Sufficient for interaction with CTNNB1 (447-669); Sufficient for interaction with KATNB1 and for inhibition of katanin-mediated microtubule severing (450-669)	None	91	13	0	7	0.096	-11.47	25	38	78.1	28.0	0	56	3605.6	54376.6	0	0	None	0	0	0.56	0.29
c3riboseqorf115_partner_02_B3GALT5	B4GALT4	uORF	1B	B3GALT5	Q9Y2C3	0.1623	0.789	Allosteric Regulatory Surface / Novel Epitope	2441.6	0.0	False		None	False		N/A	None	55	5	1	6	0.082	-5.33	23	29	69.7	21.51	1	25	3553.4	16361.3	0	0	None	0	0	0.85	0.25
c6norep11_partner_03_HSPA8	ENSG00000231811	lncRNA-ORF	1B	HSPA8	P11142	0.1634	0.6086	Allosteric Regulatory Surface / Novel Epitope	6089.0	0.0	False		None	False	10.79	Nucleotide-binding domain (NBD) (2-386); Interaction with BAG1 (186-377); Substrate-binding domain (SBD) (394-509); Disordered (614-646)	None	168	26	2	17	0.047	-15.47	43	84	74.1	25.67	3	77	7656.5	31819.4	0	12	None	38	0	0.8	0.21
c19riboseqorf40_partner_05_TOR1A	MYO9B	uoORF	1B	TOR1A	O14656	0.1636	0.6233	Cofactor / Substrate Pocket Competitor	4300.4	56.9	False		None	True	4.28	Interaction with SNAPIN (91-251); Interaction with KLC1 (251-332); Interaction with SYNE3 (312-332)	5J1S; 5J1T; 6OIF	96	9	1	17	0.046	-17.5	41	51	26.3	23.89	4	47	13319.4	18063.2	0	1	 (res 109)	79	29	0.8	0.32
c2riboseqorf120_partner_03_ZNF567	MAP3K20	uoORF	1B	ZNF567	Q8N184	0.1624	0.188	Allosteric Regulatory Surface / Novel Epitope	3335.3	0.0	False		None	False		KRAB (6-77)	None	85	7	2	14	0.068	-13.17	29	43	64.4	27.33	1	43	4310.0	44319.5	0	0	None	0	0	0.59	0.32
c15riboseqorf76_partner_03_EIF5A	PEAK1	uORF	1B	EIF5A	P63241	0.161	0.5587	Shared Physiological Complex Interface	1304.0	36.8	False		None	False		Interaction with DOHH (20-90)	5DLQ	30	4	0	6	0.121	-4.09	13	19	61.9	18.17	0	7	2757.0	10534.2	0	0	None	43	7	0.69	0.41
c12riboseqorf146_partner_01_SRC	PXN-AS1	lncRNA-ORF	2B	SRC	P12931	0.1615	0.5266	Active Site Blocker / Competitive Decoy	2078.8	0.0	True	4.16	Proton acceptor (res 389)	False	8.47	Protein kinase (270-523)	None	57	6	0	13	0.131	-8.44	14	31	60.9	24.17	2	24	3471.9	28612.8	1	2	None	97	0	0.73	0.22
c5riboseqorf22_partner_02_NMNAT1	NNT-AS1	lncRNA	1B	NMNAT1	Q9HAN9	0.161	0.6784	Cofactor / Substrate Pocket Competitor	3398.1	9.8	False		None	True	1.97	N/A	1GZU; 1KKU; 1KQN; 1KQO; 1KR2; 8QE8	94	12	2	8	0.066	-8.56	28	51	48.3	19.5	0	50	5708.3	18300.8	0	26	 (res 15);  (res 16);  (res 17);  (res 15);  (res 15);  (res 16);  (res 16);  (res 17);  (res 23);  (res 24);  (res 55);  (res 57);  (res 57);  (res 58);  (res 92);  (res 92);  (res 95);  (res 95);  (res 156);  (res 157);  (res 158);  (res 156);  (res 158);  (res 168);  (res 168);  (res 169);  (res 169);  (res 224);  (res 227)	53	5	0.74	0.34
c2riboseqorf108_partner_01_ZNF215	BAZ2B-AS1	lncRNA-ORF	1B	ZNF215	Q9UL58	0.1619	0.2303	Allosteric Regulatory Surface / Novel Epitope	1040.3	0.0	False		None	False		SCAN box (48-126); KRAB (164-237)	None	13	0	2	4	0.131	-10.7	9	11	16.1	25.87	0	4	5768.1	46887.5	0	0	None	0	0	0.58	0.42
c1norep185_partner_01_WARS2	WARS2-AS1	lncRNA-ORF	4	WARS2	Q9UGM6	0.1609	0.7853	Cofactor / Substrate Pocket Competitor	2941.2	4.9	False		None	True	1.5	N/A	5EKD	63	9	2	6	0.067	-13.28	23	41	88.5	23.04	0	33	3720.7	20552.2	0	6	 (res 42);  (res 51);  (res 167);  (res 179);  (res 180);  (res 181);  (res 228);  (res 229);  (res 230)	43	2	0.81	0.25
c17norep98_partner_05_YWHAZ	LINC00910	lncRNA	1B	YWHAZ	P63104	0.1605	0.7746	Known Macromolecular Subunit Competitor / Adaptor	3723.5	83.7	False		None	False		N/A	1IB1; 1QJA; 1QJB; 2C1J; 2C1N; 2O02; 2WH0; 3CU8; 3NKX; 4BG6	75	7	3	6	0.06	-10.02	29	43	50.0	19.9	0	45	7107.0	14039.7	0	0	None	98	36	0.87	0.32
c2riboseqorf65_partner_01_ACTB	ENSG00000272913	lncRNA-ORF	1B	ACTB	P60709	0.1622	0.7234	Known Macromolecular Subunit Competitor / Adaptor	4793.7	94.8	False		None	False		N/A	3BYH; 3D2U; 3J82; 3LUE; 6ANU; 6LTJ; 6NBW; 7P1H; 7QJ6; 7QJ9	125	15	2	16	0.041	-15.13	53	58	40.2	24.08	1	65	10981.1	17648.7	0	0	None	264	55	0.86	0.26
c13norep17_partner_04_AGER	HMGB1	uORF	2B	AGER	Q15109	0.1607	0.4993	Allosteric Regulatory Surface / Novel Epitope	1098.1	25.0	False		None	False		Ig-like C2-type 2 (227-317)	2LE9	30	5	0	5	0.17	-9.68	11	16	24.4	21.07	0	15	5668.0	27721.7	0	0	None	122	4	0.77	0.54
c11riboseqorf31_partner_10_GAS2	NAV2-AS2	lncRNA-ORF	4	GAS2	O43903	0.1604	0.6883	Allosteric Regulatory Surface / Novel Epitope	1646.9	0.0	False		None	False		Calponin-homology (CH) (34-156); GAR (197-270)	None	40	5	1	9	0.124	-3.88	14	23	45.2	20.5	0	16	2663.3	19582.2	0	0	None	0	0	0.7	0.35
c19norep217_partner_03_MAPKAP1	AKT1S1	uORF	1B	MAPKAP1	Q9BPZ7	0.1605	0.3191	Active Site Cleft Occlusion / Proximal Inhibitor	1752.9	12.5	False		None	False	7.41	CRIM (139-267); SIN1-type PH (382-487); Interaction with NBN (2-267); Interaction with MAP3K2 (2-184)	6ZWM; 6ZWO; 7PE7; 7PE8; 7PE9; 7TZO; 9T7J; 9T92; 9T93; 9T94	39	2	2	4	0.116	-2.35	14	24	58.3	26.38	0	22	3040.8	37173.3	0	3	None	153	3	0.61	0.35
c5riboseqorf27_partner_03_PIK3R3	AC008966.1	lncRNA	1B	PIK3R3	Q92569	0.1606	0.3408	Allosteric Regulatory Surface / Novel Epitope	5087.9	0.0	False		None	False		SH2 2 (358-452)	None	119	10	4	17	0.043	-14.76	48	57	56.5	25.49	2	55	8021.4	29779.8	0	0	None	0	0	0.69	0.33
c15riboseqorf1_partner_01_IGFBP2	NIPA2	uORF	1B	IGFBP2	P18065	0.1598	0.2788	Allosteric Regulatory Surface / Novel Epitope	2855.6	0.0	False		None	False		IGFBP N-terminal (38-134); Thyroglobulin type-1 (224-306); Disordered (198-226)	None	72	8	1	8	0.072	-8.96	27	37	73.0	21.5	1	26	4233.9	25798.7	0	0	None	0	0	0.57	0.36
c17norep67_partner_01_EVI2A	EVI2A	uORF	2B	EVI2A	P22794	0.1597	0.2212	Allosteric Regulatory Surface / Novel Epitope	985.7	0.0	False		None	False		N/A	None	13	0	0	2	0.169	-13.01	7	11	20.0	18.2	1	6	4222.2	25894.4	0	0	None	0	0	0.55	0.6
c7norep236_partner_01_PSAPL1	AC009403.1	lncRNA	1B	PSAPL1	Q6NUJ1	0.1602	0.2926	Allosteric Regulatory Surface / Novel Epitope	5100.0	0.0	False		None	False		Saposin B-type 1 (60-144); Saposin B-type 2 (180-258); Saposin B-type 3 (290-370); Saposin B-type 4 (392-473)	None	102	4	0	21	0.042	-8.03	44	55	61.1	25.09	0	61	6327.3	32275.2	0	0	None	0	0	0.52	0.29
c3norep158_partner_03_TRDMT1	MBD4	intORF	1B	TRDMT1	O14717	0.1589	0.7956	Allosteric Regulatory Surface / Novel Epitope	866.8	0.0	False	25.75	None	False	19.06	SAM-dependent MTase C5-type (4-391)	None	16	1	0	2	0.222	-8.75	6	12	28.6	22.33	0	8	2661.1	19768.5	1	5	None	33	0	0.79	0.41
c20riboseqorf47_partner_03_METTL3	PCIF1	uORF	1B	METTL3	Q86U44	0.1592	0.4056	Active Site Cleft Occlusion / Proximal Inhibitor	2982.8	17.1	False		None	False	5.9	Gate loop 1 (396-410); Interphase loop (462-479); Interaction with METTL14 (464-480); Positively charged region required for RNA-binding (465-478); Gate loop 2 (507-515)	29VD; 29VJ; 5IL0; 5IL1; 5IL2; 5K7M; 5K7U; 5K7W; 5L6D; 5L6E	76	9	1	6	0.077	-14.39	24	41	51.1	26.84	0	43	5156.7	37102.8	0	5	None	49	7	0.64	0.35
c20norep26_partner_03_VPS29	SNX5	intORF	1B	VPS29	Q9UBQ0	0.1588	0.6996	Known Macromolecular Subunit Competitor / Adaptor	1210.0	66.7	False		None	False	18.52	N/A	5GTU; 5OSH; 5OSI; 5WYH; 6XS5; 6XS7; 6XS9; 6XSA; 8ESE; 8P0V	25	2	2	0	0.152	-8.12	11	15	23.4	17.31	2	15	3908.3	8681.1	0	8	None	67	10	0.75	0.44
c21norep46_partner_03_GAPDH	ERVH48-1	lncRNA	1A	GAPDH	P04406	0.1599	0.6945	Active Site Blocker / Competitive Decoy	3535.8	27.5	True	3.97	Nucleophile (res 152)	True	1.97	Interaction with WARS1 (2-148)	1U8F; 1ZNQ; 27FM; 3GPD; 4WNC; 4WNI; 6ADE; 6IQ6; 6M61; 6YND	95	9	2	5	0.056	-23.68	33	51	20.6	25.13	4	49	11702.6	15310.6	1	9	 (res 13);  (res 14);  (res 35);  (res 80);  (res 122);  (res 151);  (res 152);  (res 153);  (res 182);  (res 211);  (res 212);  (res 234);  (res 316)	82	14	0.92	0.45
c5norep53_partner_03_PSMC1	GPBP1	uORF	1B	PSMC1	P62191	0.1589	0.4744	Known Macromolecular Subunit Competitor / Adaptor	2344.6	96.8	False		None	False	14.81	Disordered (1-49)	12BM; 22MM; 5GJQ; 5GJR; 5L4G; 5LN3; 5M32; 5T0C; 5T0G; 5T0H	55	5	2	11	0.118	-3.9	15	31	75.0	25.29	3	24	2559.5	28025.1	0	1	None	355	30	0.64	0.28
c8riboseqorf34_partner_01_EXTL1	EXTL3	uORF	1B	EXTL1	Q92935	0.1602	0.6428	Allosteric Regulatory Surface / Novel Epitope	2860.6	0.0	False		None	False		N/A	None	55	4	2	14	0.064	-7.3	26	33	40.6	27.42	0	22	4698.5	35807.2	0	0	None	0	0	0.7	0.38
c11norep176_partner_01_CRYAA	CRYAB	uORF	4	CRYAA	P02489	0.1584	0.3873	Shared Physiological Complex Interface	961.3	58.3	False		None	False	9.98	sHSP (52-164); Required for complex formation with BFSP1 and BFSP2; during homooligomerization, mediates the association of 2 dimers to form a tetramer (1-63)	9U4L	23	0	0	1	0.24	-8.91	8	12	44.4	15.98	0	14	2186.3	12819.3	0	4	None	102	7	0.5	0.33
c1riboseqorf55_partner_03_SCN1B	nan	mixed	1B	SCN1B	Q07699	0.1579	0.49	Known Macromolecular Subunit Competitor / Adaptor	813.2	100.0	False		None	False		Ig-like C2-type (22-150)	21TP; 21TQ; 25IH; 25II; 25IJ; 6AGF; 6J8G; 6J8H; 6J8I; 6J8J	11	0	1	4	0.157	-9.29	7	10	17.9	22.97	0	5	4223.0	16972.1	0	0	None	50	10	0.72	0.63
c19riboseqorf66_partner_10_PIH1D1	URI1	uORF	1B	PIH1D1	Q9NWS0	0.1574	0.4083	Shared Physiological Complex Interface	4409.2	55.0	False		None	False		N/A	6GXZ; 9THX; 9TIA	111	8	6	17	0.051	3.34	36	60	67.9	20.51	0	55	6337.3	17677.0	0	0	None	87	33	0.65	0.33
c1riboseqorf199_partner_04_MAP3K2	ENSG00000229953	lncRNA-ORF	1B	MAP3K2	Q9Y2U5	0.1575	0.4513	Active Site Cleft Occlusion / Proximal Inhibitor	2956.0	0.0	False	15.25	None	False	7.07	Protein kinase (357-617); Disordered (201-248); Disordered (289-355)	None	73	6	0	9	0.075	-3.2	27	36	62.8	26.39	0	38	4701.7	34820.5	1	2	None	20	0	0.57	0.31
c5riboseqorf140_partner_03_MGAT2	MGAT1	uORF	1B	MGAT2	Q10469	0.1578	0.6964	Cofactor / Substrate Pocket Competitor	4620.8	0.0	False		None	True	4.07	N/A	None	123	9	7	7	0.052	-4.97	45	53	51.7	26.1	0	65	6097.9	23532.6	0	6	 (res 230);  (res 298)	25	0	0.78	0.33
c7riboseqorf131_partner_03_AMHR2	CYREN	dORF	1B	AMHR2	Q16671	0.1574	0.5308	Active Site Blocker / Competitive Decoy	4082.5	0.0	True	2.88	Proton acceptor (res 333)	True	1.84	Protein kinase (203-518)	None	122	17	1	9	0.049	-19.73	40	62	67.8	26.64	0	53	5735.3	35151.8	1	2	 (res 209);  (res 210);  (res 211);  (res 212);  (res 213);  (res 214);  (res 216);  (res 230)	21	0	0.7	0.3
c7norep72_partner_02_RHOG	ELMO1	uORF	4	RHOG	P84095	0.1572	0.6108	Cofactor / Substrate Pocket Competitor	2040.9	11.1	False		None	True	1.25	N/A	6UKA; 7Y4A; 8XM7; 8ZJ2; 9LX0; 9LXH	61	7	1	0	0.151	-7.31	15	27	83.3	19.5	0	37	2482.2	10306.5	0	26	 (res 17);  (res 17);  (res 17);  (res 18);  (res 18);  (res 30);  (res 32);  (res 35);  (res 35);  (res 116);  (res 116);  (res 118);  (res 118);  (res 159);  (res 159);  (res 160);  (res 160)	26	3	0.61	0.28
c16riboseqorf91_partner_02_CES1	CES2	uORF	1B	CES1	P23141	0.1573	0.8861	Shared Physiological Complex Interface	2485.2	46.2	False	11.1	None	False		N/A	1MX1; 1MX9; 2H7C; 4AB1	55	11	2	6	0.088	-8.47	24	26	57.1	26.36	1	25	3640.0	23373.3	3	0	None	73	12	0.91	0.26
c1norep182_partner_02_CD9	IGSF3	uORF	1B	CD9	P21926	0.1569	0.4666	Allosteric Regulatory Surface / Novel Epitope	2879.5	13.9	False		None	False		N/A	6RLR	56	2	1	15	0.058	-13.82	27	36	77.1	19.92	0	29	3695.4	15133.6	0	0	None	52	5	0.58	0.35
c3riboseqorf106_partner_07_UBXN7	ZBTB11-AS1	lncRNA-ORF	1B	UBXN7	O94888	0.1574	0.2944	Allosteric Regulatory Surface / Novel Epitope	3128.5	3.0	False		None	False		UBA (2-54); UBX (408-485); Disordered (56-77); Disordered (300-384)	5X4L	76	7	1	14	0.061	-13.46	38	33	43.2	27.28	0	41	5720.2	37963.0	0	0	None	15	1	0.57	0.33
c20norep82_partner_07_HDAC1	ADNP	intORF	1B	HDAC1	Q13547	0.1573	0.709	Cofactor / Substrate Pocket Competitor	2115.1	78.6	False	6.27	None	True	2.52	Histone deacetylase (9-321); Disordered (390-482)	4BKX; 5ICN; 6Z2J; 6Z2K; 7AO8; 7AO9; 7AOA; 8VOJ; 8VPQ; 8VRT	49	5	2	4	0.087	-9.42	20	28	30.8	24.69	0	17	4771.9	22453.0	1	6	 (res 27);  (res 178);  (res 270)	129	22	0.79	0.3
c12riboseqorf26_partner_03_SLC35A1	CMAS	uoORF	1B	SLC35A1	P78382	0.157	0.6845	Cofactor / Substrate Pocket Competitor	2320.4	0.0	False		None	True	2.55	N/A	None	48	1	2	6	0.097	-17.41	13	38	22.0	19.47	1	24	8214.1	20406.5	0	6	 (res 55);  (res 101);  (res 102);  (res 117);  (res 118);  (res 121);  (res 124);  (res 188);  (res 213);  (res 214);  (res 272)	0	0	0.76	0.58
c7norep106_partner_02_NUP54	POM121	uORF	1B	NUP54	Q7Z3B4	0.1568	0.4482	Allosteric Regulatory Surface / Novel Epitope	1104.9	0.0	False		None	False		9 X 2 AA repeats of F-G (5-445)	None	31	3	0	7	0.172	-5.29	9	20	47.4	26.52	0	12	2378.8	33617.6	0	0	None	43	0	0.69	0.32
c5norep99_partner_02_IP6K1	PPIP5K2	uORF	1B	IP6K1	Q92551	0.1566	0.6693	Allosteric Regulatory Surface / Novel Epitope	1196.4	0.0	False		None	False	15.55	N/A	None	27	1	0	3	0.159	-7.08	10	17	58.8	24.65	1	13	2427.7	25114.6	0	1	None	0	0	0.69	0.26
c19norep21_partner_02_ARAF	MAP2K2	intORF	1B	ARAF	P10398	0.1569	0.4827	Active Site Cleft Occlusion / Proximal Inhibitor	1491.5	0.0	False	20.09	None	False	6.94	RBD (19-91); Protein kinase (310-570)	None	33	4	0	6	0.124	-13.97	14	19	43.8	25.27	1	11	3815.5	35783.5	1	10	None	66	0	0.62	0.36
c3riboseqorf183_partner_01_BCL6	BCL6	uORF	4	BCL6	P41182	0.1562	0.2568	Known Macromolecular Subunit Competitor / Adaptor	1029.3	78.6	False		None	False		N/A	1R28; 1R29; 1R2B; 3BIM; 3E4U; 3LBZ; 4CP3; 5H7G; 5H7H; 5MW2	19	1	1	4	0.17	-9.7	8	14	42.1	26.34	1	8	2755.5	53520.3	0	0	None	107	11	0.54	0.45
c11riboseqorf31_partner_07_TUBB3	NAV2-AS2	lncRNA-ORF	4	TUBB3	Q13509	0.1567	0.8562	Cofactor / Substrate Pocket Competitor	3399.4	39.2	False		None	True	1.03	N/A	5JCO; 6WSL; 7PJF; 7SJ7; 7SJ8; 7SJ9; 7SJA; 7Z6S; 8VT7; 9F3B	91	15	0	13	0.074	-15.97	24	51	77.4	24.46	0	44	3702.7	20097.8	0	22	 (res 10);  (res 11);  (res 11);  (res 12);  (res 15);  (res 69);  (res 69);  (res 99);  (res 138);  (res 138);  (res 142);  (res 142);  (res 143);  (res 143);  (res 144);  (res 144);  (res 177);  (res 204);  (res 204);  (res 222);  (res 226);  (res 226)	150	20	0.82	0.24
c18riboseqorf21_partner_02_CHTF8	ESCO1	uORF	1B	CHTF8	P0CG13	0.1561	0.4434	Allosteric Regulatory Surface / Novel Epitope	2600.8	0.0	False		None	False		N/A	None	71	10	0	20	0.099	-13.57	21	34	72.4	17.27	1	21	4444.4	9934.8	0	0	None	0	0	0.54	0.32
c17riboseqorf21_partner_01_ZSCAN32	AC012146.1	lncRNA	1B	ZSCAN32	Q9NX65	0.1563	0.2181	Allosteric Regulatory Surface / Novel Epitope	2660.9	0.0	False		None	False		SCAN box (37-119); KRAB (212-296); Disordered (1-33)	None	59	4	0	11	0.102	-9.65	20	29	76.9	28.57	1	30	2829.7	47487.0	0	0	None	0	0	0.52	0.35
c1riboseqorf248_partner_10_CAPZB	IVNS1ABP	uORF	1B	CAPZB	P47756	0.1556	0.6412	Known Macromolecular Subunit Competitor / Adaptor	2695.6	71.4	False		None	False		N/A	7T5Q; 8F8Q; 9B7J; 9B85; 9EC0; 9Y9L; 9Y9M; 9YIM	59	6	1	8	0.073	-18.07	23	35	95.8	22.15	3	24	2678.5	17363.7	0	0	None	160	25	0.72	0.3
c5norep4_partner_04_CA2	SLC9A3	dORF	1A	CA2	P00918	0.1568	0.7313	Active Site Blocker / Competitive Decoy	4625.8	33.3	True	0.78	Proton donor/acceptor (res 64)	True	0.54	Alpha-carbonic anhydrase (3-259)	5L3O; 5L6K; 5L6T; 5L70; 5L9E; 5LVS; 6Q3O; 7OYM; 7OYR	228	29	3	9	0.055	-22.08	55	75	48.7	24.12	0	116	7335.6	12105.1	1	4	 (res 94);  (res 96);  (res 119);  (res 198);  (res 199)	30	25	0.96	0.26
c10norep167_partner_01_AURKC	TACC2	intORF	1B	AURKC	Q9UQB9	0.1558	0.735	Active Site Blocker / Competitive Decoy	3933.5	36.0	True	2.56	Proton acceptor (res 166)	False	6.26	Protein kinase (43-293); Disordered (1-33)	6GR8; 6GR9; 9ESA	105	19	0	8	0.075	-1.61	28	50	96.6	23.79	2	53	3835.4	17807.6	1	2	None	59	18	0.75	0.25
c15riboseqorf1_partner_02_NIPA1	NIPA2	uORF	1B	NIPA1	Q7RTP0	0.1556	0.4555	Allosteric Regulatory Surface / Novel Epitope	2047.5	0.0	False		None	False		N/A	None	37	0	1	5	0.087	-16.65	17	25	45.9	20.35	0	20	3787.9	17343.5	0	0	None	0	0	0.57	0.32
c1riboseqorf289_partner_01_FDPS	GGPS1	uORF	1B	FDPS	P14324	0.1558	0.7335	Cofactor / Substrate Pocket Competitor	5116.4	21.7	False		None	True	1.22	N/A	1YQ7; 1YV5; 1ZW5; 2F7M; 2F89; 2F8C; 2F8Z; 2F92; 2F94; 2F9K	143	21	2	18	0.052	-4.98	40	69	88.9	24.29	3	71	4556.8	20791.2	0	14	 (res 123);  (res 126);  (res 162);  (res 169);  (res 169);  (res 173);  (res 173);  (res 178);  (res 179);  (res 266);  (res 267);  (res 306);  (res 323);  (res 332)	50	15	0.79	0.25
c1norep197_partner_01_ARHGAP11B	NOTCH2NLA	uORF	1B	ARHGAP11B	Q3KRB8	0.1552	0.6805	Allosteric Regulatory Surface / Novel Epitope	1194.4	0.0	False		None	False		Rho-GAP (49-250)	None	27	0	0	13	0.15	-9.18	15	12	30.0	15.82	0	10	4825.2	15849.3	0	0	None	0	0	0.73	0.43
c1norep256_partner_03_SRSF11	PRRC2C	intORF	1B	SRSF11	Q05519	0.155	0.2449	Allosteric Regulatory Surface / Novel Epitope	1208.1	0.0	False		None	False		RRM (33-113)	None	21	0	0	7	0.136	-8.7	11	14	32.4	25.24	0	7	3691.0	37536.4	0	0	None	0	0	0.47	0.48
c19norep217_partner_02_MLST8	AKT1S1	uORF	1B	MLST8	Q9BVC4	0.1548	0.8715	Shared Physiological Complex Interface	1726.7	55.0	False		None	False		N/A	5WBU; 5WBY; 6ZWM; 6ZWO; 7PE7; 7PE8; 7PE9; 7TZO; 9T7J; 9T92	43	7	1	6	0.119	-9.4	18	20	75.0	23.57	1	18	3212.6	14155.7	0	0	None	113	11	0.87	0.21
c1norep197_partner_02_RPIA	NOTCH2NLA	uORF	1B	RPIA	P49247	0.1549	0.6892	Allosteric Regulatory Surface / Novel Epitope	833.5	0.0	False		None	False		N/A	None	14	3	0	2	0.255	-8.12	5	11	10.0	17.38	1	6	5190.4	18286.7	0	0	None	0	0	0.82	0.38
c6riboseqorf41_partner_03_YTHDF2	PRRC2A	uoORF	1B	YTHDF2	Q9Y5A9	0.1551	0.381	Cofactor / Substrate Pocket Competitor	3883.7	0.0	False		None	True	2.21	YTH (410-544); Disordered (1-45); Localization to mRNA processing bodies (P-bodies) (2-384); Disordered (247-387); Interaction with m6A-containing mRNAs (385-579)	None	117	18	1	3	0.075	-20.71	28	56	100.0	28.03	6	65	3418.3	31702.6	0	6	 (res 418);  (res 462)	0	0	0.5	0.31
c1riboseqorf33_partner_09_SEC61A1	EMC1-AS1	lncRNA-ORF	3	SEC61A1	P61619	0.1549	0.6854	Shared Physiological Complex Interface	4561.0	44.2	False		None	False		N/A	6W6L; 8B6L; 8DNV; 8DNW; 8DNX; 8DNY; 8DNZ; 8DO0; 8DO1; 8DO2	108	16	0	12	0.046	-38.57	45	52	73.8	24.03	0	53	6311.7	25597.4	0	0	None	155	23	0.7	0.28
c17norep126_partner_03_MORF4L1	MBTD1	intORF	1B	MORF4L1	Q9UBU8	0.1543	0.4404	Shared Physiological Complex Interface	4783.6	58.6	False		None	False		Tudor-knot (12-51); MRG (191-362); Disordered (113-182); Sufficient for interaction with SIN3A (133-266); Interaction with RB1-1 (164-230); Sufficient for interaction with PHF12 (188-342); Interaction with RB1-2 (323-344)	2AQL; 2F5J; 2LKM; 2N1D; 6AGO; 6INE; 7S4A; 8BPA; 8C60	109	7	2	30	0.049	-18.65	38	58	51.4	23.85	3	50	7425.3	25172.8	0	0	None	69	34	0.64	0.32
c20norep33_partner_09_PAF1	ENSG00000275457	lncRNA-ORF	4	PAF1	Q8N7H5	0.1539	0.3699	Known Macromolecular Subunit Competitor / Adaptor	2502.3	74.3	False		None	False		Interaction with PINT87aa (150-300); Disordered (361-531)	6TED; 7UNC; 7UND; 8A3Y; 9EH0; 9EH2; 9HVQ; 9RTT; 9RZE; 9S0U	62	7	2	7	0.084	-11.35	21	35	72.4	26.34	0	31	3224.0	45900.4	0	0	None	208	26	0.54	0.33
c3riboseqorf1_partner_02_LSG1	THUMPD3	uORF	1B	LSG1	Q9H089	0.1544	0.5735	Peripheral Surface Interaction	221.9	0.0	False		None	False	19.29	N/A	None	3	0	0	3	0.75	-10.0	2	2	6.1	23.73	0	0	3667.5	37667.7	0	3	None	0	0	0.63	0.5
c11riboseqorf133_partner_02_HINFP	NPAT	uoORF	1B	HINFP	Q9BQA5	0.1544	0.4711	Allosteric Regulatory Surface / Novel Epitope	4518.7	0.0	False		None	False		N/A	None	110	12	7	11	0.04	-1.17	44	63	63.8	26.02	2	56	5907.0	32024.2	0	0	None	0	0	0.65	0.24
c12riboseqorf15_partner_02_LCAT	C1RL	uoORF	1B	LCAT	P04180	0.1539	0.7608	Active Site Cleft Occlusion / Proximal Inhibitor	3844.4	30.2	False	5.29	None	False		N/A	5BV7	112	16	0	10	0.054	-18.89	39	53	69.6	24.33	3	52	5081.4	20684.3	3	0	None	44	16	0.8	0.22
c1riboseqorf39_partner_03_HNRNPK	HNRNPR	intORF	1B	HNRNPK	P61978	0.1541	0.3692	Allosteric Regulatory Surface / Novel Epitope	2447.3	26.7	False		None	False		KH 2 (144-209); KH 3 (387-451); Necessary for interaction with DDX1 (1-276); Interaction with ASFV p30 (35-197); 2 X 22 AA approximate repeats (54-421); 5 X 4 AA repeats of G-X-G-G (59-407); Interaction with ZIK1 (209-337); RNA-binding RGG-box (236-273)	1ZZI; 1ZZJ; 7CRE	59	9	2	9	0.079	-25.9	25	30	55.6	25.29	1	22	4498.3	33362.2	0	0	None	62	8	0.56	0.28
c20riboseqorf31_partner_09_UBE2D1	ITCH	uORF	2B	UBE2D1	P51668	0.1534	0.7434	Known Macromolecular Subunit Competitor / Adaptor	954.7	100.0	False	20.73	None	False		UBC core (1-147)	3OJ4; 3PTF; 5FER; 6D4P; 9UUM; 9UUQ; 9V09; 9V0A; 9V0B; 9V0C	22	1	0	4	0.183	-9.57	8	15	50.0	17.72	0	12	2080.5	8226.7	1	0	None	76	15	0.78	0.34
c6norep97_partner_02_PSMB9	PSMB8-AS1	lncRNA-ORF	1B	PSMB9	P28065	0.1537	0.6524	Shared Physiological Complex Interface	1814.9	52.6	False	17.77	None	False		N/A	6AVO; 6E5B; 7AWE; 7B12	39	4	0	5	0.103	-8.8	20	19	31.7	19.6	2	20	5846.1	12277.2	1	0	None	78	10	0.73	0.36
c3norep241_partner_04_PPIB	P3H2	intORF	1B	PPIB	P23284	0.1535	0.6758	Known Macromolecular Subunit Competitor / Adaptor	1124.7	90.0	False		None	False		PPIase cyclophilin-type (47-204)	1CYN; 8K0F; 8K0I; 8K0M; 8K17; 8KC9	32	3	0	5	0.178	-10.41	9	20	14.3	19.69	1	19	5173.8	12418.0	0	0	None	55	18	0.85	0.33
c20norep33_partner_04_DXO	ENSG00000275457	lncRNA-ORF	4	DXO	O77932	0.1533	0.853	Cofactor / Substrate Pocket Competitor	3694.8	0.0	False		None	True	2.08	N/A	None	105	6	4	3	0.071	3.75	26	57	89.7	24.64	1	62	3593.9	20683.7	0	14	 (res 58);  (res 101);  (res 131);  (res 132);  (res 133);  (res 192);  (res 192);  (res 217);  (res 234);  (res 234);  (res 236);  (res 236);  (res 253);  (res 254);  (res 255);  (res 280)	0	0	0.87	0.22
c16norep46_partner_03_TARBP2	TNRC6A	intORF	1B	TARBP2	Q15633	0.1534	0.2935	Shared Physiological Complex Interface	866.1	50.0	False		None	False		DRBM 2 (159-227); DRBM 3 (293-361); Sufficient for interaction with PRKRA (152-234); Sufficient for interaction with DICER1 (228-366); Sufficient for interaction with PRKRA (287-366)	4WYQ; 5ZAK; 5ZAL; 5ZAM; 6ZBK	13	1	0	3	0.203	-9.29	8	8	12.3	21.46	0	5	7904.9	27697.8	0	0	None	67	4	0.66	0.69
c16riboseqorf123_partner_02_CENPQ	CENPN	uoORF	1B	CENPQ	Q7L2Z9	0.1532	0.2752	Known Macromolecular Subunit Competitor / Adaptor	894.0	100.0	False		None	False		N/A	28OP; 7PB8; 7PKN; 7QOO; 7R5S; 7R5V; 7XHN; 7XHO; 7YWX; 7YYH	16	1	1	2	0.182	-9.47	8	11	40.0	24.05	0	6	2697.1	25797.4	0	0	None	150	11	0.66	0.6
c11norep39_partner_03_KCTD10	BTBD10	intORF	1B	KCTD10	Q9H3F6	0.1531	0.3974	Allosteric Regulatory Surface / Novel Epitope	1389.1	0.0	False		None	False		N/A	None	27	3	0	8	0.12	-10.24	15	15	37.5	21.7	1	11	3865.9	20120.7	0	0	None	36	0	0.7	0.34
c1norep192_partner_01_UBC	RNVU1-15	lncRNA	1B	UBC	P0CG48	0.153	0.2331	Shared Physiological Complex Interface	979.1	58.3	False		None	False		Ubiquitin-like 7 (457-532)	5H07; 7EB9; 7YUI	22	3	0	2	0.229	-12.93	8	12	42.1	26.7	0	11	2167.8	39419.0	0	0	None	189	7	0.76	0.26
c4riboseqorf60_partner_05_ENTR1	PTPN13	uORF	1B	ENTR1	Q96C92	0.1523	0.2634	Allosteric Regulatory Surface / Novel Epitope	1312.5	0.0	False		None	False		N/A	None	29	4	0	2	0.148	-16.19	14	14	45.2	24.62	1	14	3779.3	41820.3	0	0	None	0	0	0.55	0.51
c16norep37_partner_05_TMEM221	ENSG00000260592	lncRNA-ORF	4	TMEM221	A6NGB7	0.1524	0.5	Peripheral Surface Interaction	758.0	0.0	False		None	False		N/A	None	12	0	0	3	0.188	-11.68	8	8	13.1	20.42	0	3	7691.1	26718.2	0	0	None	0	0	0.76	0.66
c17riboseqorf149_partner_04_TMEM178A	TMEM94	uoORF	1A	TMEM178A	Q8NBL3	0.1528	0.5793	Allosteric Regulatory Surface / Novel Epitope	3174.6	0.0	False		None	False		Disordered (41-84)	None	82	5	2	15	0.067	-5.18	29	42	35.4	21.47	1	38	8641.0	19472.6	0	0	None	0	0	0.69	0.46
c13norep74_partner_01_MFGE8	GAS6	uORF	1B	MFGE8	Q08431	0.1515	0.5365	Shared Physiological Complex Interface	1271.4	35.3	False		None	False		F5/8 type C 2 (230-387)	9U02	33	5	0	3	0.162	-6.96	12	17	63.2	22.79	0	17	2594.6	20423.3	0	0	None	50	6	0.84	0.28
c4riboseqorf52_partner_02_CDK16	CCNI	uoORF	1A	CDK16	Q00536	0.1522	0.5778	Active Site Blocker / Competitive Decoy	4011.9	12.7	True	3.89	Proton acceptor (res 286)	True	1.87	Protein kinase (165-446)	9R2I	102	12	6	6	0.048	2.77	39	55	66.1	24.42	2	43	5569.6	31527.8	1	2	 (res 171);  (res 172);  (res 173);  (res 174);  (res 175);  (res 176);  (res 177);  (res 178);  (res 179);  (res 194)	39	7	0.64	0.3
c10riboseqorf95_partner_02_TFAM	TWNK	uORF	1B	TFAM	Q00059	0.1507	0.4233	Shared Physiological Complex Interface	1590.1	56.5	False		None	False		N/A	3TMM; 3TQ6; 4NNU; 4NOD; 6ERP; 6ERQ; 6HB4; 6HC3; 7LBW; 7LBX	43	4	1	3	0.11	-11.24	17	23	77.3	23.08	0	19	2944.8	20859.6	0	0	None	94	13	0.73	0.41
c3riboseqorf106_partner_05_TMEM151A	ZBTB11-AS1	lncRNA-ORF	1B	TMEM151A	Q8N4L1	0.1528	0.4815	Allosteric Regulatory Surface / Novel Epitope	3401.8	0.0	False		None	False		Disordered (384-438)	None	79	10	1	7	0.059	-7.13	36	37	40.9	25.61	1	44	6302.0	29082.7	0	0	None	0	0	0.59	0.25
c3norep230_partner_01_VPS33A	VPS8	processed_transcript	1B	VPS33A	Q96AX1	0.1513	0.8781	Allosteric Regulatory Surface / Novel Epitope	1691.9	0.0	False		None	False		N/A	None	49	6	0	4	0.131	-20.93	17	22	70.8	27.05	1	25	2727.0	28426.1	0	0	None	16	0	0.85	0.28
c12norep157_partner_01_RUVBL1	ACTR6	intORF	1B	RUVBL1	Q9Y265	0.1505	0.6136	Known Macromolecular Subunit Competitor / Adaptor	3753.7	100.0	False		None	False	25.63	N/A	5OAF; 6HTS; 6IGM; 6QI9; 7ZI4; 8QR1; 8X15; 8X19; 8X1C; 8XVG	88	8	0	16	0.067	-11.72	27	49	73.0	23.77	1	39	4965.4	27090.4	0	1	None	349	49	0.73	0.25
c2norep56_partner_02_SMAD3	SPTBN1	intORF	1B	SMAD3	P84022	0.151	0.5623	Known Macromolecular Subunit Competitor / Adaptor	2816.7	67.7	False		None	False	13.97	MH1 (10-136); MH2 (232-425); Linker (137-231); Disordered (165-208); Sufficient for interaction with XPO4 (271-324)	1MK2; 1U7F; 5XOC	84	10	0	9	0.08	-26.05	34	31	32.7	23.94	1	45	7602.6	25223.4	0	4	None	171	21	0.76	0.34
c3riboseqorf1_partner_05_MICU3	THUMPD3	uORF	1B	MICU3	Q86XE3	0.1502	0.563	Cofactor / Substrate Pocket Competitor	2296.2	0.0	False		None	True	4.36	EF-hand 1 (232-267); EF-hand 3 (470-505)	None	43	4	1	10	0.081	-6.54	19	28	57.6	26.5	0	19	3083.5	31771.8	0	11	 (res 245)	0	0	0.61	0.35
c21norep68_partner_02_CETN3	MCM3AP	uORF	1B	CETN3	O15182	0.15	0.3824	Active Site Cleft Occlusion / Proximal Inhibitor	1667.8	0.0	False		None	False	6.8	EF-hand 3 (98-133); EF-hand 4 (134-167)	None	43	3	2	19	0.128	-3.52	14	24	56.0	20.33	0	14	3008.7	12166.9	0	5	None	0	0	0.63	0.37
c19norep268_partner_01_NAE1	UBE2M	intORF	1B	NAE1	Q13564	0.15	0.8618	Allosteric Regulatory Surface / Novel Epitope	2695.1	0.0	False		None	False		N/A	None	70	10	4	8	0.082	-17.62	25	34	96.2	25.18	0	34	3603.9	26366.9	0	0	None	0	0	0.89	0.23
c7riboseqorf131_partner_02_MRI1	CYREN	dORF	1B	MRI1	Q9BV20	0.1503	0.7762	Allosteric Regulatory Surface / Novel Epitope	2130.9	0.0	False	20.47	None	False		N/A	None	51	8	0	3	0.098	0.43	26	20	44.1	22.42	0	32	5238.5	16214.9	1	0	None	0	0	0.89	0.28
c6riboseqorf102_partner_02_IGF2BP1	LIN28B	uoORF	1B	IGF2BP1	Q9NZI8	0.1508	0.341	Allosteric Regulatory Surface / Novel Epitope	5461.5	0.0	False		None	False		RRM 2 (81-156); KH 1 (195-260); KH 2 (276-343); KH 3 (405-470); KH 4 (487-553); Disordered (160-190); Sufficient for nuclear export (310-324); Sufficient for nuclear export (485-495)	None	133	16	4	6	0.041	-20.29	50	65	57.5	27.61	1	75	6486.1	31988.3	0	0	None	0	0	0.69	0.28
c4norep151_partner_01_PTEN	INPP4B	intORF	1B	PTEN	P60484	0.1499	0.751	Allosteric Regulatory Surface / Novel Epitope	4551.4	3.2	False	13.63	None	False		Phosphatase tensin-type (14-185); C2 tensin-type (190-350); Disordered (352-403)	4O1V	112	17	3	14	0.049	-17.41	37	62	92.5	24.43	2	49	5129.3	20480.2	1	0	None	19	2	0.76	0.24
c12norep155_partner_03_BANF1	TMPO-AS1	lncRNA	1B	BANF1	O75531	0.1493	0.6734	Known Macromolecular Subunit Competitor / Adaptor	1092.7	81.8	False		None	False		N/A	1CI4; 1QCK; 2BZF; 2EZX; 2EZY; 2EZZ; 2ODG; 6GHD; 6RPR; 6UNT	19	1	4	3	0.157	-6.89	11	11	50.0	15.25	0	8	2637.4	5152.4	0	0	None	55	9	0.77	0.43
c8riboseqorf15_partner_01_CNOT7	CNOT7	uORF	1A	CNOT7	Q9UIV1	0.1492	0.8097	Cofactor / Substrate Pocket Competitor	1964.5	66.7	False		None	True	2.43	N/A	7AX1; 7VOI; 9E7T	55	7	1	8	0.092	-3.76	20	30	51.3	22.98	0	22	4453.7	14090.0	0	6	 (res 40);  (res 40);  (res 42);  (res 161);  (res 230)	71	20	0.86	0.33
c1norep256_partner_04_YTHDF2	PRRC2C	intORF	1B	YTHDF2	Q9Y5A9	0.1496	0.3838	Cofactor / Substrate Pocket Competitor	3382.6	0.0	False		None	True	2.3	YTH (410-544); Localization to mRNA processing bodies (P-bodies) (2-384); Interaction with m6A-containing mRNAs (385-579)	None	74	3	0	13	0.072	-10.94	24	43	70.6	26.98	2	38	3923.3	40302.4	0	6	 (res 422);  (res 432);  (res 433);  (res 486);  (res 491)	0	0	0.53	0.42
c12norep111_partner_02_TXN	MSRB3	intORF	1B	TXN	P10599	0.1486	0.603	Active Site Blocker / Competitive Decoy	1761.0	90.5	True	4.42	Nucleophile (res 32)	False		Thioredoxin (2-105)	1AIU; 1AUC; 1CQG; 1CQH; 1ERT; 1ERU; 1ERV; 1ERW; 1MDI; 1MDJ	40	3	1	7	0.1	-12.79	19	21	36.5	19.08	0	19	5228.2	5746.9	2	0	None	40	19	0.73	0.47
c6riboseqorf90_partner_01_UBC	SNHG5	lncRNA	1B	UBC	P0CG48	0.149	0.2191	Allosteric Regulatory Surface / Novel Epitope	2172.2	20.8	False		None	False		Ubiquitin-like 3 (153-228); Ubiquitin-like 4 (229-304); Ubiquitin-like 7 (457-532); Ubiquitin-like 8 (533-608)	2ZVN; 2ZVO; 3MTN; 3N3K; 3U30; 3V6C; 3V6E; 3WXE; 3WXF; 3ZNZ	42	6	1	6	0.103	-8.49	17	24	70.8	27.72	0	25	3030.4	39996.6	0	0	None	189	5	0.76	0.27
c3norep241_partner_01_P4HA2	P3H2	intORF	1B	P4HA2	O15460	0.1499	0.7021	Cofactor / Substrate Pocket Competitor	5199.0	13.0	False		None	True	3.22	Fe2OG dioxygenase (412-520)	7ZSC	167	21	1	12	0.048	-8.58	45	77	71.4	27.79	2	91	7348.1	31088.2	0	4	 (res 430);  (res 432)	45	10	0.78	0.32
c16norep37_partner_09_GK2	ENSG00000260592	lncRNA-ORF	4	GK2	Q14410	0.1498	0.7945	Cofactor / Substrate Pocket Competitor	2101.4	0.0	False		None	True	2.95	N/A	None	48	7	2	7	0.089	-11.58	20	27	32.8	25.54	0	23	5081.6	22318.0	0	22	 (res 148);  (res 148)	0	0	0.84	0.29
c12norep119_partner_03_CRK	FRS2	uORF	1B	CRK	P46108	0.1484	0.3304	Shared Physiological Complex Interface	1668.8	37.5	False		None	False		SH3 1 (132-192); SH3 2 (235-296)	5UL6; 6ATV	47	6	4	4	0.122	-14.08	16	24	43.2	23.55	2	24	3408.7	17576.8	0	0	None	49	9	0.65	0.3
c3norep207_partner_01_CBX8	PHC3	uoORF	1B	CBX8	Q9HC52	0.1486	0.2164	Shared Physiological Complex Interface	2386.3	36.0	False		None	False		Chromo (11-69); Disordered (298-327)	2N4Q; 3I91; 5EQ0	42	1	1	18	0.07	-11.76	24	25	36.9	23.97	0	16	8160.9	45877.4	0	0	None	25	9	0.66	0.64
c5norep54_partner_03_PSMC1	GPBP1	uORF	1B	PSMC1	P62191	0.1481	0.4841	Known Macromolecular Subunit Competitor / Adaptor	1335.7	100.0	False		None	False	26.07	Disordered (84-104)	12BM; 22MM; 5GJQ; 5GJR; 5L4G; 5LN3; 5M32; 5T0C; 5T0G; 5T0H	27	1	1	11	0.138	-11.58	15	13	53.6	23.16	1	10	3526.8	30542.9	0	1	None	355	13	0.65	0.24
c20riboseqorf31_partner_05_TP73	ITCH	uORF	2B	TP73	O15350	0.148	0.3744	Known Macromolecular Subunit Competitor / Adaptor	968.1	100.0	False		None	False	47.75	Transactivation (1-46); Oligomerization (345-386); Interaction with HIPK2 (345-380)	2KBY; 2MPS; 2NB1; 2WQI; 2WQJ; 2WTT; 5HOB; 5HOC; 6IJQ; 8P9C	18	2	2	4	0.225	-6.62	8	10	50.0	28.31	0	6	2090.4	41881.8	0	4	None	139	10	0.6	0.42
c2riboseqorf55_partner_08_YAP1	WBP1	uORF	1B	YAP1	P46937	0.1479	0.1427	Shared Physiological Complex Interface	2014.7	51.7	False		None	False		WW 1 (171-204); WW 2 (230-263); Disordered (133-158)	1JMQ; 1K5R; 1K9Q; 1K9R; 2LAW; 2LAX; 2LAY; 2LTV; 2LTW; 3MHR	62	6	1	5	0.093	-10.43	23	29	63.9	26.91	0	27	3492.2	32499.3	0	0	None	72	15	0.44	0.41
c12riboseqorf5_partner_03_RAD9A	RHNO1	uoORF	1B	RAD9A	Q99638	0.1485	0.5883	Known Macromolecular Subunit Competitor / Adaptor	1852.2	78.3	False		None	False		Possesses 3'-5' exonuclease activity (51-91); Sufficient for interaction with ABL1 (266-391); Disordered (268-301)	7Z6H; 8WU8	57	7	0	6	0.103	-21.44	24	23	32.0	21.77	1	29	7002.8	25750.4	0	0	None	91	18	0.7	0.3
c15riboseqorf63_partner_02_MFAP2	LOXL1	uoORF	1B	MFAP2	P55001	0.1476	0.2266	Peripheral Surface Interaction	663.8	0.0	False		None	False		Disordered (58-94)	None	10	0	2	1	0.179	-8.84	7	8	6.2	14.76	0	3	14640.0	19641.9	0	0	None	0	0	0.68	0.56
c16norep37_partner_03_ADCK1	ENSG00000260592	lncRNA-ORF	4	ADCK1	Q86TW2	0.1476	0.6818	Allosteric Regulatory Surface / Novel Epitope	1800.6	0.0	False	29.34	None	False	40.39	Protein kinase (155-467)	None	34	3	3	7	0.109	-7.24	13	24	21.3	23.89	1	13	6541.2	27002.9	1	2	None	0	0	0.75	0.33
c19riboseqorf6_partner_02_NRAS	ABHD17A	uORF	1B	NRAS	P01111	0.1473	0.6497	Cofactor / Substrate Pocket Competitor	1920.9	68.0	False		None	True	3.42	N/A	24SR; 6MPP; 7OW3; 7OW4; 7OW5; 7OW6; 7PB2; 8TBI; 9BG0; 9BG3	51	4	0	6	0.113	-6.8	18	25	41.9	18.28	0	22	4707.7	10852.6	0	4	 (res 61)	77	17	0.69	0.36
c3riboseqorf51_partner_05_BEND7	TCAIM	uoORF	1B	BEND7	Q8N7W2	0.1472	0.2719	Allosteric Regulatory Surface / Novel Epitope	2299.7	0.0	False		None	False		Disordered (78-153)	None	48	6	0	7	0.101	-20.62	17	28	100.0	26.58	0	22	1967.6	25609.2	0	0	None	0	0	0.47	0.49
c4riboseqorf75_partner_04_PPT2	GSTCD	uoORF	1B	PPT2	Q9UMR5	0.1476	0.6606	Active Site Blocker / Competitive Decoy	4379.4	0.0	True	3.21	 (res 283)	False		N/A	None	107	8	1	22	0.049	-17.43	45	49	39.5	22.49	2	52	9247.1	15190.5	3	0	None	0	0	0.83	0.32
c2riboseqorf136_partner_04_ANKRD2	TTN-AS1	lncRNA-ORF	4	ANKRD2	Q9GZV1	0.1476	0.465	Allosteric Regulatory Surface / Novel Epitope	6093.3	0.0	False		None	False		May mediate interaction with PML, p53/TP53 and YBX1 (5-120)	None	158	18	2	29	0.035	-3.76	68	67	53.5	25.98	0	67	7880.7	22987.7	0	0	None	0	0	0.64	0.31
c15riboseqorf1_partner_04_MAGT1	NIPA2	uORF	1B	MAGT1	Q9H0U3	0.1469	0.4701	Allosteric Regulatory Surface / Novel Epitope	1455.6	10.0	False		None	False		Thioredoxin (47-175)	6S7T	31	3	0	7	0.119	-13.51	13	20	35.1	22.95	0	14	4282.5	23349.7	0	0	None	40	2	0.72	0.45
c17norep42_partner_02_GPS2	NCOR1	intORF	1B	GPS2	Q13227	0.1466	0.2231	Allosteric Regulatory Surface / Novel Epitope	1936.3	21.1	False		None	False		interaction with SUMO (61-94)	2L5G	31	0	0	11	0.091	-10.63	18	19	45.0	26.85	1	11	4412.6	31406.1	0	0	None	13	4	0.51	0.5
c17riboseqorf135_partner_02_TGFBR1	SMURF2	uORF	1B	TGFBR1	P36897	0.1468	0.6255	Cofactor / Substrate Pocket Competitor	1310.5	5.9	False	19.46	None	True	4.3	GS (175-204); Protein kinase (205-495)	1B6C	30	2	1	5	0.196	-7.56	9	17	31.0	21.73	0	16	3704.3	29730.4	1	2	 (res 218)	72	1	0.79	0.29
c7norep236_partner_02_PSAP	AC009403.1	lncRNA	1B	PSAP	P07602	0.1472	0.2292	Shared Physiological Complex Interface	6068.1	43.1	False		None	False		Saposin B-type 1 (59-142); Saposin B-type 2 (194-275); Saposin B-type 3 (311-392); Saposin B-type 4 (405-486)	1N69; 2QYP; 2Z9A; 4V2O; 6SLR; 8EQU; 9AVS; 9AXG	147	15	3	32	0.042	-8.81	49	72	68.1	27.26	1	64	7216.3	32069.1	0	0	None	109	31	0.58	0.34
c2riboseqorf69_partner_01_RIT1	TMEM182	intORF	1B	RIT1	Q92963	0.1465	0.6386	Active Site Cleft Occlusion / Proximal Inhibitor	1733.6	50.0	False		None	False	5.64	N/A	9MEY	41	5	2	8	0.133	-6.18	14	22	31.1	17.47	0	18	4754.8	14332.0	0	15	None	23	11	0.73	0.35
c17norep67_partner_08_KRAS	EVI2A	uORF	2B	KRAS	P01116	0.1464	0.6499	Known Macromolecular Subunit Competitor / Adaptor	951.9	100.0	False		None	False	8.02	N/A	36OI; 36OJ; 36OK; 4LYF; 5MLA; 5MLB; 5O2S; 5O2T; 5OCO; 5OCT	13	1	3	0	0.163	-7.55	8	10	22.9	21.79	0	4	4513.9	11275.2	0	17	None	153	10	0.71	0.57
c4norep151_partner_03_PIK3R1	INPP4B	intORF	1B	PIK3R1	P27986	0.1469	0.361	Known Macromolecular Subunit Competitor / Adaptor	3426.6	90.5	False		None	False		N/A	2RD0; 2V1Y; 3HHM; 3HIZ; 4A55; 4JPS; 4L1B; 4L23; 4L2Y; 4OVU	76	5	1	12	0.058	-23.65	31	42	77.5	26.72	1	39	5605.1	43357.5	0	0	None	210	38	0.74	0.26
c20norep33_partner_08_MAP3K2	ENSG00000275457	lncRNA-ORF	4	MAP3K2	Q9Y2U5	0.1464	0.4451	Cofactor / Substrate Pocket Competitor	2502.4	0.0	False	23.58	None	True	4.87	Protein kinase (357-617); Disordered (201-248); Disordered (289-355)	None	51	6	0	10	0.094	-6.78	17	32	58.6	27.5	0	23	3643.9	38694.8	1	2	 (res 371)	20	0	0.57	0.26
c6riboseqorf99_partner_03_CDK8	CCNC	uoORF	1B	CDK8	P49336	0.1464	0.6726	Cofactor / Substrate Pocket Competitor	4059.0	23.5	False	7.38	None	True	1.64	Protein kinase (21-335); Interaction with CCNC (1-15); Disordered (361-464)	3RGF; 4CRL; 4F6S; 4F6U; 4F6W; 4F70; 4F7J; 4F7L; 4F7N; 4F7S	143	15	2	22	0.078	-5.98	27	68	73.0	23.51	1	80	4248.1	21745.1	1	2	 (res 27);  (res 28);  (res 32);  (res 35);  (res 52)	71	16	0.68	0.25
c1riboseqorf280_partner_01_CDC42	CDC42BPA	uORF	1B	CDC42	P60953	0.1459	0.6801	Known Macromolecular Subunit Competitor / Adaptor	1190.3	100.0	False		None	False	11.0	N/A	1A4R; 1CEE; 1CF4; 1DOA; 1E0A; 1EES; 1GZS; 1KI1; 1KZ7; 1KZG	39	6	1	5	0.217	-11.88	12	15	70.6	16.4	0	16	2572.4	10677.1	0	25	None	123	15	0.66	0.29
c3riboseqorf154_partner_06_HNRNPA1	MBNL1	uORF	1B	HNRNPA1	P09651	0.1457	0.432	Known Macromolecular Subunit Competitor / Adaptor	1226.9	78.9	False		None	False		RRM 1 (14-97); RRM 2 (105-184); Globular A domain (4-94); Globular B domain (95-185)	1PGZ; 1PO6; 1U1K; 1U1L; 1U1M; 1U1N; 1U1O; 1U1P; 1U1Q; 1U1R	29	0	0	4	0.191	-8.74	8	19	50.0	21.64	0	15	2175.5	19451.4	0	0	None	140	15	0.57	0.27
c1riboseqorf231_partner_04_GAPDH	GAS5	lncRNA	1B	GAPDH	P04406	0.1461	0.843	Cofactor / Substrate Pocket Competitor	1787.1	31.8	False	10.78	None	True	2.87	Interaction with WARS1 (2-148)	1U8F; 1ZNQ; 27FM; 3GPD; 4WNC; 4WNI; 6ADE; 6IQ6; 6M61; 6YND	44	4	0	6	0.125	-13.01	16	22	28.6	21.56	1	20	4406.2	15285.6	1	9	 (res 13);  (res 35);  (res 80)	82	7	0.93	0.29
c6riboseqorf128_partner_01_CCNB1	BCLAF1	uORF	1B	CCNB1	P14635	0.1457	0.6166	Shared Physiological Complex Interface	2427.4	56.7	False		None	False		Interaction with CDK2 (169-177); Interaction with CDK2 (258-261)	11GY; 2JGZ; 4Y72; 4YC3; 5HQ0; 5LQF; 6GU2; 6GU3; 6GU4; 7NJ0	58	5	0	18	0.138	-6.96	14	30	73.7	26.57	4	22	2525.9	28827.8	0	0	None	90	17	0.68	0.28
cXnorep59_partner_01_LCP2	BTK	uORF	1B	LCP2	Q13094	0.146	0.2584	Allosteric Regulatory Surface / Novel Epitope	2459.2	0.0	False		None	False		SH2 (422-530); Disordered (78-417)	None	71	8	0	4	0.117	-12.61	21	29	75.0	26.8	0	41	3451.0	44863.7	0	0	None	30	0	0.5	0.4
c6riboseqorf6_partner_03_TFAP2B	TFAP2A	uORF	1B	TFAP2B	Q92481	0.146	0.4509	Allosteric Regulatory Surface / Novel Epitope	3504.7	20.5	False		None	False		Disordered (30-139)	8J0Q	89	9	0	15	0.065	-9.03	35	39	71.4	25.91	1	42	5247.4	35322.0	0	0	None	54	8	0.55	0.41
c19norep29_partner_03_HSPD1	LONP1	uoORF	1A	HSPD1	P10809	0.1466	0.6508	Known Macromolecular Subunit Competitor / Adaptor	5144.6	68.3	False		None	False	9.72	N/A	4PJ1; 6HT7; 6MRC; 6MRD; 7AZP; 7L7S; 8G7J; 8G7K; 8G7L; 8G7M	120	6	3	20	0.041	-11.49	47	63	42.0	25.78	1	52	11611.0	30165.7	0	4	None	196	43	0.81	0.36
c17riboseqorf80_partner_03_KRT2	KRT10	dORF	1B	KRT2	P35908	0.1457	0.1942	Allosteric Regulatory Surface / Novel Epitope	1457.3	0.0	False		None	False		IF rod (178-491); Head (1-177); Coil 1A (178-213); Linker 12 (325-348); Coil 2 (349-487)	None	25	0	2	8	0.113	-11.84	13	17	44.8	27.5	0	13	3295.0	58394.9	0	0	None	0	0	0.52	0.41
c1riboseqorf248_partner_01_IVNS1ABP	IVNS1ABP	uORF	1B	IVNS1ABP	Q9Y6Y0	0.1454	0.4916	Allosteric Regulatory Surface / Novel Epitope	2642.1	0.0	False		None	False		BACK (132-350); Sufficient for AHR interaction and signaling (164-368)	None	55	4	1	7	0.079	-9.88	21	33	87.5	26.36	1	28	2923.2	33438.8	0	0	None	37	0	0.7	0.28
c13riboseqorf29_partner_01_SUCLG1	SUCLA2	uORF	1B	SUCLG1	P53597	0.1456	0.7353	Allosteric Regulatory Surface / Novel Epitope	2685.6	0.0	False	24.02	None	False	17.22	N/A	None	62	8	3	1	0.072	-9.21	27	32	44.3	24.01	1	36	5203.5	16756.0	1	4	None	67	0	0.83	0.27
c4riboseqorf100_partner_03_ARL1	SCOC-AS1	lncRNA	1B	ARL1	P40616	0.1453	0.6522	Cofactor / Substrate Pocket Competitor	1257.4	73.3	False		None	True	2.9	N/A	1UPT; 4DCN; 5EE5; 5J5C	26	0	1	1	0.158	-13.3	11	15	45.8	19.26	0	17	2368.1	9253.4	0	7	 (res 45);  (res 47);  (res 48);  (res 48)	26	11	0.63	0.33
c1riboseqorf199_partner_09_GK2	ENSG00000229953	lncRNA-ORF	1B	GK2	Q14410	0.1456	0.8235	Cofactor / Substrate Pocket Competitor	4541.4	0.0	False		None	True	2.14	N/A	None	113	14	6	9	0.05	-4.32	35	65	81.4	26.23	0	63	4912.1	23408.3	0	22	 (res 20);  (res 20);  (res 20);  (res 94);  (res 94);  (res 95);  (res 95);  (res 148);  (res 148);  (res 259);  (res 259);  (res 260);  (res 281);  (res 281);  (res 326);  (res 326);  (res 427);  (res 427);  (res 431)	0	0	0.85	0.24
c2riboseqorf120_partner_02_MAP2K3	MAP3K20	uoORF	1B	MAP2K3	P46734	0.1448	0.6645	Allosteric Regulatory Surface / Novel Epitope	1766.0	0.0	False	14.4	None	False	11.68	Protein kinase (64-325); Disordered (1-46)	None	36	5	0	10	0.098	-9.48	16	23	35.6	22.86	1	15	4494.5	20403.4	1	2	None	0	0	0.69	0.29
c19riboseqorf107_partner_01_LZTS3	SIPA1L3	uORF	1B	LZTS3	O60299	0.1451	0.2396	Allosteric Regulatory Surface / Novel Epitope	2194.3	0.0	False		None	False		Disordered (635-673)	None	71	9	0	9	0.109	-23.94	21	31	65.6	27.19	2	35	3824.4	53573.2	0	0	None	0	0	0.54	0.37
c12riboseqorf15_partner_01_C1S	C1RL	uoORF	1B	C1S	P09871	0.1455	0.5421	Cofactor / Substrate Pocket Competitor	2581.6	27.3	False	115.67	None	True	2.91	CUB 1 (16-130); EGF-like; calcium-binding (131-172); CUB 2 (175-290)	1NZI; 6F1C; 6F1H; 9X1H	67	8	0	6	0.07	-18.85	29	33	51.8	26.87	1	28	4941.1	38798.6	3	14	 (res 134);  (res 150);  (res 153)	147	9	0.79	0.26
c1riboseqorf35_partner_01_EIF4A2	EIF4G3	intORF	1B	EIF4A2	Q14240	0.1443	0.5677	Allosteric Regulatory Surface / Novel Epitope	2545.4	0.0	False		None	False	24.0	Helicase C-terminal (246-407)	None	55	8	3	6	0.094	-2.99	21	28	67.7	24.33	1	27	4021.3	19254.9	0	1	None	0	0	0.77	0.28
c11norep30_partner_05_EIF4E1B	EIF4G2	intORF	1B	EIF4E1B	A6NMX2	0.1442	0.6222	Active Site Cleft Occlusion / Proximal Inhibitor	5727.2	0.0	False		None	False	7.37	Disordered (1-42); EIF4EBP1/2/3 binding (62-65); EIF4EBP1/2/3 binding (98-102); EIF4EBP1/2/3 binding (157-164)	None	148	20	1	24	0.042	-8.92	51	69	68.9	23.81	2	67	8596.7	14596.0	0	4	None	0	0	0.74	0.4
c19riboseqorf51_partner_02_NFYB	AC074135.1	lncRNA	1B	NFYB	P25208	0.144	0.373	Known Macromolecular Subunit Competitor / Adaptor	1363.2	78.6	False		None	False		A domain (1-52); B domain (53-142); Subunit association domain (SAD) (86-97)	1N1J; 4AWL; 4CSR; 6QMP; 6QMQ; 6QMS; 7AH8; 8QU2; 8QU3; 8QU4	19	1	2	3	0.136	-7.36	10	14	41.7	22.71	2	9	2929.5	17615.0	0	0	None	75	11	0.54	0.37
c20norep25_partner_02_NDUFAF3	NDUFAF5	intORF	1B	NDUFAF3	Q9BU61	0.1439	0.4724	Allosteric Regulatory Surface / Novel Epitope	1411.3	0.0	False		None	False		N/A	None	24	1	0	6	0.16	-13.79	10	15	43.5	21.59	0	12	2797.1	13760.8	0	0	None	0	0	0.56	0.34
c19riboseqorf66_partner_09_RPAP3	URI1	uORF	1B	RPAP3	Q9H6T3	0.1453	0.3228	Peripheral Surface Interaction	541.4	0.0	False		None	False		N/A	None	7	0	2	1	0.35	-8.33	4	5	7.5	25.61	0	1	6176.5	58301.3	0	0	None	90	0	0.85	0.58
c12riboseqorf145_partner_02_MAP2K6	TAOK3	uORF	1B	MAP2K6	P52564	0.1438	0.7535	Active Site Cleft Occlusion / Proximal Inhibitor	1370.5	5.0	False	7.02	None	False	10.84	Protein kinase (53-314)	3ENM	27	2	2	4	0.15	-13.01	9	20	56.2	22.0	1	14	2003.3	19460.6	1	2	None	64	1	0.74	0.21
c3riboseqorf140_partner_01_MSL3	MSL2	uORF	1B	MSL3	Q8N5Y2	0.144	0.4174	Known Macromolecular Subunit Competitor / Adaptor	1841.5	68.0	False		None	False		Tudor-knot (13-71); MRG (168-517)	2Y0N; 3OA6	42	4	1	3	0.153	-0.98	11	25	47.8	25.36	1	24	2522.8	38832.0	0	0	None	62	17	0.58	0.3
c11norep180_partner_02_PAFAH1B3	PAFAH1B2	intORF	1B	PAFAH1B3	Q15102	0.1437	0.8019	Active Site Blocker / Competitive Decoy	2373.7	0.0	True	2.7	 (res 47);  (res 192);  (res 195)	False		N/A	None	52	3	1	5	0.073	-6.8	21	34	53.8	21.44	1	35	4233.6	11849.1	3	0	None	0	0	0.86	0.29
c11norep50_partner_06_TUBA1A	NAV2-AS2	lncRNA-ORF	4	TUBA1A	Q71U36	0.1441	0.7815	Active Site Cleft Occlusion / Proximal Inhibitor	3022.5	60.6	False	7.84	None	False	16.35	Disordered (432-451)	5JCO; 6J8F; 7C1M; 7UN1; 9OX7	70	3	2	5	0.066	-14.39	32	33	31.1	25.85	1	41	7250.6	18778.8	1	9	None	167	20	0.83	0.29
c12norep119_partner_02_GRB2	FRS2	uORF	1B	GRB2	P62993	0.1427	0.4138	Known Macromolecular Subunit Competitor / Adaptor	2329.6	69.0	False		None	False		SH3 1 (1-58); SH3 2 (156-215)	1AZE; 1GCQ; 1GRI; 1IO6; 2VWF; 2W0Z; 8DGO; 9I3P; 9IAZ; 9UOU	50	4	3	6	0.082	-23.66	21	29	56.8	21.39	2	20	4295.7	14058.8	0	0	None	145	20	0.76	0.32
c3riboseqorf106_partner_08_CDK8	ZBTB11-AS1	lncRNA-ORF	1B	CDK8	P49336	0.1437	0.6341	Shared Physiological Complex Interface	2511.5	55.2	False	16.84	None	False	13.75	Protein kinase (21-335); Interaction with CCNC (1-15); Disordered (361-464)	3RGF; 4CRL; 4F6S; 4F6U; 4F6W; 4F70; 4F7J; 4F7L; 4F7N; 4F7S	71	8	2	6	0.082	-14.08	30	29	34.1	25.77	2	36	5975.9	25254.0	1	2	None	71	16	0.68	0.37
c6norep97_partner_05_PSMA3	PSMB8-AS1	lncRNA-ORF	1B	PSMA3	P25788	0.1435	0.7127	Known Macromolecular Subunit Competitor / Adaptor	2842.8	94.3	False		None	False		N/A	22MM; 4R3O; 4R67; 5A0Q; 5DSV; 5GJQ; 5GJR; 5L4G; 5LE5; 5LEX	72	11	0	5	0.071	-10.32	29	35	46.0	22.79	2	34	6461.0	14664.5	0	0	None	145	33	0.8	0.33
c3riboseqorf47_partner_03_STX5	SEC22C	uoORF	1B	STX5	Q13190	0.1424	0.43	Allosteric Regulatory Surface / Novel Epitope	2302.8	0.0	False		None	False		t-SNARE coiled-coil homology (263-325)	None	44	5	0	11	0.098	-12.08	16	28	57.1	25.99	2	15	3631.8	30354.4	0	0	None	7	0	0.62	0.51
c7norep236_partner_04_ACVR2A	AC009403.1	lncRNA	1B	ACVR2A	P27037	0.1434	0.5532	Active Site Blocker / Competitive Decoy	4548.9	22.0	True	3.98	Proton acceptor (res 322)	True	1.05	Protein kinase (192-485)	5NH3; 7U5P	122	14	2	17	0.05	-3.26	41	59	56.9	26.64	0	65	6353.4	31001.2	1	2	 (res 198);  (res 199);  (res 200);  (res 201);  (res 202);  (res 203)	17	13	0.77	0.29
c12norep105_partner_03_CYP24A1	CYP27B1	intORF	1A	CYP24A1	Q07973	0.144	0.6677	Cofactor / Substrate Pocket Competitor	4642.0	0.0	False		None	True	2.51	N/A	None	122	12	2	23	0.048	-0.15	41	62	20.7	26.14	1	61	12637.9	24229.7	0	1	axial binding residue (res 462)	0	0	0.79	0.32
c8norep144_partner_02_SRC	ASAP1	intORF	1B	SRC	P12931	0.1424	0.5043	Active Site Cleft Occlusion / Proximal Inhibitor	3557.1	23.4	False	7.05	None	False	9.22	SH3 (84-145); Protein kinase (270-523); Disordered (1-53)	3VRO; 4HXJ; 6C4S; 8JF3; 9OFX	82	12	4	4	0.053	-4.28	33	47	66.0	25.67	0	42	5377.5	28745.5	1	2	None	97	11	0.72	0.24
c11norep50_partner_07_TUBB3	NAV2-AS2	lncRNA-ORF	4	TUBB3	Q13509	0.1427	0.7667	Cofactor / Substrate Pocket Competitor	7931.6	34.7	False		None	True	2.17	N/A	5IJ0; 5IJ9; 5JCO; 6E7B; 6S8L; 6WSL; 7M18; 7PJF; 7SJ7; 7SJ8	228	23	3	20	0.033	-15.48	71	98	68.9	24.68	5	133	10395.7	20366.1	0	22	 (res 11);  (res 11);  (res 12);  (res 15);  (res 69);  (res 69);  (res 99);  (res 138);  (res 138);  (res 177);  (res 204);  (res 204);  (res 222);  (res 226);  (res 226)	150	34	0.8	0.23
c3riboseqorf51_partner_01_PTH2	TCAIM	uoORF	1B	PTH2	Q96A98	0.1422	0.2168	Peripheral Surface Interaction	678.5	0.0	False		None	False		N/A	None	10	1	0	1	0.333	-11.05	6	5	35.3	13.84	0	7	1979.5	10021.5	0	0	None	27	0	0.51	0.5
c14riboseqorf5_partner_03_CELF1	HNRNPC	uORF	1B	CELF1	Q92879	0.1422	0.263	Allosteric Regulatory Surface / Novel Epitope	1401.5	0.0	False		None	False		RRM 1 (16-99); RRM 3 (401-479)	None	29	0	2	5	0.097	-11.29	15	20	57.7	26.43	0	12	2833.1	32642.1	0	0	None	58	0	0.61	0.43
c16norep119_partner_09_HDAC1	ZFHX3-AS1	lncRNA-ORF	4	HDAC1	Q13547	0.1432	0.6327	Cofactor / Substrate Pocket Competitor	3689.3	80.4	False	5.29	None	True	1.82	Histone deacetylase (9-321)	4BKX; 5ICN; 6Z2J; 6Z2K; 7AO8; 7AO9; 7AOA; 8VOJ; 8VPQ; 8VRT	114	11	2	10	0.048	-8.4	42	56	27.3	27.1	1	61	9710.6	24159.5	1	6	 (res 27);  (res 270)	129	45	0.8	0.3
c19riboseqorf114_partner_03_EGLN3	EGLN2	uORF	1B	EGLN3	Q9H6Z9	0.1421	0.7927	Allosteric Regulatory Surface / Novel Epitope	1831.7	0.0	False		None	False	12.04	Fe2OG dioxygenase (116-214)	None	52	5	1	9	0.108	-11.67	20	24	62.5	23.15	1	20	3627.7	12520.8	0	4	None	0	0	0.83	0.24
c15riboseqorf54_partner_01_HDAC1	TLE3	uORF	1B	HDAC1	Q13547	0.1418	0.761	Known Macromolecular Subunit Competitor / Adaptor	1436.4	87.5	False	13.95	None	False	19.96	Histone deacetylase (9-321)	4BKX; 5ICN; 6Z2J; 6Z2K; 7AO8; 7AO9; 7AOA; 8VOJ; 8VPQ; 8VRT	32	5	0	3	0.143	-13.41	14	16	56.0	26.76	0	17	2770.0	21696.3	1	6	None	129	14	0.81	0.21
c5riboseqorf9_partner_04_GAPDH	MIR4458HG	lncRNA	1B	GAPDH	P04406	0.1418	0.8739	Active Site Blocker / Competitive Decoy	1665.1	29.2	True	3.96	Nucleophile (res 152)	True	1.56	Interaction with WARS1 (2-148)	1U8F; 1ZNQ; 27FM; 3GPD; 4WNC; 4WNI; 6ADE; 6IQ6; 6M61; 6YND	42	3	0	9	0.117	-15.83	15	24	44.1	23.88	0	19	2983.8	15492.8	1	9	 (res 13);  (res 14);  (res 80);  (res 122);  (res 152);  (res 316)	82	7	0.92	0.34
c1riboseqorf199_partner_10_FN3KRP	ENSG00000229953	lncRNA-ORF	1B	FN3KRP	Q9HA64	0.1421	0.8321	Active Site Blocker / Competitive Decoy	3826.2	0.0	True	2.82	Proton acceptor (res 217)	True	2.42	N/A	None	102	10	5	8	0.065	9.58	30	52	69.8	24.12	2	54	4732.6	15225.6	1	1	 (res 89);  (res 90);  (res 91)	0	0	0.86	0.26
c11norep195_partner_03_GNA13	ARHGEF12	uORF	1B	GNA13	Q14344	0.1413	0.754	Allosteric Regulatory Surface / Novel Epitope	2351.7	6.9	False		None	False	8.4	G-alpha (47-377)	8ZX4; 9IZH	54	5	4	3	0.098	-2.7	19	29	73.1	24.4	0	28	3278.9	21533.4	0	7	None	82	2	0.82	0.3
c1riboseqorf248_partner_04_HNRNPK	IVNS1ABP	uORF	1B	HNRNPK	P61978	0.1411	0.3809	Allosteric Regulatory Surface / Novel Epitope	4008.4	10.3	False		None	False		KH 2 (144-209); KH 3 (387-451); Necessary for interaction with DDX1 (1-276); Interaction with ASFV p30 (35-197); 2 X 22 AA approximate repeats (54-421); 5 X 4 AA repeats of G-X-G-G (59-407); Interaction with ZIK1 (209-337); RNA-binding RGG-box (236-273); 2 X 6 AA approximate repeats (245-329); Disordered (250-329)	1ZZJ	118	23	3	9	0.097	-24.48	21	58	87.5	27.31	3	54	3247.0	26178.4	0	0	None	62	6	0.54	0.27
c10norep48_partner_02_MAP2K1	MAP3K8	uORF	1B	MAP2K1	Q02750	0.141	0.7638	Cofactor / Substrate Pocket Competitor	2275.1	80.6	False	9.49	None	True	4.17	Protein kinase (68-361)	1S9J; 2P55; 3EQB; 3W8Q; 4ARK; 4MNE; 5YT3; 6NYB; 6PP9; 6U2G	46	3	2	8	0.087	-10.53	17	31	73.9	23.66	0	24	2967.0	21675.5	1	10	 (res 210)	116	25	0.76	0.23
c1norep76_partner_02_DDX6	AGO1	uoORF	1B	DDX6	P26196	0.1423	0.4609	Known Macromolecular Subunit Competitor / Adaptor	2570.0	69.7	False		None	False	20.84	Helicase ATP-binding (127-298); Helicase C-terminal (308-468); Gyf binding (286-316); RecA-like domain 2 (307-483)	1VEC; 2WAX; 2WAY; 4CRW; 4CT4; 5ANR; 6F9S; 6S8S	51	3	3	5	0.077	-7.77	20	33	17.2	25.46	0	27	7837.9	23997.5	0	1	None	98	23	0.72	0.29
c19norep21_partner_03_MAP2K1	MAP2K2	intORF	1B	MAP2K1	Q02750	0.141	0.7637	Active Site Blocker / Competitive Decoy	2340.3	84.4	True	4.47	Proton acceptor (res 190)	True	2.56	Protein kinase (68-361)	1S9J; 2P55; 3EQB; 3W8Q; 4ARK; 4MNE; 5YT3; 6NYB; 6PP9; 6U2G	61	8	0	10	0.095	-17.23	20	32	62.5	24.87	0	22	3521.1	22278.9	1	10	 (res 76);  (res 77);  (res 78);  (res 79);  (res 81);  (res 192)	116	27	0.78	0.29
c18riboseqorf18_partner_02_RALB	RALBP1	uORF	1B	RALB	P11234	0.1406	0.7475	Active Site Cleft Occlusion / Proximal Inhibitor	1161.7	46.7	False		None	False	6.52	Disordered (180-206)	2KWI; 6ZQT; 6ZRN	34	6	0	3	0.162	-8.86	14	15	63.6	20.27	0	15	2639.4	12971.2	0	4	None	24	7	0.8	0.32
c2norep113_partner_03_HEBP1	KRCC1	intORF	1B	HEBP1	Q9NRV9	0.1404	0.7604	Allosteric Regulatory Surface / Novel Epitope	1944.0	0.0	False		None	False		N/A	None	40	0	0	4	0.119	-10.03	14	24	73.7	21.63	0	23	2544.3	10415.4	0	0	None	0	0	0.79	0.32
c6norep35_partner_01_NKIRAS2	GFOD1	uORF	1B	NKIRAS2	Q9NYR9	0.1402	0.6305	Active Site Cleft Occlusion / Proximal Inhibitor	1525.3	0.0	False		None	False	6.94	Small GTPase-like (1-191)	None	35	4	0	7	0.177	-4.94	11	18	47.8	19.46	1	14	2664.8	12927.0	0	3	None	0	0	0.63	0.29
cXriboseqorf74_partner_01_DNASE1L1	DNASE1L1	uORF	4	DNASE1L1	P49184	0.1403	0.806	Active Site Cleft Occlusion / Proximal Inhibitor	1779.7	0.0	False	7.44	None	False		N/A	None	41	4	1	3	0.119	-17.62	15	23	57.7	23.77	0	27	3450.4	15806.2	2	0	None	0	0	0.87	0.44
c3riboseqorf154_partner_04_SRSF1	MBNL1	uORF	1B	SRSF1	Q07955	0.14	0.3133	Shared Physiological Complex Interface	1503.8	47.4	False		None	False		RRM 1 (16-91); RRM 2 (121-195); Disordered (88-134)	2M8D; 3BEG; 4C0O; 6HPJ	36	6	0	2	0.158	-9.96	12	19	75.0	22.32	0	19	2337.5	19609.4	0	0	None	71	9	0.6	0.33
c17norep67_partner_04_EVI2B	EVI2A	uORF	2B	EVI2B	P34910	0.14	0.1681	Peripheral Surface Interaction	49.2	0.0	False		None	False		N/A	None	1	0	0	0	1.0	-9.52	1	1	2.9	28.6	1	0	4262.3	58577.1	0	0	None	0	0	0.76	0.65
c1norep288_partner_01_SCN4B	nan	mixed	1B	SCN4B	Q8IWT1	0.1399	0.4892	Known Macromolecular Subunit Competitor / Adaptor	1169.7	93.3	False		None	False		Ig-like C2-type (31-148)	5XAW; 7DTD	26	1	1	0	0.173	-8.54	10	15	21.3	20.25	0	18	5062.9	19958.5	0	0	None	27	14	0.76	0.41
c3riboseqorf95_partner_02_PAK5	ROBO1	uORF	1B	PAK5	Q9P286	0.1397	0.4528	Allosteric Regulatory Surface / Novel Epitope	1901.7	11.5	False	19.55	None	False	24.31	CRIB (11-24); Protein kinase (449-700); Disordered (1-29); Linker (25-448)	8C12	45	5	0	4	0.096	-7.83	18	26	58.1	27.8	0	28	3219.6	33959.2	1	2	None	13	3	0.55	0.25
c6riboseqorf74_partner_03_CASP6	TNFRSF21	uORF	1B	CASP6	P55212	0.1395	0.7363	Allosteric Regulatory Surface / Novel Epitope	1616.6	19.0	False	10.29	None	False		130's region (125-142)	3P45; 3P4U; 3QNW; 4EJF; 8EG5; 8EG6	42	6	1	2	0.105	-5.81	19	21	39.6	22.02	0	22	5266.9	16665.9	2	0	None	168	4	0.83	0.36
c19norep118_partner_03_DCP2	LSM14A	intORF	1B	DCP2	Q8IU60	0.1392	0.3938	Allosteric Regulatory Surface / Novel Epitope	1781.1	0.0	False		None	False	27.36	N/A	None	45	1	0	3	0.115	-8.36	17	23	43.6	25.37	2	26	3560.8	23883.9	0	2	None	0	0	0.61	0.34
c19riboseqorf4_partner_05_PRKAA1	STK11	uORF	1A	PRKAA1	Q13131	0.1423	0.4256	Cofactor / Substrate Pocket Competitor	9157.1	44.0	False	5.7	None	True	1.79	Protein kinase (27-279)	4RER; 4REW; 6C9F; 6C9G; 6C9H; 6C9J; 7JHG; 7JHH; 7JIJ; 7M74	244	19	4	24	0.023	6.38	92	116	44.0	26.8	0	140	16334.0	31633.3	1	2	 (res 35);  (res 36);  (res 37);  (res 38);  (res 41);  (res 56)	227	51	0.64	0.3
c11norep50_partner_02_CAPN6	NAV2-AS2	lncRNA-ORF	4	CAPN6	Q9Y6Q1	0.14	0.7782	Allosteric Regulatory Surface / Novel Epitope	5065.9	0.0	False		None	False		Calpain catalytic (26-343); C2 (498-621); Domain III (344-495)	None	123	13	1	13	0.041	-9.19	54	56	52.4	27.38	2	67	10013.6	31623.6	0	0	None	0	0	0.8	0.27
c13norep52_partner_03_PLEK	FARP1	uORF	2B	PLEK	P08567	0.1384	0.6564	Allosteric Regulatory Surface / Novel Epitope	1695.1	0.0	False		None	False		PH 1 (4-101); DEP (136-221); PH 2 (244-347)	None	41	2	0	3	0.163	-4.64	12	21	52.2	23.16	1	25	2907.1	21094.2	0	0	None	0	0	0.8	0.29
c9riboseqorf13_partner_02_LINGO2	MOB3B	uORF	1B	LINGO2	Q7L985	0.1389	0.6899	Peripheral Surface Interaction	196.7	0.0	False		None	False		N/A	None	1	0	0	0	1.0	-10.5	1	1	6.2	28.01	0	1	2410.3	37692.1	0	0	None	0	0	0.82	0.39
cXriboseqorf59_partner_10_RBBP4	MORF4L2	uORF	1B	RBBP4	Q09028	0.1381	0.8611	Known Macromolecular Subunit Competitor / Adaptor	2628.6	100.0	False		None	False		Interaction with ARMC12 (2-132)	4PBY; 4PBZ; 4PC0; 5FXY; 5WAI; 5WAK; 6C23; 6C24; 6G16; 6NQ3	64	5	2	8	0.077	-2.67	22	38	68.8	23.5	0	30	3524.4	20645.6	0	0	None	240	38	0.86	0.22
c2norep136_partner_02_TUBA1B	TTL	intORF	1B	TUBA1B	P68363	0.139	0.8455	Active Site Blocker / Competitive Decoy	4950.2	80.3	True	2.36	 (res 254)	True	1.91	Disordered (432-451)	5IJ0; 5IJ9; 5N5N; 6E7B; 6E7C; 6I2I; 6QUS; 6QUY; 6QVE; 6QVJ	129	16	2	17	0.045	-31.27	40	71	67.8	27.12	2	69	7382.6	19610.4	1	18	 (res 10);  (res 11);  (res 12);  (res 15);  (res 71);  (res 71);  (res 99);  (res 140);  (res 143);  (res 144);  (res 145);  (res 146);  (res 179);  (res 183);  (res 206);  (res 224);  (res 228)	223	57	0.86	0.25
c1riboseqorf280_partner_03_RHOA	CDC42BPA	uORF	1B	RHOA	P61586	0.1379	0.7304	Cofactor / Substrate Pocket Competitor	1112.7	100.0	False		None	True	3.14	Switch II region; involved in RAP1GDS1 isoform 2 binding (61-78)	1CC0; 1LB1; 1S1C; 1TX4; 1X86; 1XCG; 3KZ1; 3LW8; 3LWN; 3LXR	27	3	0	2	0.175	-10.57	11	14	64.7	18.5	0	12	2175.8	10531.3	0	26	 (res 37);  (res 37);  (res 59)	87	14	0.72	0.28
c17norep146_partner_04_PSMD3	PSMC5	uoORF	1B	PSMD3	O43242	0.1389	0.6658	Known Macromolecular Subunit Competitor / Adaptor	2116.9	95.8	False		None	False		PCI (286-465)	12BM; 22MM; 5GJQ; 5GJR; 5L4K; 5LN3; 5T0C; 5T0G; 5T0H; 5T0I	42	2	2	6	0.083	-3.93	21	24	50.0	24.6	2	19	4768.2	32450.3	0	0	None	292	23	0.75	0.29
c1riboseqorf248_partner_09_TLX2	IVNS1ABP	uORF	1B	TLX2	O43763	0.1381	0.2507	Peripheral Surface Interaction	591.2	0.0	False		None	False		N/A	None	13	1	0	2	0.361	-10.07	6	6	25.0	20.62	0	7	2815.2	25048.3	0	0	None	0	0	0.49	0.57
c8riboseqorf109_partner_03_C1GALT1C1	ST3GAL1	uORF	1B	C1GALT1C1	Q96EU7	0.1379	0.7103	Allosteric Regulatory Surface / Novel Epitope	2347.7	0.0	False		None	False		N/A	None	62	7	0	4	0.14	-7.25	17	26	70.8	19.95	0	39	3357.7	20129.4	0	0	None	0	0	0.76	0.31
c16norep119_partner_07_SMAD2	ZFHX3-AS1	lncRNA-ORF	4	SMAD2	Q15796	0.1397	0.4823	Shared Physiological Complex Interface	3251.0	48.6	False		None	False	9.5	MH1 (10-176); MH2 (274-467)	1DEV; 1KHX; 1U7V; 5XOD; 5ZOJ; 6M64; 6ZVQ	70	7	2	9	0.059	-16.46	34	35	22.1	26.62	1	35	9987.8	29938.2	0	4	None	125	17	0.68	0.33
c2riboseqorf177_partner_02_KCTD14	STK16	uoORF	1B	KCTD14	Q9BQ13	0.1378	0.5811	Allosteric Regulatory Surface / Novel Epitope	1724.5	0.0	False		None	False		N/A	None	53	3	0	4	0.113	-13.36	18	26	45.0	19.73	0	29	3679.0	17369.1	0	0	None	0	0	0.81	0.32
cXriboseqorf58_partner_02_KAT5	MORF4L2	uORF	1B	KAT5	Q92993	0.1377	0.678	Active Site Blocker / Competitive Decoy	3471.6	0.0	True	3.24	Proton donor/acceptor (res 403)	True	2.41	MYST-type HAT (227-504); Disordered (122-220); Interaction with ATF2 (368-513)	None	110	18	0	6	0.092	-17.5	19	63	100.0	26.02	0	61	2795.0	31980.1	1	4	 (res 370);  (res 371);  (res 372);  (res 377);  (res 378);  (res 379);  (res 380);  (res 381);  (res 382);  (res 383);  (res 407);  (res 416)	0	0	0.7	0.24
c8riboseqorf58_partner_02_HS6ST1	SULF1	uORF	1B	HS6ST1	O60243	0.1377	0.7202	Cofactor / Substrate Pocket Competitor	1892.1	0.0	False	7.38	None	True	2.52	N/A	None	41	4	0	3	0.11	-12.64	17	22	51.5	23.27	0	24	4021.3	26384.3	1	11	 (res 100);  (res 123);  (res 124);  (res 140);  (res 145);  (res 197)	0	0	0.79	0.28
c6norep139_partner_01_RND1	FAM135A	uORF	1B	RND1	Q92730	0.1375	0.5641	Cofactor / Substrate Pocket Competitor	1696.5	62.5	False		None	True	2.47	N/A	2REX; 3Q3J	40	5	0	7	0.109	-18.58	23	16	23.0	21.63	3	17	6445.4	14136.1	0	17	 (res 39);  (res 40);  (res 42);  (res 45);  (res 45)	25	10	0.7	0.28
c2norep136_partner_03_TUBB2A	TTL	intORF	1B	TUBB2A	Q13885	0.1375	0.8307	Cofactor / Substrate Pocket Competitor	3325.3	11.9	False		None	True	2.29	N/A	7NVN	74	8	2	8	0.077	-29.35	23	42	39.0	24.63	2	38	5734.9	19918.6	0	9	 (res 11);  (res 69);  (res 69);  (res 143);  (res 226)	58	5	0.84	0.24
c12norep128_partner_03_TP53	GLIPR1	intORF	1B	TP53	P04637	0.1374	0.5285	Known Macromolecular Subunit Competitor / Adaptor	1396.9	100.0	False		None	False	28.5	Interaction with CCAR2 (1-320); Interaction with WWOX (66-110); Interaction with HIPK1 (100-370); Required for interaction with ZNF385A (100-300); Required for interaction with FBXO42 (113-236); Interaction with AXIN1 (116-292); Interaction with CARM1 (300-393); Interaction with HIPK2 (319-360); Oligomerization (325-356)	1A1U; 1AIE; 1C26; 1HS5; 1OLG; 1OLH; 1PES; 1PET; 1SAE; 1SAF	34	3	1	4	0.167	-10.66	12	17	66.7	26.42	0	16	2735.5	29472.9	0	4	None	293	17	0.71	0.5
c21norep9_partner_02_UBC	LINC00158	lncRNA	1B	UBC	P0CG48	0.1374	0.225	Known Macromolecular Subunit Competitor / Adaptor	2133.1	74.1	False		None	False		Ubiquitin-like 2 (77-152); Ubiquitin-like 3 (153-228); Ubiquitin-like 8 (533-608); Ubiquitin-like 9 (609-684)	11SY; 1CMX; 1FXT; 1GJZ; 1NBF; 1Q5W; 1S1Q; 1XD3; 1YX5; 1YX6	54	2	2	5	0.111	-9.01	18	27	85.7	28.27	1	34	2217.3	39423.8	0	0	None	189	20	0.76	0.29
c12riboseqorf163_partner_01_CCDC92	ZNF664	uORF	1B	CCDC92	Q53HC0	0.1372	0.2574	Allosteric Regulatory Surface / Novel Epitope	885.9	0.0	False		None	False		N/A	None	14	1	0	5	0.175	-8.73	10	8	38.5	22.73	0	7	2880.2	30915.9	0	0	None	0	0	0.6	0.51
c5norep4_partner_02_PDZK1	SLC9A3	dORF	1A	PDZK1	Q5T2W1	0.138	0.4795	Allosteric Regulatory Surface / Novel Epitope	4521.6	26.3	False		None	False		PDZ 1 (9-90); PDZ 2 (134-215); PDZ 3 (243-323)	4Q2P	116	12	2	10	0.052	-20.08	39	57	34.5	25.83	1	57	12145.0	29737.4	0	0	None	49	15	0.75	0.28
c18norep5_partner_02_NUF2	NDC80	uoORF	1B	NUF2	Q9BZD4	0.1373	0.3364	Known Macromolecular Subunit Competitor / Adaptor	3029.0	75.8	False		None	False		Interaction with the N-terminus of NDC80 (1-385)	2VE7; 3IZ0; 8G0P; 9N9G	66	6	0	10	0.065	-11.87	31	33	56.4	27.1	2	38	5583.5	35519.3	0	0	None	149	25	0.64	0.29
c12riboseqorf72_partner_03_PRKN	RNF41	uORF	1B	PRKN	O60260	0.1366	0.5777	Known Macromolecular Subunit Competitor / Adaptor	2266.7	63.9	False	30.6	None	False	11.39	Ubiquitin-like (1-76); Necessary for PINK1-dependent localization to mitochondria (77-237); SYT11 binding 1 (204-238); TRIAD supradomain (234-465); SYT11 binding 2 (257-293)	5N2W; 5N38; 6GLC; 8IK6; 8IKM; 8IKT; 8IKV; 8WZN; 8WZO	60	5	2	3	0.111	-9.64	15	36	71.4	25.4	2	31	2611.4	26759.3	1	24	None	139	23	0.71	0.26
c3riboseqorf115_partner_01_B3GNT5	B4GALT4	uORF	1B	B3GNT5	Q9BYG0	0.1361	0.7775	Allosteric Regulatory Surface / Novel Epitope	1275.0	0.0	False		None	False		N/A	None	26	4	3	7	0.133	-13.74	15	13	45.5	22.95	5	3	3133.5	20597.8	0	0	None	0	0	0.82	0.28
c19norep32_partner_02_ALKBH6	ALKBH7	uoORF	1B	ALKBH6	Q3KRA9	0.1372	0.5904	Cofactor / Substrate Pocket Competitor	7150.0	0.0	False		None	True	1.92	Fe2OG dioxygenase (96-227); Disordered (138-161)	None	211	18	3	24	0.031	8.58	74	92	42.8	24.79	3	120	13846.3	12812.7	0	7	 (res 103);  (res 105);  (res 114);  (res 116);  (res 182);  (res 218);  (res 220)	0	0	0.83	0.3
c17riboseqorf149_partner_03_TMEM161A	TMEM94	uoORF	1A	TMEM161A	Q9NX61	0.1369	0.713	Allosteric Regulatory Surface / Novel Epitope	3997.3	0.0	False		None	False		N/A	None	110	13	2	8	0.054	-1.7	41	50	50.0	24.89	2	51	8089.7	27681.5	0	0	None	0	0	0.72	0.33
c7riboseqorf18_partner_10_SNX1	SNX13	uORF	1B	SNX1	Q13596	0.1359	0.6343	Allosteric Regulatory Surface / Novel Epitope	1954.2	20.0	False		None	False	8.3	PX (143-272); BAR (302-522)	4FZS; 8A1G; 8ABQ; 8AFZ	43	2	1	4	0.101	-2.65	17	25	32.7	23.76	1	24	5809.1	34672.2	0	4	None	65	5	0.7	0.39
c13norep52_partner_01_CDC42	FARP1	uORF	2B	CDC42	P60953	0.1353	0.6214	Cofactor / Substrate Pocket Competitor	1850.4	95.5	False		None	True	0.98	N/A	1AM4; 1CEE; 1CF4; 1DOA; 1E0A; 1EES; 1GZS; 1KI1; 1KZ7; 1KZG	37	3	0	7	0.099	-13.08	17	22	73.9	20.54	2	17	2990.6	10556.8	0	25	 (res 13);  (res 13);  (res 17);  (res 17);  (res 17);  (res 18);  (res 18);  (res 35);  (res 116);  (res 116);  (res 159);  (res 159);  (res 160);  (res 160)	123	21	0.63	0.31
c14norep27_partner_08_PNPLA2	CIDEB	uORF	2B	PNPLA2	Q96AD5	0.1355	0.571	Allosteric Regulatory Surface / Novel Epitope	1699.4	0.0	False	10.38	None	False		PNPLA (10-179); Disordered (463-492)	None	35	3	1	4	0.128	-8.88	13	21	46.4	24.3	0	18	4074.0	31559.1	2	0	None	0	0	0.64	0.47
c7riboseqorf44_partner_03_COA3	COA1	uORF	1B	COA3	Q9Y2R0	0.1353	0.2347	Allosteric Regulatory Surface / Novel Epitope	843.2	0.0	False		None	False		N/A	None	14	0	0	7	0.2	-12.53	7	10	10.8	16.39	2	4	5474.9	11009.7	0	0	None	0	0	0.56	0.47
c6riboseqorf125_partner_02_VTI1B	STX7	uoORF	1B	VTI1B	Q9UEU0	0.1352	0.3646	Shared Physiological Complex Interface	1191.6	52.6	False		None	False		Interaction with CLINT1 (2-23); Interaction with CLINT1 (69-73)	2V8S	26	0	1	3	0.152	-12.36	9	19	50.0	20.54	1	17	2359.2	18073.8	0	0	None	17	10	0.68	0.45
c18norep5_partner_03_SPC25	NDC80	uoORF	1B	SPC25	Q9HBM1	0.1349	0.328	Shared Physiological Complex Interface	3058.6	51.5	False		None	False		Interaction with the N-terminus of SPBC24 (1-144); Interaction with the C-terminus of SPBC24 (145-224)	2VE7; 8PPR; 8Q5H	70	3	1	15	0.073	-12.33	29	33	52.7	20.65	2	33	6007.5	18771.6	0	0	None	61	17	0.75	0.33
c3norep207_partner_02_CBX2	PHC3	uoORF	1B	CBX2	Q14781	0.1359	0.1826	Allosteric Regulatory Surface / Novel Epitope	3224.6	13.9	False		None	False		Chromo (12-70); Involved in the interaction with H3C15 and H3C1 (1-66); Disordered (379-493)	3H91; 5EPK	71	5	1	6	0.068	-13.4	29	36	44.6	27.86	0	31	7506.0	40061.9	0	0	None	19	5	0.43	0.46
c9norep10_partner_03_UBE2G1	LURAP1L	uORF	1B	UBE2G1	P62253	0.1347	0.7251	Known Macromolecular Subunit Competitor / Adaptor	1172.1	77.8	False	20.35	None	False		UBC core (5-166)	6D68	32	1	3	7	0.162	-5.43	11	18	64.7	22.4	0	10	2060.4	10078.2	1	0	None	20	14	0.73	0.28
c20riboseqorf26_partner_02_TM9SF4	PLAGL2	uORF	2B	TM9SF4	Q92544	0.1351	0.7617	Allosteric Regulatory Surface / Novel Epitope	3135.0	0.0	False		None	False		N/A	None	65	10	3	13	0.057	-6.27	28	41	71.8	28.47	0	27	4803.8	34132.6	0	0	None	0	0	0.75	0.53
c1riboseqorf121_partner_02_FBXO5	EVI5	intORF	1B	FBXO5	Q9UKT4	0.135	0.24	Allosteric Regulatory Surface / Novel Epitope	1424.0	0.0	False		None	False	31.93	F-box (250-296); Interaction with EVI5 (135-244); Requires for efficient binding to CDC20 (261-409); Sufficient for interaction with RPS6KA2; Prevents association of CDC20 with RPS6KA2 (261-339)	None	28	1	0	7	0.108	-13.25	13	20	23.6	26.23	0	14	6427.7	49404.6	0	8	None	61	0	0.71	0.52
c10riboseqorf118_partner_10_TUBA1A	SHTN1	uORF	4	TUBA1A	Q71U36	0.1346	0.8998	Active Site Cleft Occlusion / Proximal Inhibitor	2074.0	82.1	False	5.05	None	False	22.6	Disordered (432-451)	5JCO; 6J8F; 6WSL; 7C1M; 7UN1; 9OX7	58	10	0	5	0.099	-7.18	21	28	100.0	26.37	0	26	2304.2	19274.3	1	9	None	167	23	0.87	0.19
c2riboseqorf108_partner_03_WDSUB1	BAZ2B-AS1	lncRNA-ORF	1B	WDSUB1	Q8N9V3	0.1349	0.6121	Allosteric Regulatory Surface / Novel Epitope	2982.2	0.0	False		None	False		U-box (403-476)	None	65	7	0	10	0.061	-19.13	26	41	46.4	24.77	0	34	5703.8	22589.9	0	0	None	0	0	0.81	0.25
c1norep307_partner_02_HRAS	RASSF5	uORF	1B	HRAS	P01112	0.1345	0.6718	Cofactor / Substrate Pocket Competitor	1452.8	95.0	False		None	True	3.04	N/A	1BKD; 1HE8; 1K8R; 1LFD; 1NVU; 1NVV; 1NVW; 1NVX; 1XD2; 24SQ	40	7	0	2	0.125	-6.66	16	20	61.5	19.23	1	18	3591.7	10706.9	0	5	 (res 35);  (res 59)	121	19	0.69	0.35
c14norep102_partner_03_ASB17	ASB2	uORF	2B	ASB17	Q8WXJ9	0.1346	0.7722	Allosteric Regulatory Surface / Novel Epitope	2819.0	0.0	False		None	False		N/A	None	66	6	1	3	0.071	-8.68	28	33	73.7	22.2	0	37	4426.8	16274.9	0	0	None	0	0	0.79	0.28
c15riboseqorf22_partner_02_APRT	ADAL	uORF	1B	APRT	P07741	0.1343	0.8103	Allosteric Regulatory Surface / Novel Epitope	2118.5	20.0	False		None	False		N/A	1ORE; 1ZN7; 1ZN8; 1ZN9; 4X44; 4X45; 6FCH; 6FCI; 6FCL; 6FD4	58	3	2	5	0.136	-15.72	17	25	77.3	18.99	0	34	2545.4	9381.9	0	0	None	36	5	0.84	0.29
c17riboseqorf82_partner_01_UBC	TMEM99	lncRNA	1B	UBC	P0CG48	0.1343	0.2279	Known Macromolecular Subunit Competitor / Adaptor	1365.0	66.7	False		None	False		Ubiquitin-like 7 (457-532); Ubiquitin-like 8 (533-608)	3MTN; 3N3K; 3U30; 5H07; 7YUI	31	1	1	9	0.157	-6.89	11	18	68.8	27.87	0	15	1948.6	37457.7	0	0	None	189	12	0.76	0.22
c17riboseqorf78_partner_10_FZD8	IGFBP4	uORF	1B	FZD8	Q9H461	0.1345	0.5157	Cofactor / Substrate Pocket Competitor	502.6	100.0	False		None	True	2.67	FZ (30-151)	21KR; 21KS; 21KT; 5UN5; 5UN6; 6NDZ; 8X0T	8	0	0	2	0.333	-11.53	6	4	35.3	27.8	0	5	2420.0	42083.8	0	1	 (res 71);  (res 74)	44	4	0.66	0.44
c15riboseqorf70_partner_02_SRC	CSK	uORF	1B	SRC	P12931	0.1342	0.5126	Active Site Blocker / Competitive Decoy	3076.7	0.0	True	3.06	Proton acceptor (res 389)	True	2.6	Protein kinase (270-523)	None	83	9	2	7	0.08	-2.3	26	40	96.3	26.42	0	40	3632.0	29218.1	1	2	 (res 276);  (res 277);  (res 278);  (res 279);  (res 282);  (res 283);  (res 284)	97	0	0.73	0.21
c11riboseqorf112_partner_09_RAD51	EMSY	uoORF	1B	RAD51	Q06609	0.1346	0.6495	Known Macromolecular Subunit Competitor / Adaptor	3688.2	79.2	False		None	False	9.93	Interaction with PALB2 (184-257)	1N0W; 5H1B; 5H1C; 5JZC; 5NP7; 5NWL; 7C9A; 7EJC; 7EJE; 8BQ2	103	11	5	13	0.055	-5.36	39	48	42.9	24.35	0	57	7211.7	18141.1	0	11	None	248	38	0.77	0.39
c16riboseqorf1_partner_03_ZMAT5	SNRNP25	uoORF	1B	ZMAT5	Q9UDW3	0.134	0.445	Peripheral Surface Interaction	169.6	0.0	False		None	False		N/A	None	2	0	0	0	0.5	-10.43	2	2	4.4	22.64	0	1	6406.3	16440.5	0	0	None	23	0	0.84	0.59
c11riboseqorf31_partner_06_TUBA1A	NAV2-AS2	lncRNA-ORF	4	TUBA1A	Q71U36	0.134	0.864	Active Site Cleft Occlusion / Proximal Inhibitor	2156.7	61.3	False	5.44	None	False	19.18	N/A	5JCO; 7UN1; 9OX7	59	5	1	9	0.106	-12.5	18	31	58.1	24.93	0	27	3190.4	19887.5	1	9	None	167	19	0.82	0.25
c1riboseqorf77_partner_03_CLASRP	MACF1	uORF	2B	CLASRP	Q8N2M8	0.1343	0.2328	Allosteric Regulatory Surface / Novel Epitope	4874.8	0.0	False		None	False		Disordered (171-232); Disordered (258-674)	None	112	9	1	19	0.055	-23.54	38	54	88.4	26.76	0	54	4800.1	57369.8	0	0	None	0	0	0.48	0.28
c15riboseqorf19_partner_02_JUN	MAPKBP1	uORF	1B	JUN	P05412	0.1338	0.2338	Shared Physiological Complex Interface	926.5	35.7	False		None	False		bZIP (252-315); Interaction with PAGE4 (150-223); Basic motif (252-279)	1A02; 1FOS; 1JNM; 1S9K; 1T2K; 5T01	21	2	0	1	0.15	-7.22	10	14	29.4	24.61	0	10	3509.3	27071.5	0	0	None	39	5	0.49	0.43
c2riboseqorf18_partner_03_ATL1	SPAST	uoORF	1B	ATL1	Q8WXF7	0.1342	0.6191	Shared Physiological Complex Interface	3571.4	50.0	False		None	False	8.56	GB1/RHD3-type G (64-309)	3QNU; 4IDN; 4IDP; 7OL3	86	11	2	6	0.052	-14.56	36	46	65.5	27.46	2	46	6237.7	31243.7	0	21	None	98	23	0.73	0.45
c5riboseqorf127_partner_01_CNBD2	KIAA1191	uORF	1B	CNBD2	Q96M20	0.1337	0.5434	Cofactor / Substrate Pocket Competitor	2029.8	0.0	False		None	True	2.08	N/A	None	55	5	1	11	0.126	-14.8	15	29	75.0	26.83	1	29	2252.7	35136.5	0	1	 (res 116);  (res 119);  (res 120);  (res 163);  (res 179);  (res 186);  (res 187);  (res 188);  (res 189);  (res 190);  (res 191);  (res 193);  (res 194);  (res 196);  (res 199);  (res 200);  (res 202);  (res 227);  (res 228);  (res 230);  (res 231);  (res 232);  (res 234);  (res 235)	0	0	0.61	0.19
c11riboseqorf59_partner_03_CLDND1	ZDHHC5	uORF	1B	CLDND1	Q9NY35	0.1329	0.6648	Peripheral Surface Interaction	702.6	0.0	False		None	False		N/A	None	8	0	0	6	0.229	-10.0	5	7	10.0	17.35	0	1	6283.0	15258.2	0	0	None	0	0	0.7	0.4
c1riboseqorf26_partner_03_BCL6	ZBTB17	uORF	1B	BCL6	P41182	0.1331	0.258	Allosteric Regulatory Surface / Novel Epitope	1757.3	29.2	False		None	False		Disordered (407-467)	1R28; 1R29; 1R2B; 3BIM; 3E4U; 3LBZ; 4CP3; 5H7G; 5H7H; 5MW2	36	6	1	3	0.115	-5.86	13	24	43.3	27.44	0	12	3781.1	46595.1	0	0	None	107	7	0.54	0.39
c3riboseqorf140_partner_03_KAT8	MSL2	uORF	1B	KAT8	Q9H7Z6	0.1328	0.6949	Active Site Blocker / Competitive Decoy	1091.4	38.5	True	2.85	Proton donor/acceptor (res 350)	False	11.84	MYST-type HAT (174-447); Sufficient for interaction with KANSL1 (174-458)	2Y0M; 4DNC	17	1	2	2	0.163	-9.71	8	13	34.8	24.65	0	5	2527.9	25422.4	1	22	None	66	5	0.75	0.24
c19riboseqorf6_partner_03_ABHD10	ABHD17A	uORF	1B	ABHD10	Q9NUJ1	0.1326	0.7322	Allosteric Regulatory Surface / Novel Epitope	1300.4	0.0	False	15.88	None	False		N/A	None	26	1	2	2	0.125	-5.96	13	16	30.2	23.56	0	9	4208.9	17080.7	3	0	None	0	0	0.82	0.32
c9norep103_partner_01_SCN4B	nan	mixed	1B	SCN4B	Q8IWT1	0.1322	0.4775	Peripheral Surface Interaction	556.4	0.0	False		None	False		Ig-like C2-type (31-148)	None	5	0	0	2	0.417	-8.68	3	4	6.4	19.37	0	1	6374.0	18911.9	0	0	None	27	0	0.74	0.49
c7norep117_partner_02_GP2	CD36	uORF	1B	GP2	P55259	0.1323	0.4831	Peripheral Surface Interaction	191.5	0.0	False		None	False		D10C (61-185)	None	2	0	0	2	1.0	-10.0	1	2	6.2	27.43	0	0	2560.5	35876.6	0	0	None	77	0	0.71	0.47
c6norep97_partner_04_PSMA1	PSMB8-AS1	lncRNA-ORF	1B	PSMA1	P25786	0.1324	0.6818	Known Macromolecular Subunit Competitor / Adaptor	2989.1	90.3	False		None	False		Disordered (232-263)	22MM; 4R3O; 4R67; 5A0Q; 5GJQ; 5GJR; 5L4G; 5LE5; 5LEX; 5LEY	65	8	2	8	0.068	-3.74	31	31	49.2	21.79	1	31	6893.1	14545.3	0	0	None	127	28	0.77	0.3
c3riboseqorf183_partner_07_CTBP1	BCL6	uORF	4	CTBP1	Q13363	0.1317	0.7351	Shared Physiological Complex Interface	1668.0	32.1	False	21.0	None	False	11.53	Interaction with GLIS2 2 (288-360)	8ARI	42	1	3	4	0.115	-4.7	13	28	68.4	27.21	1	19	2566.1	21341.3	3	7	None	103	9	0.79	0.23
c10norep167_partner_02_YEATS4	TACC2	intORF	1B	YEATS4	O95619	0.1316	0.6338	Known Macromolecular Subunit Competitor / Adaptor	2902.0	81.8	False		None	False		YEATS (15-158); Diacetylated histone H3 binding (93-97); Interaction with MLLT10 (163-227); Interaction with TACC1 (168-227)	5XTZ; 7JFY; 8I60; 8IIY; 8IIZ; 8IJ0; 8X1C; 9X8S; 9X8U; 9Y3D	83	11	2	11	0.07	-8.22	27	44	93.1	22.72	0	46	4115.7	15706.0	0	0	None	112	36	0.8	0.3
c17riboseqorf79_partner_02_IVL	KRT10	dORF	1B	IVL	P07476	0.1315	0.3102	Allosteric Regulatory Surface / Novel Epitope	3392.2	0.0	False		None	False		Disordered (1-132); Disordered (149-540); 39 X 10 AA approximate tandem repeats of [LP]-[EKG]-[LHVYQEK]-[PLSQE]-[EQDV]-[QHEKRGA]-Q-[EMVQLP]-[GKLE]-[QHVNLD] (153-542)	None	83	12	0	4	0.095	-18.1	19	46	95.0	27.27	2	46	3097.7	38772.2	0	0	None	0	0	0.48	0.19
c16riboseqorf58_partner_01_KAT5	SRCAP	uoORF	1B	KAT5	Q92993	0.1321	0.6387	Cofactor / Substrate Pocket Competitor	4859.8	0.0	False	14.62	None	True	2.51	Tudor-knot (8-65); MYST-type HAT (227-504); Disordered (122-220); Interaction with ATF2 (368-513)	None	113	12	1	7	0.047	-1.3	40	60	64.5	25.95	3	59	8099.4	31285.4	1	4	 (res 377);  (res 378)	0	0	0.69	0.28
c6norep206_partner_01_UBC	ENSG00000226571	lncRNA-ORF	1B	UBC	P0CG48	0.1316	0.2294	Allosteric Regulatory Surface / Novel Epitope	2726.0	25.0	False		None	False		Ubiquitin-like 1 (1-76); Ubiquitin-like 5 (305-380); Ubiquitin-like 6 (381-456); Ubiquitin-like 8 (533-608); Ubiquitin-like 9 (609-684)	11SY; 1GJZ; 3DVN; 3IHP; 3N3K; 3OJ4; 3U30; 4BVU; 4DDG; 4DDI	67	7	0	5	0.078	-12.06	24	36	72.7	28.15	0	38	3373.0	38769.6	0	0	None	189	9	0.76	0.24
c15norep3_partner_01_TP53	UBE3A	intORF	1B	TP53	P04637	0.1311	0.4791	Known Macromolecular Subunit Competitor / Adaptor	2518.1	100.0	False		None	False	20.0	Interaction with CCAR2 (1-320); Interaction with WWOX (66-110); Interaction with HIPK1 (100-370); Required for interaction with ZNF385A (100-300); Required for interaction with FBXO42 (113-236); Interaction with AXIN1 (116-292); Disordered (282-325); Interaction with CARM1 (300-393); Interaction with HIPK2 (319-360); Oligomerization (325-356); Disordered (351-393)	1A1U; 1AIE; 1C26; 1HS5; 1OLG; 1OLH; 1PES; 1PET; 1SAE; 1SAF	65	7	0	9	0.114	-17.34	19	30	29.2	28.4	0	30	8668.2	34859.3	0	4	None	293	30	0.79	0.56
c11norep30_partner_09_PAIP1	EIF4G2	intORF	1B	PAIP1	Q9H074	0.132	0.4709	Allosteric Regulatory Surface / Novel Epitope	4828.7	0.0	False		None	False		MIF4G (159-376); Disordered (1-114); PAIP1 middle domain (PAIP1M) (157-375); Disordered (435-455); PABPC1-interacting motif-1 (PAM1) (440-479)	None	112	14	4	11	0.047	-19.68	42	57	56.8	26.25	5	52	8677.5	33441.6	0	0	None	29	0	0.62	0.4
c3riboseqorf47_partner_02_GOSR2	SEC22C	uoORF	1B	GOSR2	O14653	0.1311	0.3603	Allosteric Regulatory Surface / Novel Epitope	1404.7	0.0	False		None	False		N/A	None	36	7	2	2	0.118	-10.56	18	17	64.3	22.15	0	15	3172.7	16788.6	0	0	None	5	0	0.59	0.44
c22riboseqorf6_partner_03_DDX5	DGCR8	uORF	4	DDX5	P17844	0.131	0.5073	Cofactor / Substrate Pocket Competitor	1048.2	0.0	False		None	True	1.55	Helicase ATP-binding (125-300); Helicase C-terminal (328-475)	None	30	4	0	4	0.152	-16.02	11	18	68.8	27.68	0	12	1861.7	33183.3	0	3	 (res 114);  (res 116);  (res 121);  (res 140);  (res 141);  (res 142);  (res 143);  (res 144);  (res 145)	0	0	0.72	0.3
c14riboseqorf5_partner_02_HNRNPA1	HNRNPC	uORF	1B	HNRNPA1	P09651	0.1304	0.4214	Known Macromolecular Subunit Competitor / Adaptor	2104.8	64.0	False		None	False		RRM 1 (14-97); RRM 2 (105-184); Globular A domain (4-94); Globular B domain (95-185); Disordered (182-216); Disordered (317-372)	1PGZ; 1PO6; 1U1K; 1U1L; 1U1M; 1U1N; 1U1O; 1U1P; 1U1Q; 1U1R	51	9	0	2	0.113	-16.97	18	25	69.2	24.62	0	30	2526.8	20493.0	0	0	None	140	16	0.56	0.33
c12riboseqorf52_partner_04_KAT8	MCRS1	uoORF	1B	KAT8	Q9H7Z6	0.1309	0.6661	Cofactor / Substrate Pocket Competitor	2874.7	23.3	False	12.99	None	True	0.99	MYST-type HAT (174-447); Sufficient for interaction with KANSL1 (174-458)	2Y0M; 5H43	88	15	0	13	0.109	-16.97	27	30	58.7	26.13	1	39	4659.9	25681.0	1	22	 (res 408)	66	7	0.73	0.24
c17riboseqorf88_partner_02_DHRS11	HSD17B1-AS1	lncRNA-ORF	1B	DHRS11	Q6UWP2	0.1318	0.5307	Active Site Blocker / Competitive Decoy	5665.3	21.1	True	2.33	Proton acceptor (res 166)	True	0.97	N/A	1XG5	160	27	3	10	0.04	-8.14	52	76	21.1	26.65	1	83	17829.4	13223.7	1	11	 (res 18);  (res 23);  (res 43);  (res 44);  (res 70);  (res 71);  (res 97);  (res 151);  (res 166);  (res 166);  (res 170);  (res 201);  (res 203);  (res 208)	59	16	0.88	0.3
c5norep54_partner_02_GTF2B	GPBP1	uORF	1B	GTF2B	Q00403	0.13	0.3659	Cofactor / Substrate Pocket Competitor	2794.9	78.9	False		None	True	2.78	Necessary for TATA box-bound TBP complex formation (244-316); Core promoter DNA-binding (249-252)	1C9B; 1VOL; 29WD; 2PHG; 30FF; 30FH; 5IY6; 5IY7; 5IY8; 5IY9	63	12	0	7	0.092	-12.26	18	38	64.3	22.47	2	26	3643.9	19243.4	0	16	 (res 196);  (res 248)	203	30	0.63	0.34
c16norep1_partner_01_RNF122	FAM234A	intORF	1B	RNF122	Q9H9V4	0.1299	0.3455	Peripheral Surface Interaction	681.2	0.0	False		None	False		N/A	None	6	0	0	2	0.3	-10.43	4	5	21.1	20.52	0	4	2536.3	12750.2	0	0	None	0	0	0.61	0.68
c10riboseqorf41_partner_05_TP53	TFAM	uoORF	1B	TP53	P04637	0.1307	0.4513	Active Site Cleft Occlusion / Proximal Inhibitor	3138.9	93.8	False		None	False	7.88	Interaction with CCAR2 (1-320); Interaction with HRMT1L2 (1-83); Transcription activation (acidic) (1-44); Disordered (50-96); Interaction with HIPK1 (100-370); Required for interaction with ZNF385A (100-300); Required for interaction with FBXO42 (113-236); Interaction with AXIN1 (116-292)	1KZY; 1TSR; 1TUP; 1YCQ; 1YCR; 1YCS; 2AC0; 2ADY; 2AHI; 2ATA	71	4	1	24	0.062	-12.58	36	32	36.4	25.83	1	24	6963.7	31014.3	0	4	None	293	30	0.68	0.3
c3norep230_partner_03_RAB5A	VPS8	processed_transcript	1B	RAB5A	P20339	0.1298	0.5854	Cofactor / Substrate Pocket Competitor	1087.3	61.5	False		None	True	2.94	Switch-I (47-55); Switch-II (78-94)	1TU3; 3MJH; 4Q9U; 7BL1; 9RX5; 9RX6; 9RX9; 9RXA; 9RXB; 9S47	20	2	0	7	0.192	-10.5	8	13	33.3	19.98	1	4	2763.9	13142.1	0	18	 (res 47)	42	8	0.62	0.35
c6riboseqorf57_partner_01_NUDT2	NUDT3	uORF	1B	NUDT2	P50583	0.1298	0.6807	Allosteric Regulatory Surface / Novel Epitope	1631.4	0.0	False		None	False		Nudix hydrolase (1-139)	None	34	2	0	4	0.118	-4.38	16	18	41.0	18.59	0	13	3448.4	8610.3	0	0	None	17	0	0.72	0.39
c1riboseqorf206_partner_03_GNA13	ARHGEF11	uORF	1B	GNA13	Q14344	0.1296	0.7276	Allosteric Regulatory Surface / Novel Epitope	2514.5	17.1	False		None	False	9.45	G-alpha (47-377)	7SF7; 7SF8; 7T6B; 7YDH; 8H8J; 8IKL; 8KGG; 8ZX4; 8ZX5; 9E51	56	8	1	8	0.089	-7.35	18	35	42.9	24.29	0	28	5155.2	21479.5	0	7	None	82	6	0.79	0.33
c4riboseqorf2_partner_09_TCF7L2	CTBP1	uORF	1B	TCF7L2	Q9NQB0	0.1298	0.2137	Allosteric Regulatory Surface / Novel Epitope	4003.6	28.3	False		None	False		Disordered (1-96); CTNNB1-binding (1-53); Mediates interaction with MAD2L2 (201-395)	1JDH; 1JPW; 2GL7	98	8	3	10	0.068	-15.56	27	53	84.4	28.24	1	50	3718.4	40263.2	0	0	None	31	15	0.42	0.37
c11norep30_partner_03_YTHDF3	EIF4G2	intORF	1B	YTHDF3	Q7Z739	0.1302	0.3631	Cofactor / Substrate Pocket Competitor	3186.8	27.3	False		None	True	2.02	YTH (416-550); Disordered (1-52)	6ZOT	76	12	0	9	0.064	-19.59	27	44	36.5	26.54	1	35	8357.5	46481.9	0	6	 (res 423);  (res 424);  (res 468)	37	12	0.54	0.47
c1riboseqorf197_partner_02_BYSL	GPATCH4	uORF	1B	BYSL	Q13895	0.1294	0.6602	Shared Physiological Complex Interface	2062.6	31.2	False		None	False		N/A	6G18; 7WTT; 7WTU; 7WTV; 7WTW; 7WTX; 7WTZ; 7WU0	58	9	0	4	0.129	-12.07	14	32	77.8	26.13	0	28	2439.4	25328.4	0	0	None	163	10	0.71	0.33
c12riboseqorf47_partner_05_CENPM	TMEM106C	uoORF	1B	CENPM	Q9NSP4	0.1292	0.6229	Known Macromolecular Subunit Competitor / Adaptor	1548.1	90.0	False		None	False		N/A	28OP; 7PKN; 7QOO; 7R5S; 7R5V; 7XHN; 7XHO; 7YWX; 7YYH; 9TAW	38	5	0	2	0.173	-9.29	11	20	39.3	16.92	0	24	3571.9	10751.9	0	0	None	107	18	0.64	0.32
c17norep83_partner_02_PGAP3	MIEN1	dORF	1B	PGAP3	Q96FM1	0.1292	0.8096	Allosteric Regulatory Surface / Novel Epitope	2650.4	0.0	False		None	False		N/A	None	87	10	1	3	0.115	-11.25	18	42	69.2	22.22	3	50	3530.3	18486.0	0	0	None	0	0	0.84	0.27
c16norep37_partner_01_CLPX	ENSG00000260592	lncRNA-ORF	4	CLPX	O76031	0.1295	0.5534	Peripheral Surface Interaction	110.6	0.0	False		None	False	12.88	ClpX-type ZB (93-146)	None	1	0	0	0	1.0	-10.5	1	1	1.6	27.0	0	1	7999.5	53298.0	0	5	None	111	0	0.74	0.52
c5norep4_partner_03_EZR	SLC9A3	dORF	1A	EZR	P15311	0.1299	0.639	Allosteric Regulatory Surface / Novel Epitope	4529.5	14.1	False		None	False		FERM (2-296); Interaction with SCYL3 (244-586); Disordered (306-341); Disordered (485-564)	8XZ0	123	24	1	6	0.041	-8.96	47	64	41.6	28.47	0	56	13133.2	33311.5	0	0	None	20	9	0.82	0.36
c17riboseqorf79_partner_01_KRT1	KRT10	dORF	1B	KRT1	P04264	0.1289	0.2299	Peripheral Surface Interaction	350.2	0.0	False		None	False		IF rod (180-493); Coil 1A (180-215)	None	4	0	0	1	0.444	-10.53	3	3	15.0	27.76	1	2	2717.8	53051.0	0	0	None	112	0	0.55	0.38
c15riboseqorf1_partner_03_CFHR1	NIPA2	uORF	1B	CFHR1	Q03591	0.129	0.3889	Shared Physiological Complex Interface	1769.4	43.5	False		None	False		Sushi 1 (22-84); Sushi 2 (85-142)	3ZD2	46	3	0	7	0.118	-10.58	17	23	45.9	22.56	0	23	4423.3	23257.1	0	0	None	39	10	0.78	0.38
c7riboseqorf18_partner_07_RAB5A	SNX13	uORF	1B	RAB5A	P20339	0.1288	0.5398	Cofactor / Substrate Pocket Competitor	2400.6	35.5	False		None	True	2.87	Switch-I (47-55)	1TU3; 3MJH; 4Q9U; 9RX5; 9RX6; 9RX9; 9RXA; 9RXB; 9S47	57	4	1	14	0.088	-13.48	21	31	40.4	19.27	0	29	6466.8	15388.9	0	18	 (res 29);  (res 30);  (res 75);  (res 133);  (res 134);  (res 164);  (res 165)	42	11	0.61	0.44
c7riboseqorf64_partner_02_FAM229B	TMEM60	uoORF	1B	FAM229B	Q4G0N7	0.1287	0.2334	Allosteric Regulatory Surface / Novel Epitope	4406.9	0.0	False		None	False		Disordered (1-44)	None	120	20	3	22	0.056	-14.82	49	44	64.5	17.22	0	55	6494.0	8902.2	0	0	None	0	0	0.32	0.36
c15norep81_partner_02_MYL6	MYO9A	intORF	1B	MYL6	P60660	0.1283	0.3868	Known Macromolecular Subunit Competitor / Adaptor	2591.1	94.7	False		None	False		EF-hand 1 (7-42); EF-hand 2 (84-119); EF-hand 3 (119-151)	9Z3W; 9Z3Z; 9Z40; 9Z4Q	59	4	4	10	0.068	-11.58	23	38	59.0	19.08	1	19	4446.7	10126.0	0	0	None	81	36	0.65	0.35
c12norep111_partner_03_RBP4	MSRB3	intORF	1B	RBP4	P02753	0.1284	0.6742	Cofactor / Substrate Pocket Competitor	3049.7	61.3	False		None	True	2.91	N/A	1QAB; 1RLB; 2WQA; 3BSZ; 6QBA	73	3	2	12	0.078	-11.86	30	31	57.7	19.86	1	38	5645.8	13235.7	0	1	 (res 116)	40	19	0.78	0.35
c22riboseqorf54_partner_01_UBC	PRR34-AS1	lncRNA	1B	UBC	P0CG48	0.1284	0.233	Shared Physiological Complex Interface	1274.3	56.2	False		None	False		Ubiquitin-like 6 (381-456)	7EB9; 7YUI	31	2	0	2	0.149	-8.61	13	16	56.5	27.76	1	16	2542.0	36868.1	0	0	None	189	9	0.78	0.22
c11norep180_partner_01_PAFAH1B1	PAFAH1B2	intORF	1B	PAFAH1B1	P43034	0.1285	0.72	Shared Physiological Complex Interface	1856.9	56.5	False		None	False		Interaction with dynein and dynactin (83-410)	8DYU; 8FDT; 8FDU; 8PQW; 8PQY; 9DZY; 9E0T; 9E0Z; 9E11; 9E13	43	6	1	6	0.11	-13.31	17	23	43.6	26.02	1	21	3881.2	21192.5	0	0	None	89	13	0.84	0.3
c7norep166_partner_01_ABRAXAS2	THAP5	intORF	1B	ABRAXAS2	Q15018	0.1277	0.4052	Shared Physiological Complex Interface	1356.0	47.4	False		None	False		MPN (3-149); Disordered (335-415)	6H3C; 6R8F; 8PVY; 8PY2	34	3	0	1	0.163	-17.94	11	19	68.8	28.07	0	20	2639.9	33047.6	0	0	None	143	9	0.65	0.62
c19riboseqorf4_partner_04_STRADB	STK11	uORF	1A	STRADB	Q9C0K7	0.1292	0.5295	Cofactor / Substrate Pocket Competitor	8354.3	0.0	False		None	True	1.76	Protein kinase (58-369)	None	225	21	2	35	0.024	-14.37	86	110	41.1	28.12	2	110	22809.0	23413.9	0	2	 (res 64);  (res 65);  (res 66);  (res 67);  (res 68);  (res 69);  (res 70);  (res 71);  (res 72);  (res 89)	0	0	0.68	0.42
c11norep30_partner_01_EIF4A2	EIF4G2	intORF	1B	EIF4A2	Q14240	0.128	0.566	Allosteric Regulatory Surface / Novel Epitope	5218.4	0.0	False		None	False	16.24	Helicase ATP-binding (64-235); Helicase C-terminal (246-407); Disordered (1-22)	None	128	17	5	10	0.046	-9.92	46	61	62.2	24.52	0	67	8153.6	20648.6	0	1	None	0	0	0.78	0.33
c14riboseqorf85_partner_03_UBC	AREL1	intORF	1B	UBC	P0CG48	0.1279	0.2031	Shared Physiological Complex Interface	3439.3	30.3	False		None	False		Ubiquitin-like 1 (1-76); Ubiquitin-like 2 (77-152); Ubiquitin-like 4 (229-304); Ubiquitin-like 5 (305-380)	8Q7R	73	4	2	9	0.065	-9.13	34	33	54.0	28.5	0	46	4567.2	41342.6	0	0	None	189	10	0.75	0.24
c11riboseqorf112_partner_06_HDAC1	EMSY	uoORF	1B	HDAC1	Q13547	0.1279	0.6952	Allosteric Regulatory Surface / Novel Epitope	1154.1	16.7	False	31.82	None	False	15.74	Disordered (390-482)	4BKX; 5ICN; 6Z2J; 7AO8; 7AO9; 7AOA; 8VPQ; 9R4I	22	3	0	4	0.141	-12.48	13	12	14.3	26.33	3	7	6979.8	21121.5	1	6	None	129	2	0.79	0.4
c2norep211_partner_08_MYL1	TTN-AS1	lncRNA-ORF	4	MYL1	P05976	0.1276	0.4638	Allosteric Regulatory Surface / Novel Epitope	4208.5	0.0	False		None	False		EF-hand 1 (50-85); EF-hand 2 (127-162); EF-hand 3 (162-194)	None	107	13	3	19	0.06	-0.47	37	48	42.5	20.88	1	48	7389.5	14640.8	0	0	None	0	0	0.68	0.27
c11riboseqorf31_partner_09_ABI1	NAV2-AS2	lncRNA-ORF	4	ABI1	Q8IZP0	0.1273	0.2446	Peripheral Surface Interaction	379.3	0.0	False		None	False		t-SNARE coiled-coil homology (45-107); Required for binding to WASF1 (18-79)	None	6	0	0	3	0.375	-10.02	4	4	12.9	25.6	0	2	3652.5	47587.4	0	0	None	0	0	0.56	0.46
c17riboseqorf11_partner_02_RAP1B	SGSM2	uORF	1B	RAP1B	P61224	0.1273	0.7114	Active Site Cleft Occlusion / Proximal Inhibitor	1080.4	88.2	False		None	False	6.24	Interaction with KRIT1 (25-67)	3CF6; 4DXA; 4HDO; 4HDQ; 4MGI; 4MGK; 4MGY; 4MGZ; 4MH0; 5KHO	25	3	1	4	0.147	-9.97	10	17	30.3	18.65	0	10	4392.6	10293.0	0	4	None	59	15	0.77	0.39
c16norep119_partner_05_RUNX2	ZFHX3-AS1	lncRNA-ORF	4	RUNX2	Q13950	0.1286	0.2602	Allosteric Regulatory Surface / Novel Epitope	6001.7	23.8	False		None	False		Runt (101-229); Interaction with KAT6A (336-439); Interaction with KAT6B (374-468)	6VGD; 6VGE; 6VGG	144	7	0	17	0.036	-36.29	64	63	41.6	28.42	5	80	8457.4	41676.8	0	0	None	37	15	0.5	0.3
c16riboseqorf117_partner_01_RUNX3	ZFHX3	uORF	2B	RUNX3	Q13761	0.1276	0.3048	Allosteric Regulatory Surface / Novel Epitope	4948.5	0.0	False		None	False		Runt (54-182); Disordered (1-48); Disordered (176-266)	None	129	8	2	12	0.042	-24.99	50	62	62.5	26.77	0	59	7372.9	29514.4	0	0	None	8	0	0.46	0.31
c7riboseqorf59_partner_02_NUP54	POM121	uORF	1B	NUP54	Q7Z3B4	0.1267	0.4037	Allosteric Regulatory Surface / Novel Epitope	1092.1	9.1	False		None	False		9 X 2 AA repeats of F-G (5-445)	4JNU; 4JNV; 4JO7; 4JO9	15	0	0	3	0.136	-9.6	10	11	43.5	27.1	0	10	2546.6	33840.1	0	0	None	43	1	0.67	0.52
c10norep73_partner_01_MAP2K4	MAPK8	uORF	1B	MAP2K4	P45985	0.1269	0.6432	Active Site Blocker / Competitive Decoy	2735.0	0.0	True	2.86	Proton acceptor (res 229)	True	3.09	Protein kinase (102-367)	None	75	4	1	10	0.09	-6.95	19	44	79.2	25.21	0	42	3112.8	23756.2	1	2	 (res 108);  (res 109);  (res 113);  (res 116);  (res 131)	14	0	0.68	0.22
c17norep42_partner_03_BCL6	NCOR1	intORF	1B	BCL6	P41182	0.1273	0.2614	Known Macromolecular Subunit Competitor / Adaptor	539.5	62.5	False		None	False		N/A	1R28; 1R29; 1R2B; 3BIM; 3E4U; 3LBZ; 4CP3; 5H7G; 5H7H; 5MW2	10	1	0	3	0.25	-8.22	5	8	12.5	28.88	0	3	4619.7	72334.2	0	0	None	107	5	0.7	0.57
c10riboseqorf62_partner_03_H3-4	KAT6B	uORF	1B	H3-4	Q16695	0.1263	0.3108	Known Macromolecular Subunit Competitor / Adaptor	3381.8	90.5	False		None	False		N/A	3A6N; 8Z50	81	4	6	30	0.057	-5.29	34	42	40.0	21.19	1	32	7397.6	11331.2	0	0	None	119	38	0.53	0.42
c1norep182_partner_04_CD151	IGSF3	uORF	1B	CD151	P48509	0.1262	0.4786	Allosteric Regulatory Surface / Novel Epitope	3153.9	0.0	False		None	False		N/A	None	61	3	0	21	0.062	-21.1	26	38	74.3	22.44	0	25	3928.3	16314.4	0	0	None	0	0	0.66	0.38
c11riboseqorf112_partner_04_CBX1	EMSY	uoORF	1B	CBX1	P83916	0.1265	0.2729	Known Macromolecular Subunit Competitor / Adaptor	2100.0	72.7	False		None	False		Chromo 2; shadow subtype (117-175); Disordered (63-124)	2FMM; 3Q6S; 5T1G	50	6	0	4	0.099	-7.02	23	22	25.3	23.16	0	28	7637.8	17733.4	0	0	None	56	16	0.59	0.39
c2riboseqorf55_partner_05_ACTR5	WBP1	uORF	1B	ACTR5	Q9H9F9	0.1262	0.6562	Allosteric Regulatory Surface / Novel Epitope	2060.1	10.0	False		None	False		N/A	7ZI4; 9GCG; 9GE5; 9GEV; 9GFB	41	5	1	5	0.085	-6.11	16	30	44.4	26.53	0	16	3920.6	33496.6	0	0	None	72	3	0.75	0.23
c2riboseqorf136_partner_03_MYOT	TTN-AS1	lncRNA-ORF	4	MYOT	Q9UBF9	0.1275	0.2609	Allosteric Regulatory Surface / Novel Epitope	6245.7	0.0	False		None	False		Disordered (1-46); Disordered (64-151); Necessary for interaction with ACTN1 (79-150)	None	153	18	0	20	0.033	-36.32	62	74	48.8	27.95	0	73	7882.3	36579.4	0	0	None	0	0	0.55	0.29
c7riboseqorf115_partner_03_CCDC70	TMEM168	uORF	1B	CCDC70	Q6NSX1	0.1252	0.2974	Allosteric Regulatory Surface / Novel Epitope	1921.4	0.0	False		None	False		N/A	None	45	3	1	5	0.119	-5.09	18	21	94.7	22.46	2	28	2145.2	19591.2	0	0	None	0	0	0.57	0.31
c16riboseqorf117_partner_02_POU1F1	ZFHX3	uORF	2B	POU1F1	P28069	0.1258	0.2629	Shared Physiological Complex Interface	3010.8	30.0	False		None	False		POU-specific (124-198)	5WC9	66	5	2	10	0.081	-9.31	27	30	33.8	23.84	1	35	7478.1	21744.5	0	0	None	32	9	0.55	0.39
c17riboseqorf135_partner_01_SMAD7	SMURF2	uORF	1B	SMAD7	O15105	0.1253	0.6406	Allosteric Regulatory Surface / Novel Epitope	1552.1	10.0	False		None	False	14.95	MH1 (64-207); MH2 (261-426); Disordered (13-55)	2DJY; 2LTX; 2LTY; 2LTZ	32	2	0	5	0.107	-5.65	15	20	51.7	27.06	1	16	3902.0	26155.8	0	4	None	15	2	0.67	0.48
c18riboseqorf19_partner_01_RAB22A	RAB31	uoORF	1B	RAB22A	Q9UL26	0.1252	0.6302	Cofactor / Substrate Pocket Competitor	1993.7	0.0	False		None	True	4.0	Switch-I (32-40); Switch-II (63-79)	None	58	3	1	6	0.11	-9.49	21	25	48.8	20.29	1	32	4747.3	12093.5	0	17	 (res 37);  (res 37)	0	0	0.69	0.31
c17riboseqorf106_partner_01_MAFG	NFE2L1	uORF	1B	MAFG	O15525	0.1252	0.3703	Allosteric Regulatory Surface / Novel Epitope	2910.1	6.9	False		None	False		bZIP (51-114)	7X5E; 7X5F; 7X5G	67	8	1	15	0.075	-8.47	31	29	52.5	23.88	1	36	5234.5	13641.0	0	0	None	32	2	0.66	0.4
c19riboseqorf61_partner_01_UBC	AC006504.5	lncRNA	1B	UBC	P0CG48	0.1255	0.2262	Known Macromolecular Subunit Competitor / Adaptor	3005.3	60.5	False		None	False		Ubiquitin-like 1 (1-76); Ubiquitin-like 2 (77-152); Ubiquitin-like 3 (153-228); Ubiquitin-like 9 (609-684)	11SY; 1CMX; 1F9J; 1FXT; 1GJZ; 1NBF; 1Q5W; 1S1Q; 1TBE; 1XD3	66	5	1	10	0.062	-5.74	28	38	62.2	28.16	1	34	5245.1	40223.7	0	0	None	189	23	0.77	0.24
c19norep64_partner_03_ZNF559	AC008770.4	uORF	1B	ZNF559	Q9BR84	0.125	0.2236	Allosteric Regulatory Surface / Novel Epitope	2715.6	0.0	False		None	False		KRAB (14-89)	None	66	8	0	6	0.124	-9.4	14	38	87.5	26.73	0	36	2197.8	33928.8	0	0	None	0	0	0.48	0.29
c7riboseqorf43_partner_01_MT-ND2	COA1	uoORF	1B	MT-ND2	P03891	0.1249	0.8419	Known Macromolecular Subunit Competitor / Adaptor	438.4	100.0	False		None	False		N/A	5XTC; 5XTD; 9CWT; 9I4I; 9TI4	4	0	0	2	0.333	-10.5	3	4	12.0	25.12	0	2	3150.9	15966.9	0	0	None	168	4	0.81	0.47
c15norep54_partner_02_MLPH	RAB27A	intORF	1B	MLPH	Q9BV36	0.125	0.2282	Peripheral Surface Interaction	529.7	0.0	False		None	False		RabBD (4-124); Disordered (553-600)	None	11	2	0	1	0.229	-12.43	6	8	24.0	28.11	1	3	3737.6	54896.3	0	0	None	0	0	0.51	0.6
c1norep307_partner_01_STK4	RASSF5	uORF	1B	STK4	Q13043	0.1248	0.5881	Allosteric Regulatory Surface / Novel Epitope	861.9	0.0	False	12.98	None	False	23.53	Protein kinase (30-281)	None	18	2	0	0	0.198	-10.73	7	13	26.9	24.56	0	13	3448.0	30775.7	1	2	None	88	0	0.68	0.25
c12riboseqorf47_partner_04_RPAP3	TMEM106C	uoORF	1B	RPAP3	Q9H6T3	0.1249	0.2703	Shared Physiological Complex Interface	1200.4	38.5	False		None	False		Disordered (109-129)	6ZBK	21	1	0	3	0.147	-11.13	11	13	39.3	27.74	0	10	3050.7	45837.8	0	0	None	90	5	0.67	0.5
c9norep168_partner_04_ARRB1	ARRDC1-AS1	lncRNA	1A	ARRB1	P49407	0.1262	0.5991	Cofactor / Substrate Pocket Competitor	7538.5	59.8	False		None	True	2.77	Interaction with SRC (1-163); Interaction with CHRM2 (45-86); Interaction with TRAF6 (318-418); Disordered (353-375); Disordered (397-418)	25GN; 27EM; 6PWC; 6TKO; 6UP7; 7R0C; 7R0J; 7SRS; 8AS2; 8AS3	208	31	2	13	0.03	-2.12	81	87	45.3	26.71	3	98	17791.7	23253.4	0	4	 (res 250);  (res 255);  (res 324)	136	52	0.73	0.3
c11riboseqorf31_partner_04_TCF7L1	NAV2-AS2	lncRNA-ORF	4	TCF7L1	Q9HCS4	0.1247	0.1758	Allosteric Regulatory Surface / Novel Epitope	3873.9	0.0	False		None	False		Disordered (203-234)	None	123	14	0	32	0.076	-15.52	28	58	90.3	28.84	0	54	3456.9	21399.7	0	0	None	0	0	0.38	0.39
c15riboseqorf76_partner_02_CRK	PEAK1	uORF	1B	CRK	P46108	0.1234	0.3389	Shared Physiological Complex Interface	1131.9	35.3	False		None	False		SH2 (13-118); Disordered (61-85)	1JU5	28	2	0	0	0.183	-11.93	9	17	42.9	22.83	2	18	2725.1	19684.4	0	0	None	49	6	0.62	0.33
c15norep107_partner_01_MTHFD2	ST20-MTHFS	uORF	1B	MTHFD2	P13995	0.1246	0.757	Allosteric Regulatory Surface / Novel Epitope	2298.7	10.7	False		None	False	13.55	N/A	5TC4; 6JIB; 6JID; 6KG2; 6S4A; 6S4E; 6S4F; 7EHJ; 7EHM; 7EHN	65	7	1	8	0.089	-3.98	26	28	50.0	25.48	0	33	4246.9	18991.4	0	5	None	39	3	0.82	0.29
c1riboseqorf177_partner_05_PI4K2B	PI4KB	uORF	1B	PI4K2B	Q8TCG2	0.1239	0.629	Cofactor / Substrate Pocket Competitor	4742.5	0.0	False		None	True	2.05	PI3K/PI4K catalytic (120-451); G-loop (126-132); Important for interaction with membranes (161-174); Important for interaction with membranes (264-272); Catalytic loop (301-309); Activation loop (342-362); Important for interaction with membranes (357-366)	None	111	6	4	13	0.049	-4.46	40	57	72.7	26.82	0	59	5667.3	27676.5	0	5	 (res 257);  (res 259);  (res 260);  (res 271);  (res 344)	0	0	0.65	0.24
c13riboseqorf12_partner_01_SLC46A3	SLC46A3	uORF	1B	SLC46A3	Q7Z3Q1	0.1242	0.6118	Allosteric Regulatory Surface / Novel Epitope	2094.9	0.0	False		None	False		N/A	None	40	3	1	3	0.081	-13.97	16	31	20.0	24.41	1	21	11669.9	23524.7	0	0	None	0	0	0.76	0.61
c11norep30_partner_07_EIF4E	EIF4G2	intORF	1B	EIF4E	P06730	0.1231	0.6539	Cofactor / Substrate Pocket Competitor	5171.0	73.1	False		None	True	1.29	Disordered (1-30); EIF4EBP1/2/3 binding (37-40); EIF4EBP1/2/3 binding (73-77); EIF4EBP1/2/3 binding (132-139)	1WKW; 2V8W; 2V8X; 2V8Y; 2W97; 3AM7; 3U7X; 4AZA; 4BEA; 4UED	122	5	5	16	0.04	-6.96	46	67	62.2	24.86	1	74	8209.1	13664.3	0	4	 (res 56);  (res 57);  (res 102);  (res 103);  (res 157);  (res 159);  (res 160);  (res 161);  (res 162)	92	49	0.79	0.37
c1riboseqorf253_partner_03_NCBP3	ZC3H11A	uORF	1B	NCBP3	Q53F19	0.1231	0.2862	Allosteric Regulatory Surface / Novel Epitope	5882.1	10.7	False		None	False		Disordered (15-42); RNA recognition motif (RRM) domain (126-187); Disordered (332-419); Disordered (436-620)	8BY6	125	14	1	30	0.038	-0.2	44	75	100.0	28.5	1	55	4803.3	46846.6	0	0	None	12	8	0.49	0.43
c17norep98_partner_01_UBC	LINC00910	lncRNA	1B	UBC	P0CG48	0.1232	0.2218	Allosteric Regulatory Surface / Novel Epitope	4201.3	22.2	False		None	False		Ubiquitin-like 1 (1-76); Ubiquitin-like 2 (77-152); Ubiquitin-like 4 (229-304); Ubiquitin-like 5 (305-380); Ubiquitin-like 6 (381-456); Ubiquitin-like 7 (457-532)	7EB9; 7YUI; 8Q7R	101	9	3	12	0.048	-11.05	39	54	67.2	28.08	0	43	6594.4	39369.6	0	0	None	189	12	0.76	0.28
c8riboseqorf85_partner_02_OAZ3	AZIN1	uORF	1B	OAZ3	Q9UMX2	0.123	0.469	Allosteric Regulatory Surface / Novel Epitope	5256.1	0.0	False		None	False		N/A	None	143	22	1	13	0.052	-38.33	41	67	75.9	22.45	4	76	5739.3	15285.1	0	0	None	0	0	0.52	0.32
cXriboseqorf58_partner_01_MRGBP	MORF4L2	uORF	1B	MRGBP	Q9NV56	0.123	0.3051	Allosteric Regulatory Surface / Novel Epitope	1090.1	20.0	False		None	False		N/A	2N1D	23	0	0	9	0.17	-9.23	9	15	47.4	23.13	1	9	2129.9	16023.7	0	0	None	25	3	0.55	0.5
c20riboseqorf31_partner_06_UBC	ITCH	uORF	2B	UBC	P0CG48	0.1228	0.2262	Shared Physiological Complex Interface	1136.0	47.1	False		None	False		Ubiquitin-like 6 (381-456); Ubiquitin-like 7 (457-532)	7EB9; 7YUI	27	1	0	6	0.176	-7.86	9	17	56.2	27.81	0	13	2088.2	38360.6	0	0	None	189	8	0.77	0.23
c7riboseqorf43_partner_03_COA3	COA1	uoORF	1B	COA3	Q9Y2R0	0.1227	0.2408	Peripheral Surface Interaction	585.5	0.0	False		None	False		N/A	None	8	2	0	3	0.229	-12.81	7	5	28.0	18.17	0	1	2537.4	10641.7	0	0	None	0	0	0.58	0.51
c19riboseqorf66_partner_01_URI1	URI1	uORF	1B	URI1	O94763	0.1228	0.3186	Allosteric Regulatory Surface / Novel Epitope	1829.1	0.0	False		None	False		N/A	None	32	4	1	7	0.081	-8.97	18	22	34.0	28.22	0	12	8020.7	63169.2	0	0	None	0	0	0.73	0.57
c22riboseqorf6_partner_04_DDX17	DGCR8	uORF	4	DDX17	Q92841	0.1226	0.4815	Cofactor / Substrate Pocket Competitor	1150.3	0.0	False		None	True	2.52	Helicase ATP-binding (202-377); Transactivation domain (547-729); Disordered (659-729)	None	28	4	0	4	0.164	-18.92	9	19	56.2	29.12	0	11	1861.1	40890.1	0	1	 (res 217);  (res 218);  (res 219);  (res 220);  (res 221);  (res 222)	0	0	0.68	0.33
c6norep53_partner_02_PLIN2	BTN3A2	dORF	1A	PLIN2	Q99541	0.1247	0.3394	Allosteric Regulatory Surface / Novel Epitope	1434.8	0.0	False		None	False		N/A	None	43	1	5	4	0.158	-3.33	16	17	7.1	23.88	2	17	12410.6	29108.8	0	0	None	0	0	0.54	0.66
c3riboseqorf49_partner_01_DUSP5	SNRK	uORF	1B	DUSP5	Q16690	0.1223	0.49	Active Site Cleft Occlusion / Proximal Inhibitor	2545.1	27.0	False	5.18	None	False		Rhodanese (19-141); Tyrosine-protein phosphatase (178-319)	2G6Z	67	5	2	4	0.07	-4.5	26	37	66.7	25.69	0	40	4386.3	19674.3	1	0	None	36	10	0.74	0.33
c10norep38_partner_03_WASF1	ABI1	intORF	1B	WASF1	Q92558	0.1226	0.2329	Shared Physiological Complex Interface	1395.1	50.0	False		None	False		Disordered (304-400); Disordered (412-491)	3P8C; 4N78; 7USC; 7USD; 7USE	28	0	0	12	0.117	-17.66	15	16	32.6	27.58	0	9	4644.2	51581.0	0	0	None	130	8	0.56	0.43
c6norep46_partner_05_NXF1	NUP153-AS1	lncRNA-ORF	2B	NXF1	Q9UBU9	0.1229	0.3473	Allosteric Regulatory Surface / Novel Epitope	3887.0	23.2	False		None	False		NTF2 (386-536)	1JKG; 1JN5; 4WYK; 6E5U; 9I8A	104	10	5	13	0.052	-9.53	36	56	37.5	26.01	0	47	8317.8	41279.3	0	0	None	146	13	0.74	0.34
c4riboseqorf75_partner_01_INTS12	GSTCD	uoORF	1B	INTS12	Q96CB8	0.1227	0.2355	Peripheral Surface Interaction	413.8	0.0	False		None	False		N/A	None	4	0	0	3	0.5	-9.52	2	4	1.8	20.27	0	1	15432.9	55081.4	0	0	None	0	0	0.8	0.52
c14norep77_partner_02_CDC42	MAP3K9	uoORF	1A	CDC42	P60953	0.1223	0.5229	Cofactor / Substrate Pocket Competitor	5274.3	93.7	False		None	True	1.84	N/A	1A4R; 1AM4; 1CEE; 1CF4; 1DOA; 1E0A; 1EES; 1GZS; 1KI1; 1KZ7	137	19	3	13	0.043	-3.5	50	63	31.1	23.86	0	70	15480.7	11521.0	0	25	 (res 13);  (res 13);  (res 14);  (res 14);  (res 15);  (res 15);  (res 16);  (res 16);  (res 17);  (res 17);  (res 17);  (res 18);  (res 18);  (res 35);  (res 116);  (res 116);  (res 118);  (res 118);  (res 159);  (res 159);  (res 160);  (res 160)	123	59	0.76	0.32
c17riboseqorf79_partner_03_KRT2	KRT10	dORF	1B	KRT2	P35908	0.1218	0.2401	Allosteric Regulatory Surface / Novel Epitope	1147.6	0.0	False		None	False		IF rod (178-491); Coil 1B (233-324); Coil 2 (349-487)	None	21	1	0	9	0.167	-9.86	9	14	45.0	28.39	1	9	2538.4	49428.5	0	0	None	0	0	0.53	0.38
c18riboseqorf18_partner_01_RALA	RALBP1	uORF	1B	RALA	P11233	0.1213	0.7357	Active Site Cleft Occlusion / Proximal Inhibitor	1134.3	46.2	False		None	False	6.82	N/A	1UAD; 1ZC3; 1ZC4	32	3	0	0	0.176	-7.01	14	13	63.6	20.45	1	18	2635.2	12869.2	0	3	None	56	6	0.79	0.33
c1norep72_partner_03_EIF5A	ADGRB2	uORF	1B	EIF5A	P63241	0.1211	0.6677	Shared Physiological Complex Interface	1071.3	52.9	False		None	False		Interaction with DOHH (20-90)	5DLQ	33	2	2	2	0.176	-6.13	11	17	68.8	18.81	0	16	2230.1	10545.5	0	0	None	43	9	0.79	0.31
c19norep57_partner_03_NFE2L2	KEAP1	uoORF	1B	NFE2L2	Q16236	0.1215	0.2366	Allosteric Regulatory Surface / Novel Epitope	1507.9	5.9	False		None	False		bZIP (497-560); Disordered (571-605); Mediates interaction with CHD6 and is necessary to activate transcription (591-596)	7X5G	36	4	0	7	0.118	-14.15	18	17	72.0	28.44	0	17	2493.6	49275.9	0	0	None	56	1	0.48	0.57
c17norep110_partner_01_SCN4B	nan	mixed	1B	SCN4B	Q8IWT1	0.1213	0.4886	Allosteric Regulatory Surface / Novel Epitope	832.0	18.2	False		None	False		Ig-like C2-type (31-148)	5XAW; 7DTD	14	0	0	2	0.182	-7.69	7	11	7.1	26.24	2	5	14181.7	19174.5	0	0	None	27	2	0.85	0.64
c16norep106_partner_03_DSCC1	CHTF8	intORF	1B	DSCC1	Q9BVC3	0.1209	0.6967	Allosteric Regulatory Surface / Novel Epitope	2094.6	0.0	False		None	False		N/A	None	45	5	0	8	0.086	-16.54	21	25	58.3	27.84	0	23	3639.9	24709.0	0	0	None	0	0	0.79	0.3
c11riboseqorf106_partner_02_PPARG	UCP2	uORF	1B	PPARG	P37231	0.122	0.4749	Cofactor / Substrate Pocket Competitor	7434.0	60.0	False		None	True	4.13	NR LBD (238-503); Interaction with FAM120B (205-280)	1FM6; 1FM9; 1K74; 1KNU; 1NYX; 1PRG; 1RDT; 1WM0; 1ZEO; 1ZGY	200	12	8	24	0.028	-9.58	84	85	58.3	28.44	2	97	12136.1	29046.6	0	4	 (res 315)	159	51	0.65	0.33
c2norep270_partner_04_ADCK1	ENSG00000224090	lncRNA-ORF	4	ADCK1	Q86TW2	0.1214	0.671	Allosteric Regulatory Surface / Novel Epitope	5916.4	0.0	False	10.72	None	False	19.51	Protein kinase (155-467)	None	150	12	0	15	0.046	-14.36	51	64	61.4	26.74	3	83	9144.2	30256.8	1	2	None	0	0	0.74	0.27
c6norep46_partner_07_NUP54	NUP153-AS1	lncRNA-ORF	2B	NUP54	Q7Z3B4	0.1213	0.4041	Allosteric Regulatory Surface / Novel Epitope	4717.0	3.0	False		None	False		9 X 2 AA repeats of F-G (5-445)	4JNU; 4JNV; 4JO7; 4JO9	115	14	3	24	0.04	-6.25	43	67	44.8	25.58	1	51	9105.9	36027.9	0	0	None	43	2	0.69	0.34
c16norep46_partner_01_DDX6	TNRC6A	intORF	1B	DDX6	P26196	0.121	0.4871	Known Macromolecular Subunit Competitor / Adaptor	2452.5	86.7	False		None	False	30.01	Helicase C-terminal (308-468); Gyf binding (286-316); RecA-like domain 2 (307-483)	2WAX; 2WAY; 4CRW; 4CT4; 5ANR; 6F9S; 6S8S	55	4	1	5	0.08	-14.58	23	30	35.4	24.3	2	29	7705.7	28793.9	0	1	None	98	26	0.75	0.34
c12riboseqorf145_partner_03_RAC1	TAOK3	uORF	1B	RAC1	P63000	0.1206	0.6792	Cofactor / Substrate Pocket Competitor	1442.3	50.0	False		None	True	2.08	N/A	1E96; 1FOE; 1HE1; 1HH4; 1I4D; 1I4L; 1I4T; 2H7V; 2NZ8; 2P2L	35	3	3	4	0.145	-14.64	11	22	68.8	20.74	0	16	2097.9	11521.8	0	22	 (res 12);  (res 13);  (res 14);  (res 15);  (res 18);  (res 31);  (res 32);  (res 34);  (res 35);  (res 35);  (res 116);  (res 118);  (res 119);  (res 159);  (res 160)	91	11	0.67	0.26
c2norep136_partner_01_TUBA1A	TTL	intORF	1B	TUBA1A	Q71U36	0.1207	0.8423	Cofactor / Substrate Pocket Competitor	5014.3	49.4	False	5.85	None	True	2.32	Disordered (432-451)	22AJ; 22AK; 5JCO; 6WSL; 7C1M; 7UN1; 8SH7; 9OX7; 9WD7; 9WD9	166	23	3	12	0.051	-33.22	39	83	66.1	26.0	2	95	6862.9	19460.4	1	9	 (res 11);  (res 71);  (res 71);  (res 140);  (res 179);  (res 206);  (res 228)	167	41	0.85	0.22
c13norep17_partner_05_RELA	HMGB1	uORF	2B	RELA	Q04206	0.1207	0.4887	Allosteric Regulatory Surface / Novel Epitope	1712.3	4.5	False		None	False		RHD (19-306)	1NFI	45	8	0	1	0.093	-4.49	22	22	48.9	27.6	0	22	5035.4	33893.8	0	0	None	87	1	0.65	0.39
c8riboseqorf12_partner_03_XRCC1	NEIL2	uoORF	1B	XRCC1	P18887	0.1208	0.291	Allosteric Regulatory Surface / Novel Epitope	2605.6	0.0	False		None	False		BRCT 2 (538-629)	None	68	4	0	12	0.09	-6.59	27	28	42.9	28.61	3	32	4991.0	45661.9	0	0	None	62	0	0.63	0.32
c16norep119_partner_08_SMAD3	ZFHX3-AS1	lncRNA-ORF	4	SMAD3	P84022	0.121	0.4946	Known Macromolecular Subunit Competitor / Adaptor	2160.7	66.7	False		None	False	10.46	MH1 (10-136); MH2 (232-425); Sufficient for interaction with XPO4 (271-324)	1MHD; 1MK2; 1OZJ; 1U7F; 5OD6; 5ODG; 5XOC; 6ZMN	48	4	0	4	0.085	-13.66	21	27	13.6	28.07	0	24	9036.3	26691.1	0	4	None	171	18	0.74	0.36
c7riboseqorf131_partner_01_XRCC6	CYREN	dORF	1B	XRCC6	P12956	0.1205	0.5	Known Macromolecular Subunit Competitor / Adaptor	2895.6	97.1	False	21.42	None	False		Ku (261-468); Disordered (1-28); DNA-binding (277-341); Interaction with XRCC5 (373-482)	1JEQ; 1JEY; 5Y3R; 6ERF; 6ERG; 6ERH; 6ZHA; 6ZHE; 7AXZ; 7K0Y	68	8	0	8	0.074	-11.28	27	34	45.8	28.13	1	33	5330.3	42325.5	1	0	None	403	33	0.73	0.37
c8riboseqorf102_partner_01_WASHC3	WASHC5	uORF	1B	WASHC3	Q9Y3C0	0.1201	0.2471	Peripheral Surface Interaction	483.8	0.0	False		None	False		N/A	None	9	0	0	2	0.375	-13.41	4	6	20.0	20.78	0	7	2599.8	18011.1	0	0	None	0	0	0.58	0.55
c7riboseqorf44_partner_01_MT-ND2	COA1	uORF	1B	MT-ND2	P03891	0.1202	0.7716	Known Macromolecular Subunit Competitor / Adaptor	1656.7	100.0	False		None	False		N/A	5XTC; 5XTD; 9CWT; 9I4I; 9TI4	24	0	0	12	0.094	-12.55	15	17	23.1	25.71	0	9	7159.6	15971.7	0	0	None	168	17	0.79	0.56
c4riboseqorf2_partner_08_HIC1	CTBP1	uORF	1B	HIC1	Q14526	0.1204	0.2569	Allosteric Regulatory Surface / Novel Epitope	1965.0	0.0	False		None	False		BTB (47-110); Disordered (241-421)	None	54	9	0	8	0.159	-15.92	10	34	31.2	29.21	0	24	4211.9	44818.6	0	0	None	0	0	0.53	0.42
c12norep55_partner_02_XKR8	ANO6	uORF	1B	XKR8	Q9H6D3	0.12	0.7474	Allosteric Regulatory Surface / Novel Epitope	1617.2	0.0	False		None	False	34.81	N/A	None	44	5	0	7	0.131	-7.08	14	24	60.9	26.55	0	19	2924.1	20955.4	0	3	None	22	0	0.73	0.28
c12riboseqorf41_partner_01_ACTB	LINC00938	lncRNA-ORF	1B	ACTB	P60709	0.1203	0.7316	Known Macromolecular Subunit Competitor / Adaptor	6953.4	91.1	False		None	False		N/A	3BYH; 3J82; 3LUE; 6ANU; 6LTJ; 6NBW; 7P1H; 7QJ6; 7QJ9; 7VDV	183	18	5	18	0.03	-22.38	67	90	55.8	26.74	4	96	12180.0	17590.4	0	0	None	264	82	0.86	0.26
c5riboseqorf144_partner_04_RRP8	ZFP62	uoORF	1B	RRP8	O43159	0.1201	0.4867	Allosteric Regulatory Surface / Novel Epitope	1831.8	0.0	False		None	False	12.58	Disordered (1-39); Disordered (52-231)	None	31	1	2	6	0.096	-8.36	18	18	46.2	26.51	1	13	4788.0	37121.2	0	6	None	0	0	0.69	0.58
c16norep37_partner_06_MRPS5	ENSG00000260592	lncRNA-ORF	4	MRPS5	P82675	0.1199	0.503	Known Macromolecular Subunit Competitor / Adaptor	2962.5	70.6	False		None	False		N/A	6RW4; 6RW5; 7P2E; 7PNX; 7PNY; 7PNZ; 7PO0; 7PO1; 7PO2; 7PO3	63	4	2	10	0.071	2.95	26	34	42.6	27.42	2	34	7252.3	37670.5	0	0	None	207	24	0.73	0.48
c19riboseqorf51_partner_03_UBC	AC074135.1	lncRNA	1B	UBC	P0CG48	0.1197	0.2245	Allosteric Regulatory Surface / Novel Epitope	1950.0	19.4	False		None	False		Ubiquitin-like 1 (1-76); Ubiquitin-like 3 (153-228); Ubiquitin-like 4 (229-304); Ubiquitin-like 6 (381-456); Ubiquitin-like 7 (457-532)	7EB9; 7YUI	45	4	2	3	0.097	-7.97	15	31	62.5	28.54	1	22	2751.0	41080.4	0	0	None	189	6	0.76	0.25
c14riboseqorf41_partner_01_ELOC	SOCS4	uORF	1B	ELOC	Q15369	0.1194	0.4857	Known Macromolecular Subunit Competitor / Adaptor	2366.7	100.0	False		None	False		N/A	1LM8; 1LQB; 1VCB; 29HO; 2C9W; 2IZV; 2MA9; 3DCG; 3ZKJ; 3ZNG	50	7	0	10	0.087	-12.83	24	24	60.0	19.8	1	23	4493.3	7783.8	0	0	None	105	24	0.59	0.4
c21norep9_partner_03_ACTB	LINC00158	lncRNA	1B	ACTB	P60709	0.1193	0.844	Known Macromolecular Subunit Competitor / Adaptor	2198.3	69.7	False		None	False		N/A	3BYH; 3J82; 3LUE; 6ANU; 6ICT; 6ICV; 6MBJ; 6MBK; 6MBL; 6NBW	62	3	1	5	0.111	-5.25	17	33	81.0	25.74	2	36	2336.6	17136.7	0	0	None	264	23	0.85	0.27
c17norep109_partner_06_TRAF3	MAP3K14-AS1	lncRNA-ORF	4	TRAF3	Q13114	0.1198	0.3323	Known Macromolecular Subunit Competitor / Adaptor	4129.0	67.8	False		None	False		MATH (415-560); Disordered (1-28); (Microbial infection) Interaction with glycoprotein N of Andes and New York hantaviruses (392-415)	1FLK; 1FLL; 1KZZ; 1L0A; 1RF3; 1ZMS; 2GKW; 8T5P; 8ZUK	114	10	1	9	0.054	0.37	36	59	72.0	28.09	0	66	6095.1	41833.9	0	0	None	94	40	0.79	0.34
c18norep12_partner_02_HOMER3	DLGAP1-AS2	lncRNA-ORF	1B	HOMER3	Q9NSC5	0.1199	0.2969	Allosteric Regulatory Surface / Novel Epitope	3605.5	16.2	False		None	False		WH1 (1-113); Required for interaction with NFATC2 (1-80)	3CVF	77	6	3	17	0.056	0.41	37	37	32.7	24.64	1	34	8641.4	26404.3	0	0	None	18	6	0.64	0.34
c7riboseqorf18_partner_09_SUCLG1	SNX13	uORF	1B	SUCLG1	P53597	0.119	0.7398	Cofactor / Substrate Pocket Competitor	3003.2	39.5	False	20.9	None	True	2.21	N/A	6G4Q; 6WCV; 7MSR; 7MSS; 7MST; 8Z02; 8Z03; 9SWJ	82	6	0	7	0.064	-9.27	30	43	57.7	25.49	1	47	6166.6	16573.2	1	4	 (res 66);  (res 90);  (res 145);  (res 207)	67	17	0.82	0.33
c12riboseqorf163_partner_02_RFLNA	ZNF664	uORF	1B	RFLNA	Q6ZTI6	0.1186	0.1736	Allosteric Regulatory Surface / Novel Epitope	3022.7	0.0	False		None	False		Disordered (1-83)	None	95	11	1	7	0.116	-24.84	19	43	73.1	20.13	0	53	3430.1	17838.8	0	0	None	0	0	0.35	0.3
c2riboseqorf55_partner_02_WBP2	WBP1	uORF	1B	WBP2	Q969T9	0.1187	0.4066	Allosteric Regulatory Surface / Novel Epitope	1021.5	0.0	False		None	False		GRAM (1-84)	None	24	3	0	4	0.167	-5.97	12	12	33.3	21.86	0	9	4519.8	21290.2	0	0	None	0	0	0.6	0.41
c2norep270_partner_09_GK2	ENSG00000224090	lncRNA-ORF	4	GK2	Q14410	0.1195	0.7795	Cofactor / Substrate Pocket Competitor	5792.6	0.0	False		None	True	4.39	N/A	None	152	14	3	27	0.041	-7.65	53	70	63.9	28.06	0	79	8436.3	22387.9	0	22	 (res 281);  (res 281)	0	0	0.85	0.27
c17riboseqorf58_partner_03_DNAJC7	KIAA0100	intORF	1B	DNAJC7	Q99615	0.1193	0.649	Peripheral Surface Interaction	718.8	0.0	False		None	False		N/A	None	14	1	3	1	0.2	-7.69	7	10	9.6	26.82	1	5	5367.5	28452.7	0	0	None	0	0	0.84	0.39
c12riboseqorf13_partner_02_CLPX	ENSG00000272173	lncRNA-ORF	2B	CLPX	O76031	0.1192	0.5114	Active Site Cleft Occlusion / Proximal Inhibitor	1577.3	0.0	False		None	False	5.35	ClpX-type ZB (93-146)	None	29	0	1	10	0.138	-8.77	15	14	26.3	27.93	0	13	6142.5	44611.5	0	5	None	111	0	0.61	0.41
c4riboseqorf111_partner_03_DLEU7	GASK1B	uoORF	1B	DLEU7	Q6UYE1	0.1185	0.2682	Allosteric Regulatory Surface / Novel Epitope	1547.3	0.0	False		None	False		N/A	None	35	3	0	7	0.137	-13.68	15	17	65.2	19.97	0	18	2597.8	18099.1	0	0	None	0	0	0.41	0.34
c8norep144_partner_03_ARF4	ASAP1	intORF	1B	ARF4	P18085	0.1184	0.7022	Cofactor / Substrate Pocket Competitor	1358.8	0.0	False		None	True	2.68	N/A	None	37	4	2	2	0.16	-11.43	11	21	22.0	18.79	2	15	5490.8	9044.9	0	3	 (res 128);  (res 129)	0	0	0.76	0.34
c1norep182_partner_03_CD81	IGSF3	uORF	1B	CD81	P60033	0.118	0.4651	Shared Physiological Complex Interface	2446.5	38.2	False		None	False	15.13	N/A	1G8Q; 1IV5; 3X0E; 5DFV; 5DFW; 5M2C; 5M33; 5M3D; 5M3T; 5M4R	58	2	1	9	0.071	-19.55	24	34	68.6	21.78	1	34	3976.4	14809.4	0	1	None	72	13	0.58	0.37
c3riboseqorf162_partner_03_IFT81	IFT80	uORF	1B	IFT81	Q8WYA0	0.1179	0.2684	Peripheral Surface Interaction	73.8	0.0	False		None	False		N/A	None	1	0	0	0	1.0	-10.0	1	1	5.3	26.81	0	1	2587.4	53879.6	0	0	None	0	0	0.64	0.36
cXriboseqorf44_partner_04_GAPDH	JPX	lncRNA	1B	GAPDH	P04406	0.1175	0.884	Cofactor / Substrate Pocket Competitor	3691.0	9.1	False	5.05	None	True	1.94	Interaction with WARS1 (2-148)	1U8F; 1ZNQ; 27FM; 3GPD; 4WNC; 4WNI; 6ADE; 6IQ6; 6M61; 6YND	110	7	0	11	0.062	-20.05	32	55	97.0	25.48	0	69	3586.5	15444.9	1	9	 (res 13);  (res 14);  (res 35);  (res 80);  (res 122);  (res 151);  (res 153);  (res 182);  (res 211);  (res 212);  (res 234)	82	5	0.93	0.25
c15norep8_partner_03_CHGB	SCG5	intORF	1B	CHGB	P05060	0.118	0.1407	Allosteric Regulatory Surface / Novel Epitope	1949.6	0.0	False		None	False		Disordered (64-463); Disordered (475-512)	None	59	8	1	4	0.116	-11.66	15	34	88.2	29.21	0	29	2063.6	29271.7	0	0	None	0	0	0.34	0.23
c9riboseqorf13_partner_01_IFNK	MOB3B	uORF	1B	IFNK	Q9P0W0	0.1171	0.6366	Peripheral Surface Interaction	200.7	0.0	False		None	False		N/A	None	2	0	0	0	0.5	-10.02	2	2	12.5	20.94	0	0	2423.1	15230.2	0	0	None	0	0	0.69	0.48
c11norep50_partner_04_TCF7L1	NAV2-AS2	lncRNA-ORF	4	TCF7L1	Q9HCS4	0.119	0.1889	Allosteric Regulatory Surface / Novel Epitope	7497.6	0.0	False		None	False		Disordered (1-101); CTNNB1-binding (1-74); Disordered (409-506)	None	215	19	5	28	0.032	-7.64	71	95	68.9	28.38	2	105	7463.7	32503.9	0	0	None	0	0	0.38	0.29
c2norep183_partner_03_NOSIP	NOSTRIN	uORF	4	NOSIP	Q9Y314	0.117	0.4971	Non-Interacting / Dissociated	0.0	0.0	False		None	False		N/A	None	0	0	0	0	0.0	0.0	0	0	0.0		0	0			0	0	None	0	0	0.62	0.46
c6norep35_partner_02_GFOD2	GFOD1	uORF	1B	GFOD2	Q3B7J2	0.1171	0.8315	Allosteric Regulatory Surface / Novel Epitope	2514.0	0.0	False		None	False		N/A	None	82	8	1	6	0.106	-8.93	21	37	91.3	25.76	0	48	2360.4	17405.5	0	0	None	0	0	0.83	0.22
c8riboseqorf12_partner_05_NTHL1	NEIL2	uoORF	1B	NTHL1	P78549	0.1174	0.4084	Active Site Blocker / Competitive Decoy	2365.3	0.0	True	2.52	Nucleophile; for N-glycosylase activity (res 212)	False	15.18	HhH (191-215); Disordered (1-72)	None	64	7	3	6	0.083	-7.88	25	31	39.7	24.46	0	34	4599.6	18209.5	1	4	None	0	0	0.69	0.29
c17riboseqorf23_partner_03_GGA1	RABEP1	uORF	1B	GGA1	Q9UJY5	0.1172	0.2836	Known Macromolecular Subunit Competitor / Adaptor	1127.1	93.8	False		None	False		GAE (510-631)	1OM9; 2DWX	30	2	0	2	0.156	-12.53	12	16	27.9	27.02	0	15	5219.9	46637.9	0	0	None	116	15	0.67	0.59
c1riboseqorf199_partner_01_CLPX	ENSG00000229953	lncRNA-ORF	1B	CLPX	O76031	0.1171	0.5259	Peripheral Surface Interaction	686.3	0.0	False		None	False	10.53	N/A	None	13	1	0	1	0.271	-6.77	6	8	14.0	27.94	0	9	5889.2	44529.0	0	5	None	111	0	0.63	0.54
c8riboseqorf15_partner_07_CNOT8	CNOT7	uORF	1A	CNOT8	Q9UFF9	0.1167	0.7958	Cofactor / Substrate Pocket Competitor	1708.3	64.3	False		None	True	2.34	N/A	9E7U	57	8	3	5	0.136	-2.3	15	28	38.5	23.72	0	26	4766.3	14097.8	0	5	 (res 40);  (res 40);  (res 42);  (res 161);  (res 230)	41	18	0.87	0.34
c1riboseqorf163_partner_01_UBC	LINC01719	lncRNA	1B	UBC	P0CG48	0.1167	0.2218	Known Macromolecular Subunit Competitor / Adaptor	2381.3	81.8	False		None	False		Ubiquitin-like 1 (1-76); Ubiquitin-like 6 (381-456); Ubiquitin-like 7 (457-532); Ubiquitin-like 8 (533-608); Ubiquitin-like 9 (609-684)	1NBF; 2AYO; 2IBI; 2XEW; 2ZVN; 2ZVO; 3B08; 3B0A; 3IHP; 3MTN	55	7	0	5	0.093	-18.22	18	33	69.2	28.66	0	29	2876.7	39922.8	0	0	None	189	27	0.77	0.24
c1riboseqorf21_partner_01_SKP1	FBXO44	uORF	1B	SKP1	P63208	0.1161	0.469	Known Macromolecular Subunit Competitor / Adaptor	2711.4	96.6	False		None	False		Interaction with the F-box domain of F-box proteins (104-163)	11XU; 1FQV; 1FS1; 1FS2; 1LDK; 1P22; 29HG; 29HH; 29HI; 2ASS	63	5	3	16	0.068	-5.44	32	29	40.0	21.56	0	26	6074.5	11290.6	0	0	None	120	28	0.58	0.31
c10riboseqorf118_partner_04_PAK1	SHTN1	uORF	4	PAK1	Q13153	0.1162	0.6418	Shared Physiological Complex Interface	2067.7	40.0	False	11.14	None	False	13.59	Protein kinase (270-521); Disordered (1-77); Autoregulatory region (70-140); Disordered (159-198)	1F3M; 1ZSG; 3Q4Z; 4ZLO; 9N48; 9N4U; 9NBX	50	7	0	6	0.093	-16.6	18	30	85.7	27.22	0	26	2272.3	31035.9	1	3	None	116	12	0.68	0.27
c20norep82_partner_01_ZBTB14	ADNP	intORF	1B	ZBTB14	O43829	0.1157	0.2983	Allosteric Regulatory Surface / Novel Epitope	1780.1	0.0	False		None	False		BTB (36-102)	None	40	7	0	4	0.107	-20.68	17	22	26.2	27.48	0	21	6517.8	34870.8	0	0	None	0	0	0.58	0.37
c3norep203_partner_02_RUNX1	MECOM	uORF	1B	RUNX1	Q01196	0.1156	0.3015	Allosteric Regulatory Surface / Novel Epitope	1853.4	0.0	False		None	False	21.41	Runt (50-178)	None	43	6	3	4	0.11	-2.64	17	23	58.6	26.98	0	20	3008.8	31546.2	0	4	None	34	0	0.46	0.43
c2norep207_partner_01_TCAP	TTN-AS1	lncRNA-ORF	1B	TCAP	O15273	0.1155	0.1512	Shared Physiological Complex Interface	6489.0	41.7	False		None	False		Disordered (144-167)	1YA5; 2F8V	150	17	0	29	0.035	-28.86	60	72	78.9	22.35	2	71	6614.5	15470.2	0	0	None	70	30	0.32	0.25
c11riboseqorf108_partner_03_MAD2L2	AP001372.2	lncRNA	1A	MAD2L2	Q9UI95	0.1167	0.4019	Known Macromolecular Subunit Competitor / Adaptor	6771.2	88.5	False		None	False		HORMA (13-203); Mediates interaction with REV1 and REV3L and homodimerization (21-155); Mediates interaction with ipaB (150-211)	3ABD; 3ABE; 3VU7; 4EXT; 4GK0; 4GK5; 5XPT; 5XPU; 6BC8; 6BCD	168	20	1	17	0.032	-7.99	60	87	17.2	26.55	2	82	27340.1	11979.4	0	0	None	141	77	0.71	0.52
c1norep113_partner_01_DTYMK	CMPK1	intORF	1B	DTYMK	P23919	0.1154	0.7765	Known Macromolecular Subunit Competitor / Adaptor	1609.1	70.0	False		None	False	14.6	N/A	1E2D; 1E2E; 1E2F; 1E2G; 1E2Q; 1E98; 1E99; 1E9A; 1E9B; 1E9C	34	3	1	7	0.1	-6.38	17	20	42.5	23.61	0	11	3914.7	10253.3	0	4	None	17	14	0.83	0.37
c19riboseqorf4_partner_03_CAB39L	STK11	uORF	1A	CAB39L	Q9H9S4	0.1166	0.6208	Allosteric Regulatory Surface / Novel Epitope	5812.1	11.1	False		None	False		N/A	3ZHP	147	9	5	20	0.033	5.29	61	72	29.2	26.78	0	86	20068.3	18547.2	0	0	None	13	8	0.88	0.32
c11riboseqorf17_partner_03_EIF4A1	EIF4G2	uORF	1B	EIF4A1	P60842	0.115	0.5784	Cofactor / Substrate Pocket Competitor	2269.3	42.4	False		None	True	2.18	Helicase ATP-binding (63-234); Helicase C-terminal (245-406)	6ZMW; 7PPZ; 7PQ0; 8HUJ	62	9	0	5	0.117	-11.09	16	33	100.0	26.87	0	33	2119.1	21449.7	0	1	 (res 78);  (res 79);  (res 80);  (res 81);  (res 83)	103	14	0.78	0.25
c17norep109_partner_01_TRAF6	MAP3K14-AS1	lncRNA-ORF	4	TRAF6	Q9Y4K3	0.1155	0.3593	Shared Physiological Complex Interface	2073.3	48.4	False		None	False		MATH (350-499); Interaction with TAX1BP1 (1-354); Interaction with TANK (355-522)	1LB5; 1LB6; 4Z8M; 5ZUJ; 6A33	49	8	2	5	0.088	-3.63	18	31	36.0	27.2	2	19	5277.2	34548.6	0	0	None	50	15	0.77	0.41
c4riboseqorf30_partner_02_SLC30A7	SLC30A9	uORF	1B	SLC30A7	Q8NEW0	0.1154	0.5587	Shared Physiological Complex Interface	1392.6	47.1	False		None	False		N/A	8J7T; 8J7U; 8J7V; 8J7W; 8J7X; 8J7Y; 8J80	27	5	1	5	0.132	-7.61	12	17	28.6	24.48	0	10	5265.7	26234.9	0	0	None	74	8	0.67	0.47
c1riboseqorf248_partner_08_SRSF1	IVNS1ABP	uORF	1B	SRSF1	Q07955	0.1147	0.303	Shared Physiological Complex Interface	2067.8	39.3	False		None	False		RRM 1 (16-91); RRM 2 (121-195); Disordered (88-134); Disordered (191-248); Interaction with SAFB1 (198-247)	2M8D; 3BEG; 4C0O	43	6	3	2	0.102	-8.54	15	28	62.5	23.96	0	20	2869.0	19780.9	0	0	None	71	11	0.59	0.36
c22riboseqorf6_partner_01_METTL14	DGCR8	uORF	4	METTL14	Q9HCE5	0.1145	0.6094	Known Macromolecular Subunit Competitor / Adaptor	1207.0	75.0	False		None	False		Interaction with METTL3 (278-287)	29VD; 29VJ; 5IL0; 5IL1; 5IL2; 5K7M; 5K7U; 5K7W; 5L6D; 5L6E	20	1	0	4	0.156	-10.67	8	16	50.0	26.89	0	15	1838.4	30148.0	0	0	None	75	12	0.69	0.26
c6norep97_partner_07_PSMB2	PSMB8-AS1	lncRNA-ORF	1B	PSMB2	P49721	0.1149	0.6614	Known Macromolecular Subunit Competitor / Adaptor	2224.5	87.5	False		None	False		N/A	22MM; 4R3O; 4R67; 5A0Q; 5GJQ; 5GJR; 5L4G; 5LE5; 5LEX; 5LEY	45	6	0	10	0.085	-5.85	22	24	34.9	22.25	1	23	5541.8	10950.8	0	0	None	103	21	0.74	0.35
c7norep236_partner_05_EN2	AC009403.1	lncRNA	1B	EN2	P19622	0.1144	0.2014	Allosteric Regulatory Surface / Novel Epitope	6246.0	0.0	False		None	False		Disordered (1-49); Disordered (95-206); Disordered (223-250)	None	181	24	1	15	0.041	-3.87	55	80	76.4	27.47	0	110	6310.6	24840.4	0	0	None	0	0	0.44	0.43
c5norep99_partner_01_IP6K3	PPIP5K2	uORF	1B	IP6K3	Q96PC2	0.114	0.6844	Allosteric Regulatory Surface / Novel Epitope	1888.7	0.0	False		None	False	9.63	N/A	None	57	7	0	1	0.17	-9.23	12	28	70.6	26.03	1	37	2608.7	22326.9	0	1	None	0	0	0.69	0.23
c1riboseqorf231_partner_01_UBC	GAS5	lncRNA	1B	UBC	P0CG48	0.1149	0.2149	Shared Physiological Complex Interface	4676.4	37.5	False		None	False		Ubiquitin-like 2 (77-152); Ubiquitin-like 4 (229-304); Ubiquitin-like 5 (305-380); Ubiquitin-like 6 (381-456); Ubiquitin-like 8 (533-608); Ubiquitin-like 9 (609-684)	11SY; 1F9J; 1GJZ; 2BGF; 2LVQ; 2O6V; 2ZVN; 2ZVO; 3ALB; 3AUL	107	9	0	21	0.049	-6.78	39	56	69.6	28.62	3	46	5502.6	40839.9	0	0	None	189	21	0.75	0.22
c4riboseqorf75_partner_05_PID1	GSTCD	uoORF	1B	PID1	Q7Z2X4	0.1143	0.424	Allosteric Regulatory Surface / Novel Epitope	4041.0	0.0	False		None	False		PID (93-250); Disordered (229-250)	None	90	11	5	19	0.062	-10.52	37	39	32.5	22.1	0	39	10409.0	18802.7	0	0	None	0	0	0.6	0.34
c21norep9_partner_01_LINC00158	LINC00158	lncRNA	1B	LINC00158	P58513	0.1136	0.1653	Allosteric Regulatory Surface / Novel Epitope	1529.8	0.0	False		None	False		N/A	None	35	4	0	5	0.194	-18.36	12	15	57.1	15.39	4	17	2330.0	7053.9	0	0	None	0	0	0.36	0.35
c20norep82_partner_03_CBX5	ADNP	intORF	1B	CBX5	P45973	0.1138	0.2641	Known Macromolecular Subunit Competitor / Adaptor	1736.8	94.7	False		None	False		Chromo 2; shadow subtype (121-179)	8UXQ; 9CDW; 9CEA; 9CMT	41	4	1	7	0.108	-12.88	20	19	30.8	22.83	0	17	5898.4	17084.3	0	0	None	97	18	0.58	0.39
c11norep39_partner_02_KCTD1	BTBD10	intORF	1B	KCTD1	Q719H9	0.1137	0.4326	Cofactor / Substrate Pocket Competitor	633.9	100.0	False		None	True	3.4	N/A	6S4L; 9FOI; 9FQ1	24	3	0	2	0.218	-13.53	11	10	27.5	22.4	0	7	4535.8	18039.9	0	1	 (res 222)	121	10	0.76	0.36
c9riboseqorf98_partner_02_EIF3F	PRRC2B	uoORF	1B	EIF3F	O00303	0.1134	0.458	Allosteric Regulatory Surface / Novel Epitope	1730.7	9.1	False		None	False		MPN (92-222)	6ZP4; 8PPL	29	2	1	4	0.088	-11.15	15	22	51.7	25.6	2	12	4026.2	26508.3	0	0	None	161	2	0.68	0.4
c12riboseqorf80_partner_01_SCN4B	nan	mixed	1B	SCN4B	Q8IWT1	0.1136	0.4825	Known Macromolecular Subunit Competitor / Adaptor	126.9	100.0	False		None	False		Ig-like C2-type (31-148)	5XAW; 7DTD	1	0	0	0	1.0	-10.0	1	1	1.1	8.65	0	1	12429.1	19021.4	0	0	None	27	1	0.83	0.54
c6norep53_partner_01_BTN3A1	BTN3A2	dORF	1A	BTN3A1	O00481	0.1157	0.3314	Shared Physiological Complex Interface	1634.9	57.9	False		None	False		B30.2/SPRY (322-513)	8JYC; 8JYE; 8ZA9; 8ZAA; 8ZHR; 8ZJX; 8ZJY; 8ZJZ; 8ZK0; 8ZYR	38	1	2	4	0.105	-11.78	19	19	8.4	27.3	0	20	12584.8	30904.7	0	0	None	164	11	0.79	0.63
c12riboseqorf52_partner_03_INO80E	MCRS1	uoORF	1B	INO80E	Q8NBZ0	0.1133	0.207	Allosteric Regulatory Surface / Novel Epitope	2760.2	0.0	False		None	False		Disordered (63-236)	None	57	7	2	13	0.052	-3.02	32	34	69.6	26.19	2	12	4581.4	25566.8	0	0	None	0	0	0.48	0.41
c5riboseqorf9_partner_01_UBC	MIR4458HG	lncRNA	1B	UBC	P0CG48	0.1134	0.2293	Known Macromolecular Subunit Competitor / Adaptor	2912.3	76.3	False		None	False		Ubiquitin-like 1 (1-76); Ubiquitin-like 7 (457-532); Ubiquitin-like 8 (533-608); Ubiquitin-like 9 (609-684)	11SY; 1GJZ; 2ZVN; 2ZVO; 3B08; 3B0A; 3DVN; 3IHP; 3MTN; 3N3K	63	5	0	7	0.066	-8.19	25	38	73.5	28.95	0	34	4404.6	37370.7	0	0	None	189	29	0.76	0.21
c2riboseqorf55_partner_09_INO80B	WBP1	uORF	1B	INO80B	Q9C086	0.1133	0.2078	Known Macromolecular Subunit Competitor / Adaptor	615.0	100.0	False		None	False		N/A	6HTS; 7ZI4; 9GCG; 9GE5; 9GEV; 9GFB	15	2	0	2	0.238	-10.07	9	7	25.0	23.83	0	5	4816.2	41333.8	0	0	None	76	7	0.8	0.62
c9riboseqorf24_partner_01_NR0B2	CREB3	processed_transcript	1B	NR0B2	Q15466	0.1133	0.5817	Allosteric Regulatory Surface / Novel Epitope	3230.2	0.0	False		None	False		NR LBD (16-257)	None	78	7	1	18	0.062	-8.96	30	42	48.4	22.78	1	39	6008.4	15786.3	0	0	None	18	0	0.67	0.32
c20riboseqorf47_partner_02_METTL4	PCIF1	uORF	1B	METTL4	Q8N3J2	0.1133	0.7143	Allosteric Regulatory Surface / Novel Epitope	1363.2	0.0	False		None	False		N/A	None	37	1	0	7	0.136	-8.7	16	17	34.0	25.71	0	25	5649.1	28592.4	0	0	None	0	0	0.73	0.35
c7riboseqorf121_partner_03_SCN1B	nan	mixed	1B	SCN1B	Q07699	0.1127	0.4885	Allosteric Regulatory Surface / Novel Epitope	1337.0	10.0	False		None	False		Ig-like C2-type (22-150)	25IH; 25II; 6J8I; 6J8J; 7W77; 7W7F; 7W9L; 7W9T; 7XM9; 7XMF	24	0	4	1	0.133	-7.07	9	20	16.4	23.68	1	12	7666.9	16607.0	0	0	None	50	2	0.75	0.65
c1norep182_partner_05_IGSF8	IGSF3	uORF	1B	IGSF8	Q969P0	0.1129	0.5556	Allosteric Regulatory Surface / Novel Epitope	1160.1	0.0	False		None	False		Ig-like C2-type 4 (431-560)	None	24	4	1	2	0.132	-14.12	13	14	37.1	28.02	1	10	4291.9	35001.4	0	0	None	0	0	0.79	0.32
c1norep256_partner_01_CAPRIN1	PRRC2C	intORF	1B	CAPRIN1	Q14444	0.1129	0.3033	Allosteric Regulatory Surface / Novel Epitope	892.8	10.0	False		None	False		N/A	4WBE; 4WBP	19	2	0	0	0.211	-9.37	9	10	26.5	29.49	0	10	3903.5	47152.0	0	0	None	64	1	0.53	0.64
c4norep192_partner_03_ZIC2	TENM3	intORF	1B	ZIC2	O95409	0.1131	0.2679	Allosteric Regulatory Surface / Novel Epitope	6445.9	0.0	False		None	False		Necessary for interaction with MDFIC and transcriptional activation or repression (100-255)	None	164	18	1	24	0.035	-24.25	57	83	80.3	28.39	4	76	6680.6	32415.2	0	0	None	0	0	0.45	0.35
c7riboseqorf12_partner_01_ATG16L1	WIPI2	uORF	1B	ATG16L1	Q676U5	0.1125	0.5059	Known Macromolecular Subunit Competitor / Adaptor	299.9	100.0	False		None	False		N/A	7XFR; 8ZQG	3	0	0	2	0.333	-10.5	3	3	12.5	28.23	0	0	2861.5	40052.3	0	0	None	105	3	0.77	0.45
c17riboseqorf80_partner_02_IVL	KRT10	dORF	1B	IVL	P07476	0.1125	0.3293	Allosteric Regulatory Surface / Novel Epitope	2861.6	0.0	False		None	False		Disordered (1-132); Disordered (149-540); 39 X 10 AA approximate tandem repeats of [LP]-[EKG]-[LHVYQEK]-[PLSQE]-[EQDV]-[QHEKRGA]-Q-[EMVQLP]-[GKLE]-[QHVNLD] (153-542)	None	62	9	1	6	0.084	-2.67	21	35	72.4	27.34	0	34	4202.1	38195.7	0	0	None	0	0	0.49	0.19
c8riboseqorf55_partner_01_UBC	SNHG6	lncRNA	1B	UBC	P0CG48	0.1122	0.2038	Shared Physiological Complex Interface	1176.3	55.6	False		None	False		Ubiquitin-like 3 (153-228); Ubiquitin-like 7 (457-532)	5H07; 7YUI	26	2	0	6	0.206	-3.67	7	18	30.4	28.47	2	9	2875.1	39533.8	0	0	None	189	10	0.76	0.26
c2riboseqorf115_partner_03_TWNK	FASTKD1	uORF	1B	TWNK	Q96RR1	0.1123	0.638	Allosteric Regulatory Surface / Novel Epitope	1050.1	15.4	False		None	False	22.75	SF4 helicase (384-635); Contributes to single strand DNA binding activity (1-121); Required for hexamers formation and DNA helicase activity (121-372); Maybe required for stable oligomeric structure (405-590)	7T8B; 7T8C	22	0	1	6	0.169	-7.94	10	13	47.6	28.84	0	10	2494.6	32429.5	0	1	None	51	2	0.72	0.31
c2riboseqorf155_partner_03_BMP2	BMPR2	uORF	1B	BMP2	P12643	0.1121	0.6725	Shared Physiological Complex Interface	1629.2	56.0	False		None	False		Disordered (84-121); Disordered (271-293)	1ES7; 1REW; 2GOO; 2H62; 2H64; 2QJ9; 2QJA; 2QJB; 3BK3; 3BMP	39	3	2	7	0.13	-8.53	12	25	57.1	26.74	0	23	2215.3	23035.4	0	0	None	79	14	0.7	0.33
c16norep119_partner_04_TGFB1	ZFHX3-AS1	lncRNA-ORF	4	TGFB1	P01137	0.1129	0.4431	Known Macromolecular Subunit Competitor / Adaptor	194.2	66.7	False		None	False		Straightjacket domain (30-74)	6GFF; 7Y1R; 8C7H; 8REW; 8VSC; 8VSD; 9R3S; 9VJJ	3	0	0	0	0.333	-9.05	3	3	1.9	25.54	0	1	14811.3	24737.9	0	0	None	270	2	0.79	0.46
c8norep43_partner_02_PLEK2	PLEKHA2	intORF	1B	PLEK2	Q9NYT0	0.1121	0.3181	Allosteric Regulatory Surface / Novel Epitope	2337.7	0.0	False		None	False		PH 1 (4-104); DEP (139-225)	None	48	4	0	11	0.077	-10.78	23	27	39.7	25.06	0	23	6613.3	19268.5	0	0	None	0	0	0.73	0.23
c4riboseqorf84_partner_01_UBC	SNHG8	lncRNA	1B	UBC	P0CG48	0.1114	0.2009	Known Macromolecular Subunit Competitor / Adaptor	3218.4	76.2	False		None	False		Ubiquitin-like 1 (1-76); Ubiquitin-like 4 (229-304); Ubiquitin-like 8 (533-608); Ubiquitin-like 9 (609-684)	11SY; 1F9J; 1NBF; 2IBI; 2MBO; 2MBQ; 2PE9; 2XEW; 2ZVN; 2ZVO	87	11	1	10	0.069	-9.56	30	42	83.3	28.85	0	46	3525.5	40319.5	0	0	None	189	32	0.77	0.23
c8riboseqorf104_partner_01_UBC	CASC19	lncRNA	1B	UBC	P0CG48	0.1121	0.225	Allosteric Regulatory Surface / Novel Epitope	2963.7	0.0	False		None	False		Ubiquitin-like 3 (153-228); Ubiquitin-like 4 (229-304); Ubiquitin-like 5 (305-380)	None	69	4	3	13	0.067	-7.19	27	38	39.1	28.43	1	32	7096.2	38994.2	0	0	None	189	0	0.75	0.3
c16riboseqorf117_partner_03_PIAS3	ZFHX3	uORF	2B	PIAS3	Q9Y6X2	0.1118	0.439	Allosteric Regulatory Surface / Novel Epitope	1194.0	0.0	False		None	False	10.89	PINIT (115-280); Interaction with CCAR2 (1-200)	None	25	2	1	5	0.152	-7.84	11	15	13.8	28.47	0	13	9993.2	50227.2	0	4	None	0	0	0.73	0.49
c22norep40_partner_02_UBC	TUG1	doORF	1B	UBC	P0CG48	0.1119	0.2196	Known Macromolecular Subunit Competitor / Adaptor	3812.5	61.7	False		None	False		Ubiquitin-like 1 (1-76); Ubiquitin-like 2 (77-152); Ubiquitin-like 6 (381-456); Ubiquitin-like 7 (457-532); Ubiquitin-like 8 (533-608)	2ZVN; 2ZVO; 3MTN; 3N3K; 3U30; 3V6C; 3V6E; 3WXE; 3WXF; 3ZNZ	89	9	2	11	0.053	1.21	36	47	62.1	28.68	0	40	6225.8	40921.7	0	0	None	189	29	0.77	0.27
c16riboseqorf69_partner_02_RIPK1	CYLD	uORF	1B	RIPK1	Q13546	0.1113	0.4627	Peripheral Surface Interaction	572.9	0.0	False	26.68	None	False	10.69	Protein kinase (17-289); Interaction with SQSTM1 (290-582)	None	12	0	0	2	0.333	-10.48	4	9	12.9	28.45	0	7	3202.4	46236.2	1	2	None	131	0	0.63	0.35
c19norep130_partner_08_SEC61G	TMEM147-AS1	lncRNA-ORF	4	SEC61G	P60059	0.1109	0.3074	Known Macromolecular Subunit Competitor / Adaptor	996.7	90.9	False		None	False		N/A	6W6L; 8B6L; 8DNV; 8DNW; 8DNX; 8DNY; 8DNZ; 8DO0; 8DO1; 8DO2	18	1	0	2	0.182	-11.34	9	11	34.6	16.53	0	9	2889.8	7076.0	0	0	None	46	10	0.62	0.54
c12riboseqorf47_partner_01_TSPAN33	TMEM106C	uoORF	1B	TSPAN33	Q86UF1	0.1108	0.5574	Non-Interacting / Dissociated	0.0	0.0	False		None	False		N/A	None	0	0	0	0	0.0	0.0	0	0	0.0		0	0			0	0	None	0	0	0.73	0.55
c1riboseqorf39_partner_04_HNRNPA1	HNRNPR	intORF	1B	HNRNPA1	P09651	0.111	0.4076	Known Macromolecular Subunit Competitor / Adaptor	3650.0	60.0	False		None	False		RRM 1 (14-97); RRM 2 (105-184); Globular B domain (95-185); Disordered (182-216); Disordered (317-372); Nuclear targeting sequence (M9) (320-357)	2H4M; 5MPG; 5MPL; 6DCL; 7BX7; 7ZJ2; 8X0N; 9GKF	105	16	1	10	0.062	-27.14	31	55	68.9	27.76	2	53	4567.0	24048.2	0	0	None	140	33	0.55	0.33
c6norep97_partner_03_PSMB10	PSMB8-AS1	lncRNA-ORF	1B	PSMB10	P40306	0.1112	0.5614	Shared Physiological Complex Interface	1075.2	33.3	False	17.46	None	False		N/A	6AVO; 6E5B; 6HV3; 6HV4; 6HV5; 6HV7; 6HVA; 6HVR; 6HVS; 6HVT	24	2	0	8	0.148	-6.21	9	18	14.3	23.72	0	6	6429.6	16813.9	1	0	None	101	6	0.69	0.39
c6norep46_partner_02_NUP50	NUP153-AS1	lncRNA-ORF	2B	NUP50	Q9UKX7	0.1111	0.2594	Allosteric Regulatory Surface / Novel Epitope	1399.7	0.0	False		None	False		5 X 2 AA repeats of F-G (76-304); Binding to CDKN1B (144-206); Disordered (201-224)	None	26	1	0	7	0.137	-12.12	10	19	10.4	21.84	0	9	12563.8	45332.1	0	0	None	78	0	0.63	0.7
c2riboseqorf11_partner_03_FOXK1	ASXL2	uORF	1B	FOXK1	P85037	0.1107	0.2173	Allosteric Regulatory Surface / Novel Epitope	1013.2	15.4	False		None	False		Interaction with SIN3A and SIN3B (2-40); Required for interaction with FOXO4 and MEF2C (95-420)	8BZM	27	2	0	3	0.16	-7.39	13	13	76.5	30.36	0	13	1648.4	43131.1	0	0	None	22	2	0.46	0.43
c11riboseqorf108_partner_04_FEN1	AP001372.2	lncRNA	1A	FEN1	P39748	0.1126	0.4914	Cofactor / Substrate Pocket Competitor	5193.8	78.6	False		None	True	3.28	N-domain (1-104); I-domain (122-253); Disordered (327-380); Interaction with PCNA (336-344)	1U7B; 1UL1; 3Q8K; 3Q8L; 3Q8M; 3UVU; 5E0V; 5K97; 5KSE; 5UM9	109	11	3	10	0.035	1.31	55	56	15.8	29.13	2	56	27311.3	21911.3	0	12	 (res 47);  (res 70)	149	44	0.77	0.53
c17riboseqorf149_partner_01_FIBP	TMEM94	uoORF	1A	FIBP	O43427	0.1108	0.2256	Allosteric Regulatory Surface / Novel Epitope	7425.0	0.0	False		None	False		N/A	None	206	28	9	25	0.033	8.03	62	101	75.6	25.24	1	91	8793.5	19548.7	0	0	None	0	0	0.4	0.25
c19riboseqorf40_partner_02_NR2F6	MYO9B	uoORF	1B	NR2F6	P10588	0.1112	0.4522	Allosteric Regulatory Surface / Novel Epitope	3744.5	12.2	False		None	False		NR LBD (165-393); Important for dimerization (327-404)	8C5L	91	7	2	7	0.046	0.82	48	41	30.8	26.43	0	48	12385.3	21653.4	0	0	None	35	5	0.67	0.33
c12norep128_partner_02_LAPTM5	GLIPR1	intORF	1B	LAPTM5	Q13571	0.1105	0.5232	Peripheral Surface Interaction	532.2	0.0	False		None	False		N/A	None	11	2	1	1	0.196	-11.12	7	8	38.9	24.39	0	5	2129.6	21813.7	0	0	None	0	0	0.65	0.59
c21riboseqorf14_partner_01_RUNX1	RUNX1	uORF	1B	RUNX1	Q01196	0.1105	0.3021	Active Site Cleft Occlusion / Proximal Inhibitor	1809.7	50.0	False		None	False	5.79	Runt (50-178); Disordered (209-252); Interaction with KAT6A (291-371); Interaction with KAT6B (307-400)	1E50; 1H9D	37	2	0	3	0.102	-21.84	14	26	70.0	27.74	0	22	2190.8	31207.4	0	4	None	34	13	0.47	0.38
c7norep92_partner_03_SHMT2	PSPH	uORF	1B	SHMT2	P34897	0.1106	0.8526	Allosteric Regulatory Surface / Novel Epitope	2233.8	17.9	False		None	False		N/A	29LK; 32JD; 32JY; 4PVF; 5V7I; 5X3V; 6H3C; 6M5O; 6QVG; 6QVL	74	8	2	7	0.126	-2.44	15	39	75.0	27.98	0	36	2885.4	25679.6	0	0	None	158	7	0.86	0.2
c1riboseqorf35_partner_02_EIF4E	EIF4G3	intORF	1B	EIF4E	P06730	0.1102	0.7342	Cofactor / Substrate Pocket Competitor	2679.6	79.4	False		None	True	2.19	EIF4EBP1/2/3 binding (73-77)	1WKW; 2V8W; 2V8X; 2V8Y; 2W97; 3AM7; 4UED; 5EHC; 5EI3; 5EIR	70	7	1	13	0.086	-7.73	24	34	77.4	23.54	2	37	3931.7	13857.3	0	4	 (res 56);  (res 57);  (res 102);  (res 103);  (res 157);  (res 159);  (res 162)	92	27	0.81	0.29
c10riboseqorf62_partner_01_ING5	KAT6B	uORF	1B	ING5	Q8WYH8	0.1102	0.4031	Known Macromolecular Subunit Competitor / Adaptor	893.5	75.0	False		None	False	11.16	N/A	3C6W; 5ME8; 5MTO	12	0	1	5	0.188	-12.06	8	8	9.4	22.16	0	3	8642.7	23520.6	0	8	None	48	6	0.82	0.52
c8norep107_partner_02_GATA6	ZFPM2-AS1	lncRNA	1B	GATA6	Q92908	0.1108	0.1553	Allosteric Regulatory Surface / Novel Epitope	3418.6	0.0	False		None	False		Disordered (14-71)	None	93	10	1	7	0.062	-22.0	32	47	32.7	29.57	0	46	6391.7	34567.5	0	0	None	0	0	0.38	0.42
c11riboseqorf112_partner_03_CBX5	EMSY	uoORF	1B	CBX5	P45973	0.1098	0.2717	Known Macromolecular Subunit Competitor / Adaptor	3508.5	89.7	False		None	False		Chromo 1 (20-78); Chromo 2; shadow subtype (121-179); Disordered (70-117)	3FDT; 8UXQ; 9CDW; 9CEA; 9CMT	93	10	2	12	0.06	-19.84	40	39	44.0	23.97	1	42	7813.8	17569.0	0	0	None	97	35	0.58	0.39
c5riboseqorf143_partner_01_UBC	LINC00847	lncRNA	1B	UBC	P0CG48	0.1096	0.2241	Shared Physiological Complex Interface	2513.1	54.3	False		None	False		Ubiquitin-like 2 (77-152); Ubiquitin-like 6 (381-456); Ubiquitin-like 7 (457-532)	7EB9; 7YUI; 8PQL	62	6	0	12	0.089	-3.29	20	35	83.3	28.64	4	31	2855.4	38406.4	0	0	None	189	19	0.77	0.22
c5riboseqorf144_partner_02_PUM3	ZFP62	uoORF	1B	PUM3	Q15397	0.1102	0.7158	Allosteric Regulatory Surface / Novel Epitope	1078.3	23.1	False		None	False		PUM-HD (143-510); Disordered (1-124)	4WZW	19	1	1	1	0.183	-12.68	8	13	20.5	28.36	0	13	4156.0	36890.7	0	0	None	12	3	0.79	0.34
c19riboseqorf66_partner_03_PDRG1	URI1	uORF	1B	PDRG1	Q9NUG6	0.1094	0.5058	Allosteric Regulatory Surface / Novel Epitope	2232.9	0.0	False		None	False		N/A	None	52	4	1	5	0.09	-5.36	24	24	45.3	18.11	0	28	6311.2	10117.0	0	0	None	0	0	0.66	0.37
c3norep202_partner_02_RUNX1	MECOM	intORF	1B	RUNX1	Q01196	0.1093	0.3009	Peripheral Surface Interaction	552.6	28.6	False		None	False	9.0	Runt (50-178)	1E50; 1H9D	10	0	0	2	0.204	-11.16	7	7	24.1	23.68	0	6	3329.9	36482.0	0	4	None	34	2	0.47	0.37
c20riboseqorf47_partner_01_METTL16	PCIF1	uORF	1B	METTL16	Q86W50	0.1101	0.5172	Allosteric Regulatory Surface / Novel Epitope	1913.0	4.0	False		None	False	10.78	RNA-binding (199-211)	6DU4; 6DU5	46	7	1	0	0.097	-3.91	19	25	40.4	25.73	0	21	6312.9	31392.3	0	6	None	47	1	0.69	0.36
c7norep117_partner_01_CD47	CD36	uORF	1B	CD47	Q08722	0.1091	0.5626	Shared Physiological Complex Interface	207.6	50.0	False		None	False		Ig-like V-type (19-127)	2VSC	2	1	0	0	0.5	-10.02	2	2	12.5	26.42	0	0	2531.3	19339.9	0	0	None	67	1	0.77	0.52
c3riboseqorf51_partner_03_SMIM12	TCAIM	uoORF	1B	SMIM12	Q96EX1	0.109	0.2326	Peripheral Surface Interaction	320.8	0.0	False		None	False		N/A	None	4	0	0	2	0.667	-11.0	3	2	17.6	12.73	1	0	2033.2	9595.5	0	0	None	0	0	0.57	0.58
c7norep72_partner_03_RAC3	ELMO1	uORF	4	RAC3	P60763	0.1091	0.6219	Cofactor / Substrate Pocket Competitor	1937.6	52.2	False		None	True	1.35	N/A	2OV2; 2QME; 6TM1	48	6	0	3	0.13	-5.62	16	23	88.9	21.79	0	23	2702.2	10573.3	0	24	 (res 13);  (res 15);  (res 15);  (res 16);  (res 16);  (res 17);  (res 17);  (res 17);  (res 18);  (res 18);  (res 35);  (res 35);  (res 57);  (res 116);  (res 116)	42	12	0.63	0.28
c16riboseqorf91_partner_04_CDA	CES2	uORF	1B	CDA	P32320	0.1088	0.7361	Allosteric Regulatory Surface / Novel Epitope	1633.6	25.0	False	11.86	None	False	8.01	CMP/dCMP-type deaminase (13-140)	1MQ0	40	4	2	7	0.125	-8.34	16	20	38.1	21.43	0	14	5141.0	8367.8	1	4	None	50	5	0.9	0.39
c7norep125_partner_01_RUNDC3B	SLC25A40	uORF	1B	RUNDC3B	Q96NL0	0.1094	0.3916	Allosteric Regulatory Surface / Novel Epitope	2851.6	0.0	False		None	False		RUN (57-206)	None	59	5	0	13	0.07	-14.04	28	30	51.9	26.95	0	28	5873.3	33047.2	0	0	None	0	0	0.62	0.35
c3riboseqorf183_partner_05_TP53	BCL6	uORF	4	TP53	P04637	0.1082	0.5224	Known Macromolecular Subunit Competitor / Adaptor	602.9	100.0	False		None	False	22.0	Interaction with CCAR2 (1-320); Interaction with HIPK1 (100-370); Required for interaction with ZNF385A (100-300); Required for interaction with FBXO42 (113-236); Interaction with AXIN1 (116-292)	1TSR; 1TUP; 2YDR; 3KZ8; 3Q05; 3Q06; 3TS8; 4MZR; 4XR8; 5MCT	17	0	0	1	0.34	-7.38	5	10	26.3	25.15	1	7	2668.5	33087.3	0	4	None	293	10	0.71	0.32
c1riboseqorf77_partner_01_MAPRE1	MACF1	uORF	2B	MAPRE1	Q15691	0.1084	0.4195	Known Macromolecular Subunit Competitor / Adaptor	1257.2	100.0	False		None	False		EB1 C-terminal (185-255); Interaction with MTUS2/TIP150 (124-268); Interaction with CDK5RAP2 (185-268); Interaction with APC (206-211); DCTN1-binding (208-268); APC-binding (220-242); Interaction with SKA1 (232-255)	1TXQ; 1WU9; 1YIB; 1YIG; 2HKQ; 2HL5; 3GJO; 3MTU; 3MUD; 3TQ7	17	0	0	4	0.163	-9.23	8	13	18.6	22.29	1	8	5381.9	20324.8	0	0	None	68	13	0.65	0.4
c12riboseqorf145_partner_04_RAC2	TAOK3	uORF	1B	RAC2	P15153	0.1083	0.7181	Cofactor / Substrate Pocket Competitor	2069.9	20.6	False		None	True	2.59	N/A	1DS6; 2W2X	57	4	1	5	0.12	-12.65	14	34	87.5	20.71	2	34	2310.7	10263.4	0	26	 (res 13);  (res 13);  (res 14);  (res 14);  (res 15);  (res 15);  (res 16);  (res 16);  (res 17);  (res 17);  (res 17);  (res 18);  (res 18);  (res 32);  (res 35);  (res 35);  (res 60);  (res 116);  (res 116);  (res 118);  (res 118);  (res 159);  (res 159);  (res 160);  (res 160)	24	7	0.71	0.27
cXriboseqorf44_partner_01_UBC	JPX	lncRNA	1B	UBC	P0CG48	0.1085	0.2362	Known Macromolecular Subunit Competitor / Adaptor	2842.7	61.0	False		None	False		Ubiquitin-like 1 (1-76); Ubiquitin-like 2 (77-152); Ubiquitin-like 8 (533-608); Ubiquitin-like 9 (609-684)	11SY; 1F9J; 1GJZ; 1TBE; 2MBO; 2XEW; 2ZVN; 2ZVO; 3A33; 3AUL	62	1	3	9	0.058	-15.39	26	41	78.8	29.06	0	31	3673.4	40174.5	0	0	None	189	25	0.77	0.24
c12norep60_partner_01_SCN4B	nan	mixed	1B	SCN4B	Q8IWT1	0.1079	0.5151	Shared Physiological Complex Interface	870.1	50.0	False		None	False		Ig-like C2-type (31-148)	5XAW; 7DTD	14	0	0	1	0.13	-11.07	9	12	15.5	21.0	0	8	8005.5	18992.7	0	0	None	27	6	0.82	0.53
c18riboseqorf20_partner_02_RHOA	ROCK1	uORF	1B	RHOA	P61586	0.1072	0.7115	Cofactor / Substrate Pocket Competitor	1251.9	81.2	False		None	True	3.42	N/A	1CC0; 1CXZ; 1LB1; 1S1C; 1TX4; 1X86; 1XCG; 3KZ1; 3LW8; 3LWN	32	5	0	6	0.167	-7.95	12	16	46.2	19.11	0	15	3650.0	11011.3	0	26	 (res 34)	87	13	0.73	0.31
c1riboseqorf206_partner_02_RHOA	ARHGEF11	uORF	1B	RHOA	P61586	0.1078	0.6687	Cofactor / Substrate Pocket Competitor	2831.6	83.3	False		None	True	3.82	Switch II region; involved in RAP1GDS1 isoform 2 binding (61-78)	1CC0; 1CXZ; 1LB1; 1S1C; 1TX4; 1X86; 1XCG; 3KZ1; 3LW8; 3LWN	66	6	1	10	0.087	-2.8	21	36	50.0	22.86	1	34	5036.3	10927.3	0	26	 (res 59)	87	30	0.7	0.32
c4riboseqorf109_partner_01_PDGFB	PDGFC	uORF	1B	PDGFB	P01127	0.1078	0.4538	Known Macromolecular Subunit Competitor / Adaptor	250.9	75.0	False		None	False		N/A	1PDG; 3MJG; 4HQU; 4HQX; 4QCI; 6T9E	4	0	1	1	0.25	-8.68	4	4	14.8	25.82	0	1	4301.5	26021.4	0	0	None	62	3	0.76	0.61
c12norep60_partner_03_SCN1B	nan	mixed	1B	SCN1B	Q07699	0.1073	0.4547	Shared Physiological Complex Interface	2979.9	45.9	False		None	False		Ig-like C2-type (22-150)	21TP; 21TQ; 25IH; 25II; 25IJ; 6AGF; 6J8G; 6J8H; 6J8I; 6J8J	87	11	0	6	0.081	-18.75	29	37	50.0	22.95	0	52	6086.9	16927.3	0	0	None	50	17	0.69	0.38
c11norep195_partner_02_GNA12	ARHGEF12	uORF	1B	GNA12	Q03113	0.1067	0.6653	Active Site Cleft Occlusion / Proximal Inhibitor	1573.2	15.8	False		None	False	6.49	G-alpha (56-381); G5 motif (351-356)	7YDJ	42	3	0	6	0.123	-5.42	18	19	69.2	26.22	0	19	3340.0	20640.7	0	6	None	25	3	0.79	0.3
c2norep56_partner_01_NF2	SPTBN1	intORF	1B	NF2	P35240	0.109	0.5976	Known Macromolecular Subunit Competitor / Adaptor	989.8	77.8	False		None	False		FERM (22-311)	3U8Z	18	4	0	1	0.2	-11.41	10	9	9.6	29.84	0	8	12389.4	38418.6	0	0	None	131	7	0.78	0.49
c4riboseqorf60_partner_04_EFNB1	PTPN13	uORF	1B	EFNB1	P98172	0.1064	0.4535	Known Macromolecular Subunit Competitor / Adaptor	49.0	100.0	False		None	False		Ephrin RBD (30-164)	6THG	1	0	0	0	1.0	-10.5	1	1	3.2	24.03	0	1	4226.8	33165.4	0	0	None	54	1	0.82	0.68
c12riboseqorf145_partner_05_RAC3	TAOK3	uORF	1B	RAC3	P60763	0.1059	0.6723	Cofactor / Substrate Pocket Competitor	1627.1	70.0	False		None	True	2.38	N/A	2OV2; 2QME; 6TM1	45	10	0	2	0.161	-23.79	14	20	87.5	20.58	3	22	2509.5	9919.2	0	24	 (res 18);  (res 18);  (res 35);  (res 35);  (res 60);  (res 116);  (res 116)	42	14	0.66	0.26
c7norep146_partner_01_TBR1	CUX1	intORF	1B	TBR1	Q16650	0.1066	0.3445	Allosteric Regulatory Surface / Novel Epitope	2566.5	0.0	False		None	False		Disordered (588-658)	None	56	10	0	2	0.064	-9.86	25	35	64.1	29.74	0	30	4913.2	35436.0	0	0	None	0	0	0.45	0.32
c16riboseqorf59_partner_04_H2BC21	RNF40	dORF	1A	H2BC21	Q16778	0.1064	0.2461	Known Macromolecular Subunit Competitor / Adaptor	2833.7	100.0	False		None	False		N/A	4NFT; 6KBB; 6M4D; 6M4G; 6M4H; 7BXT; 7U0G; 7U0I; 7U0J; 8DK5	63	4	3	20	0.07	-2.91	30	30	15.5	22.54	0	24	15198.0	11487.6	0	0	None	94	30	0.49	0.34
cXriboseqorf24_partner_02_CCNYL1	CDK16	uORF	1B	CCNYL1	Q8N7R7	0.106	0.5418	Allosteric Regulatory Surface / Novel Epitope	1961.1	0.0	False		None	False		Cyclin N-terminal (145-267)	None	53	2	1	6	0.14	-3.43	14	27	37.8	26.4	2	31	4294.9	21013.9	0	0	None	0	0	0.61	0.34
c9norep116_partner_01_UBC	MIR181A2HG	lncRNA-ORF	2B	UBC	P0CG48	0.1064	0.2232	Shared Physiological Complex Interface	4638.3	38.1	False		None	False		Ubiquitin-like 3 (153-228); Ubiquitin-like 4 (229-304); Ubiquitin-like 5 (305-380); Ubiquitin-like 6 (381-456); Ubiquitin-like 7 (457-532); Ubiquitin-like 8 (533-608); Ubiquitin-like 9 (609-684)	11SY; 1F9J; 2BGF; 2LVQ; 2O6V; 2ZVN; 2ZVO; 3ALB; 3AUL; 3B08	112	11	0	12	0.043	-20.92	41	63	74.5	28.67	3	63	6236.0	39396.7	0	0	None	189	24	0.77	0.26
c22riboseqorf6_partner_07_HNRNPA2B1	DGCR8	uORF	4	HNRNPA2B1	P22626	0.1057	0.4711	Shared Physiological Complex Interface	1130.5	44.4	False		None	False		RRM 1 (21-104); RRM 2 (112-191)	7WM3; 8HNI	20	2	0	0	0.222	-7.43	10	9	62.5	23.61	0	13	1834.5	22042.2	0	0	None	120	4	0.6	0.31
c1riboseqorf39_partner_07_SRSF1	HNRNPR	intORF	1B	SRSF1	Q07955	0.1058	0.2893	Allosteric Regulatory Surface / Novel Epitope	1970.0	13.6	False		None	False		RRM 1 (16-91); RRM 2 (121-195)	4C0O	36	3	1	0	0.091	-7.65	18	22	40.0	24.71	1	23	5124.4	20942.3	0	0	None	71	3	0.58	0.31
c3norep127_partner_02_ARL17A	NXPE3	intORF	1B	ARL17A	Q8IVW1	0.1057	0.2285	Allosteric Regulatory Surface / Novel Epitope	1745.2	0.0	False		None	False		Important for the stable binding to the membranes (3-16)	None	44	3	1	11	0.136	-11.77	17	19	89.5	21.07	0	19	2364.7	9714.0	0	0	None	0	0	0.34	0.3
c14norep90_partner_03_TUBB3	VASH1	intORF	1B	TUBB3	Q13509	0.1062	0.7594	Cofactor / Substrate Pocket Competitor	4213.8	36.7	False		None	True	2.08	N/A	5JCO; 6WSL; 7PJF; 7SJ7; 7SJ8; 7SJ9; 7SJA; 7Z6S; 8VT7; 9F3B	126	17	3	8	0.06	-12.63	43	49	39.8	27.9	1	63	8017.7	19454.7	0	22	 (res 11);  (res 11);  (res 15);  (res 69);  (res 69);  (res 99);  (res 177);  (res 222);  (res 226);  (res 226)	150	18	0.82	0.27
c16norep37_partner_08_RNF175	ENSG00000260592	lncRNA-ORF	4	RNF175	Q8N4F7	0.1058	0.6193	Peripheral Surface Interaction	665.3	0.0	False		None	False		N/A	None	10	0	0	2	0.185	-9.18	6	9	9.8	23.35	0	6	7898.4	23941.3	0	0	None	0	0	0.74	0.52
c17norep109_partner_09_TRAF5	MAP3K14-AS1	lncRNA-ORF	4	TRAF5	O00463	0.1059	0.3496	Allosteric Regulatory Surface / Novel Epitope	1073.0	0.0	False		None	False		MATH (403-549); Interaction with EIF2AK2/PKR (345-557)	None	27	4	0	2	0.136	-12.38	11	18	22.0	27.61	0	12	6917.9	40248.0	0	0	None	16	0	0.78	0.42
c12riboseqorf52_partner_01_KANSL2	MCRS1	uoORF	1B	KANSL2	Q9H9L4	0.1054	0.2128	Allosteric Regulatory Surface / Novel Epitope	859.9	0.0	False		None	False		Disordered (455-492)	None	13	3	0	1	0.12	-9.97	12	9	26.1	28.36	2	5	4357.7	42796.7	0	0	None	7	0	0.54	0.36
c1riboseqorf213_partner_01_UBC	USP21	uORF	1B	UBC	P0CG48	0.1054	0.2303	Shared Physiological Complex Interface	1812.4	39.1	False		None	False		Ubiquitin-like 2 (77-152); Ubiquitin-like 6 (381-456); Ubiquitin-like 7 (457-532); Ubiquitin-like 8 (533-608)	3MTN; 5H07; 7EB9; 7R71; 7YUI; 8PQL	39	3	0	4	0.081	-12.03	21	23	61.8	29.21	0	18	3272.5	39049.1	0	0	None	189	9	0.77	0.27
c1norep182_partner_08_TSPAN15	IGSF3	uORF	1B	TSPAN15	O95858	0.1051	0.5182	Allosteric Regulatory Surface / Novel Epitope	2074.6	4.8	False		None	False		N/A	8ESV	42	0	0	11	0.1	-17.85	20	21	57.1	24.64	1	20	4334.7	20798.9	0	0	None	35	1	0.69	0.53
c1norep256_partner_06_RBM39	PRRC2C	intORF	1B	RBM39	Q14498	0.1052	0.2459	Known Macromolecular Subunit Competitor / Adaptor	1473.9	70.6	False		None	False		RRM 3 (445-508); Interaction with NCOA6 (406-530)	4OZ0; 4OZ1	29	2	2	4	0.131	-5.29	13	17	38.2	28.11	0	12	4197.6	39704.8	0	0	None	86	12	0.59	0.36
c2norep270_partner_05_TTC29	ENSG00000224090	lncRNA-ORF	4	TTC29	Q8NA56	0.1053	0.5587	Allosteric Regulatory Surface / Novel Epitope	4286.4	0.0	False		None	False		N/A	None	101	6	1	10	0.056	-10.51	37	49	44.6	27.7	1	56	8984.0	29034.6	0	0	None	0	0	0.7	0.28
c3riboseqorf95_partner_03_PAK6	ROBO1	uORF	1B	PAK6	Q9NQU5	0.105	0.4776	Allosteric Regulatory Surface / Novel Epitope	1510.6	0.0	False	21.36	None	False	20.12	Protein kinase (407-658)	None	39	3	2	4	0.121	-4.65	19	17	61.3	29.37	0	21	3195.2	34221.1	1	2	None	26	0	0.56	0.28
c17norep67_partner_10_NRAS	EVI2A	uORF	2B	NRAS	P01111	0.1047	0.6513	Active Site Cleft Occlusion / Proximal Inhibitor	414.3	100.0	False		None	False	7.25	N/A	6MPP; 8TBI; 9BG0; 9BG3; 9BG8; 9BGD; 9BTM; 9GLW	4	1	0	0	0.5	-10.53	2	4	5.7	21.76	0	2	4726.5	10931.5	0	4	None	77	4	0.71	0.58
c1riboseqorf26_partner_01_MYC	ZBTB17	uORF	1B	MYC	P01106	0.1049	0.2231	Shared Physiological Complex Interface	355.1	50.0	False		None	False		bHLH (369-421); Helix-loop-helix motif (383-421)	1NKP; 5I4Z; 5I50; 6G6J; 6G6K; 6G6L	4	0	0	3	0.5	-10.0	2	4	6.7	28.61	0	0	4135.2	51255.2	0	0	None	102	2	0.6	0.7
c16riboseqorf128_partner_02_ATF6	MBTPS1	uORF	1B	ATF6	P18850	0.1048	0.2354	Peripheral Surface Interaction	350.1	0.0	False		None	False		Interaction with THBS4 (468-589)	None	7	0	0	1	0.438	-10.02	4	4	21.1	27.4	0	4	2758.8	66337.1	0	0	None	0	0	0.53	0.65
c19norep130_partner_04_TMCO1	TMEM147-AS1	lncRNA-ORF	4	TMCO1	Q9UM00	0.1047	0.4001	Peripheral Surface Interaction	168.9	0.0	False		None	False		N/A	None	1	0	0	0	1.0	-10.0	1	1	3.8	19.49	0	1	3454.9	20344.1	0	0	None	11	0	0.61	0.55
c12norep105_partner_02_CYP2R1	CYP27B1	intORF	1A	CYP2R1	Q6VVX0	0.1052	0.6971	Allosteric Regulatory Surface / Novel Epitope	3771.2	0.0	False		None	False	10.39	N/A	None	93	7	1	17	0.05	5.7	41	45	20.7	29.18	1	48	11792.1	23975.3	0	2	None	0	0	0.89	0.29
c4riboseqorf83_partner_01_UBC	SNHG8	lncRNA	1B	UBC	P0CG48	0.1048	0.2367	Shared Physiological Complex Interface	2268.1	32.0	False		None	False		Ubiquitin-like 1 (1-76); Ubiquitin-like 6 (381-456); Ubiquitin-like 7 (457-532)	7EB9; 8Q7R	52	7	0	3	0.095	-9.96	22	25	42.3	29.34	0	28	5094.2	38831.7	0	0	None	189	8	0.78	0.27
c16norep119_partner_01_RUNX3	ZFHX3-AS1	lncRNA-ORF	4	RUNX3	Q13761	0.1049	0.2829	Allosteric Regulatory Surface / Novel Epitope	7966.5	1.1	False		None	False		Runt (54-182); Disordered (1-48); Disordered (176-266); Disordered (375-415)	5W69	196	15	0	17	0.027	-40.51	79	92	51.3	29.08	2	105	9477.1	29677.2	0	0	None	8	1	0.49	0.35
c6norep27_partner_03_OR2C1	SMIM13	uORF	1B	OR2C1	O95371	0.1046	0.7949	Allosteric Regulatory Surface / Novel Epitope	1034.0	0.0	False		None	False		N/A	None	31	2	0	0	0.201	-11.29	11	14	55.0	26.73	0	18	2439.6	16016.3	0	0	None	0	0	0.78	0.45
c7riboseqorf44_partner_02_ACAD9	COA1	uORF	1B	ACAD9	Q9H845	0.1047	0.8029	Shared Physiological Complex Interface	958.6	46.2	False	19.71	None	False		N/A	8PHE; 8PHF	19	1	0	5	0.162	-15.72	9	13	13.8	29.2	0	7	6196.0	33347.5	1	0	None	138	6	0.83	0.28
c11riboseqorf40_partner_03_SRSF5	HIPK3	uORF	1B	SRSF5	Q13243	0.1046	0.2925	Peripheral Surface Interaction	570.6	0.0	False		None	False		RRM 1 (4-74)	None	13	2	0	1	0.271	-5.82	6	8	11.8	22.51	0	6	7340.6	28429.4	0	0	None	0	0	0.77	0.74
c9riboseqorf24_partner_02_CREBRF	CREB3	processed_transcript	1B	CREBRF	Q8IUR6	0.1047	0.2948	Allosteric Regulatory Surface / Novel Epitope	1705.1	0.0	False		None	False		Disordered (302-422)	None	33	2	1	6	0.108	-14.41	17	18	27.4	29.08	1	17	6587.6	55052.4	0	0	None	0	0	0.49	0.32
c2norep223_partner_02_UBE2L3	HECW2	intORF	1B	UBE2L3	P68036	0.1043	0.5935	Active Site Blocker / Competitive Decoy	1046.9	92.3	True	2.32	Glycyl thioester intermediate (res 86)	False		UBC core (2-149)	1FBV; 3SQV; 3SY2; 4Q5E; 4Q5H; 5HPT; 5TTE; 5UDH; 6CP2; 6N13	28	2	0	3	0.166	-13.03	13	13	14.9	19.34	0	16	6123.6	9075.1	1	0	None	57	12	0.78	0.38
c16riboseqorf58_partner_07_DMAP1	SRCAP	uoORF	1B	DMAP1	Q9NPF5	0.1046	0.3222	Known Macromolecular Subunit Competitor / Adaptor	2175.6	100.0	False		None	False		SANT (149-199)	8QR1; 8X15; 8X19; 8X1C; 8XVG; 8XVT; 9C57; 9C62; 9C6N; 9CAC	47	4	1	7	0.072	-11.06	26	25	41.9	28.18	1	24	7000.1	42079.9	0	0	None	186	25	0.64	0.55
c4riboseqorf100_partner_02_FEZ2	SCOC-AS1	lncRNA	1B	FEZ2	Q9UHY8	0.1038	0.3404	Peripheral Surface Interaction	486.8	0.0	False		None	False		N/A	None	8	1	1	0	0.333	-10.66	4	6	16.7	26.26	0	1	3560.0	31991.8	0	0	None	0	0	0.58	0.41
c6riboseqorf68_partner_01_DNTTIP1	TRERF1	uORF	1B	DNTTIP1	Q9H147	0.1042	0.3291	Known Macromolecular Subunit Competitor / Adaptor	1389.2	60.0	False		None	False		Important for dimerization (56-147); Disordered (147-178)	4D6K; 6Z2J; 6Z2K; 9R4I	23	3	2	5	0.11	-12.66	14	15	19.4	26.94	0	10	8888.6	27893.9	0	0	None	68	9	0.59	0.42
c6norep139_partner_02_FAM81A	FAM135A	uORF	1B	FAM81A	Q8TBF8	0.1045	0.242	Allosteric Regulatory Surface / Novel Epitope	5482.0	0.0	False		None	False		N/A	None	120	12	2	20	0.047	-15.53	47	54	47.0	26.86	0	53	9778.3	33134.1	0	0	None	0	0	0.69	0.34
c22riboseqorf7_partner_02_COMT	ZDHHC8	uoORF	1B	COMT	P21964	0.1038	0.6391	Cofactor / Substrate Pocket Competitor	6300.5	0.0	False		None	True	1.94	N/A	None	197	23	3	18	0.039	1.09	59	86	70.2	25.97	2	97	8968.6	15631.7	0	14	 (res 92);  (res 122);  (res 191);  (res 191);  (res 194);  (res 219);  (res 220);  (res 220);  (res 249)	0	0	0.79	0.36
c5norep4_partner_05_SLC34A1	SLC9A3	dORF	1A	SLC34A1	Q06495	0.1042	0.5064	Allosteric Regulatory Surface / Novel Epitope	854.6	0.0	False		None	False		N/A	None	11	0	1	1	0.224	-12.06	7	7	6.2	28.74	0	6	15000.0	41830.9	0	0	None	0	0	0.65	0.69
c20norep33_partner_10_RTF1	ENSG00000275457	lncRNA-ORF	4	RTF1	Q92541	0.1037	0.3007	Peripheral Surface Interaction	63.5	0.0	False		None	False		N/A	None	1	0	0	0	1.0	-10.5	1	1	3.4	30.06	0	0	4267.7	55302.4	0	0	None	118	0	0.6	0.54
c6riboseqorf128_partner_05_BCL2L2	BCLAF1	uORF	1B	BCL2L2	Q92843	0.1036	0.6519	Shared Physiological Complex Interface	959.6	35.7	False		None	False		N/A	1ZY3; 2Y6W; 4CIM	24	1	1	1	0.19	-10.39	9	14	47.4	21.51	0	16	2164.3	10602.7	0	0	None	69	5	0.66	0.36
c11norep50_partner_05_PIAS2	NAV2-AS2	lncRNA-ORF	4	PIAS2	O75928	0.1038	0.4356	Cofactor / Substrate Pocket Competitor	3275.9	0.0	False		None	True	3.96	PINIT (134-299)	None	72	6	1	9	0.063	-6.16	30	38	29.1	29.69	1	41	10937.2	50691.3	0	4	 (res 388)	10	0	0.69	0.49
c6norep11_partner_01_UBC	ENSG00000231811	lncRNA-ORF	1B	UBC	P0CG48	0.1037	0.2147	Shared Physiological Complex Interface	5421.7	42.0	False		None	False		Ubiquitin-like 1 (1-76); Ubiquitin-like 2 (77-152); Ubiquitin-like 3 (153-228); Ubiquitin-like 5 (305-380); Ubiquitin-like 6 (381-456); Ubiquitin-like 7 (457-532)	5H07; 7EB9; 7YUI; 8PQL; 8Q7R	121	12	2	10	0.037	-12.22	47	69	81.0	29.22	3	56	6928.4	40082.5	0	0	None	189	29	0.76	0.23
c16riboseqorf58_partner_08_YEATS4	SRCAP	uoORF	1B	YEATS4	O95619	0.1034	0.5651	Known Macromolecular Subunit Competitor / Adaptor	2890.5	83.8	False		None	False		YEATS (15-158); Interaction with MLLT10 (163-227); Interaction with TACC1 (168-227)	5XTZ; 7JFY; 8IIY; 8IIZ; 8IJ0; 8X15; 8X19; 8X1C; 9X8S; 9X8U	64	11	3	5	0.069	-14.15	25	37	40.3	21.74	3	33	7067.9	15627.0	0	0	None	112	31	0.78	0.32
c14riboseqorf7_partner_01_SAV1	AJUBA	uORF	1B	SAV1	Q9H4B6	0.1032	0.1706	Allosteric Regulatory Surface / Novel Epitope	2073.4	29.6	False		None	False		WW 1 (199-232); SARAH (321-368)	6AO5	51	5	1	11	0.09	-13.51	21	27	84.0	26.97	0	18	2703.9	33640.1	0	0	None	30	8	0.44	0.44
c4riboseqorf2_partner_07_RCOR1	CTBP1	uORF	1B	RCOR1	Q9UKL0	0.1033	0.2183	Shared Physiological Complex Interface	2724.9	39.4	False		None	False		ELM2 (103-189); SANT 1 (190-241); Disordered (1-26); Interaction with HDAC1 (78-257); Interaction with KDM1A (296-384); Disordered (442-485)	12LP; 2IW5; 2UXN; 2UXX; 2V1D; 2X0L; 2XAF; 2XAG; 2XAH; 2XAJ	53	7	3	8	0.08	-7.62	20	33	62.5	28.8	0	24	3998.4	39093.2	0	0	None	119	13	0.61	0.42
c17riboseqorf78_partner_03_IGF2	IGFBP4	uORF	1B	IGF2	P01344	0.103	0.2939	Shared Physiological Complex Interface	623.8	42.9	False		None	False		B (25-52)	2L29; 3E4Z	13	1	0	1	0.371	-9.18	5	7	29.4	21.18	0	9	2345.5	13357.0	0	0	None	55	3	0.51	0.51
c4riboseqorf67_partner_01_GNAZ	GPRIN3	uORF	1B	GNAZ	P19086	0.1031	0.7542	Cofactor / Substrate Pocket Competitor	1289.8	9.1	False		None	True	1.73	G-alpha (32-355); G2 motif (174-182)	8DZS; 9WSW	25	2	0	3	0.175	-9.32	13	11	41.9	25.61	0	15	3606.3	19046.8	0	7	 (res 179);  (res 180);  (res 181)	49	1	0.83	0.25
c15riboseqorf63_partner_01_FBLN5	LOXL1	uoORF	1B	FBLN5	Q9UBX5	0.1034	0.4499	Allosteric Regulatory Surface / Novel Epitope	1345.5	0.0	False		None	False		Interaction with LOXL1 (245-448)	None	33	4	0	6	0.149	-18.2	13	17	11.5	26.61	0	17	15057.9	32260.2	0	0	None	0	0	0.79	0.54
c6norep46_partner_01_NUP62	NUP153-AS1	lncRNA-ORF	2B	NUP62	P37198	0.1034	0.2137	Allosteric Regulatory Surface / Novel Epitope	4575.0	0.0	False		None	False		Disordered (169-215); Disordered (260-288); Required for centrosome localization (328-458)	None	100	12	3	15	0.036	-6.46	49	56	51.0	29.48	0	49	10523.2	37686.1	0	0	None	0	0	0.54	0.42
c22norep57_partner_04_DLL3	MFNG	uORF	1B	DLL3	Q9NYJ7	0.1028	0.3131	Allosteric Regulatory Surface / Novel Epitope	2536.6	0.0	False		None	False		DSL (176-215)	None	72	10	1	2	0.111	-6.29	21	31	63.6	28.31	0	39	4281.8	38777.1	0	0	None	0	0	0.6	0.38
c9norep168_partner_03_YAP1	ARRDC1-AS1	lncRNA	1A	YAP1	P46937	0.1036	0.1496	Shared Physiological Complex Interface	8603.5	39.4	False		None	False		WW 1 (171-204); WW 2 (230-263); Disordered (1-59); Disordered (91-114); Transactivation domain (291-504); Disordered (355-407)	1JMQ; 1K5R; 1K9Q; 1K9R; 2LAW; 2LAX; 2LAY; 2LTV; 2LTW; 3KYS	238	24	3	18	0.025	-54.32	95	99	53.1	29.58	6	124	16638.0	36212.1	0	0	None	72	39	0.45	0.42
c20norep15_partner_01_SAT1	SMOX	intORF	1B	SAT1	P21673	0.1027	0.7158	Active Site Blocker / Competitive Decoy	3419.7	69.2	True	3.06	Proton donor (res 140)	True	2.14	N-acetyltransferase (4-171)	2B3U; 2B3V; 2B4B; 2B4D; 2B58; 2B5G; 2F5I; 2FXF; 2G3T; 2JEV	88	9	3	16	0.081	-14.83	28	39	62.2	23.12	0	44	4807.9	12119.4	1	8	 (res 27);  (res 28);  (res 92);  (res 94);  (res 95);  (res 96);  (res 102);  (res 106);  (res 107);  (res 126);  (res 128);  (res 133);  (res 135);  (res 136);  (res 140);  (res 152)	83	27	0.81	0.29
c1riboseqorf55_partner_02_GPKOW	nan	mixed	1B	GPKOW	Q92917	0.1024	0.3045	Non-Interacting / Dissociated	0.0	0.0	False		None	False		N/A	None	0	0	0	0	0.0	0.0	0	0	0.0		0	0			0	0	None	0	0	0.79	0.69
c2norep56_partner_03_PJVK	SPTBN1	intORF	1B	PJVK	Q0ZLH3	0.1028	0.506	Peripheral Surface Interaction	282.6	0.0	False		None	False		N/A	None	2	1	0	0	0.5	-9.05	2	2	1.9	27.45	0	0	12936.1	25311.2	0	0	None	0	0	0.77	0.62
c10norep31_partner_07_PPP1R15A	CDC123	intORF	1B	PPP1R15A	O75807	0.1025	0.1515	Peripheral Surface Interaction	605.6	0.0	False		None	False		Required for localization in the endoplasmic reticulum (1-60); Interaction with SMARCB1 (536-583)	None	9	0	0	5	0.321	-9.52	4	7	13.8	27.11	0	2	4160.7	45617.6	0	0	None	52	0	0.42	0.59
c16riboseqorf59_partner_03_UBE2N	RNF40	dORF	1A	UBE2N	P61088	0.1025	0.4453	Active Site Cleft Occlusion / Proximal Inhibitor	4682.4	69.1	False	5.93	None	False		UBC core (3-149)	1J7D; 2C2V; 3HCT; 3HCU; 3VON; 3W31; 4DHI; 4DHJ; 4DHZ; 4IP3	114	8	6	17	0.042	-4.16	49	55	25.3	25.92	0	56	17149.3	8541.8	1	0	None	83	38	0.77	0.38
c22norep40_partner_01_TUG1	TUG1	doORF	1B	TUG1	A0A6I8PU40	0.102	0.2365	Allosteric Regulatory Surface / Novel Epitope	3486.4	0.0	False		None	False		N/A	None	89	9	0	27	0.059	-6.27	36	42	62.1	21.2	3	24	5496.0	9316.7	0	0	None	0	0	0.36	0.27
c16norep119_partner_06_SMAD1	ZFHX3-AS1	lncRNA-ORF	4	SMAD1	Q15797	0.1028	0.4772	Allosteric Regulatory Surface / Novel Epitope	3051.3	21.1	False		None	False	16.76	MH1 (12-136); MH2 (271-465); Disordered (162-248); L3 loop (418-428)	1KHU; 2LAX; 2LAY; 5ZOK	76	9	0	5	0.069	-19.56	29	38	18.8	29.96	1	39	10173.1	28479.6	0	4	None	108	8	0.71	0.33
c18norep12_partner_03_HOMER2	DLGAP1-AS2	lncRNA-ORF	1B	HOMER2	Q9NSB8	0.1024	0.2946	Allosteric Regulatory Surface / Novel Epitope	3813.0	0.0	False		None	False		WH1 (1-110)	None	72	5	0	11	0.042	-18.32	39	44	34.5	26.43	0	33	10467.8	31386.2	0	0	None	0	0	0.76	0.36
c2riboseqorf155_partner_01_BMP10	BMPR2	uORF	1B	BMP10	O95393	0.102	0.6246	Known Macromolecular Subunit Competitor / Adaptor	792.7	62.5	False		None	False		N/A	6SF1; 6SF3; 7POI; 7POJ; 7PPA; 7PPB; 7PPC; 9DPY	9	1	1	2	0.225	-9.42	5	8	23.8	28.4	1	2	2882.6	30257.4	0	0	None	93	5	0.7	0.5
c17riboseqorf149_partner_02_CDK5	TMEM94	uoORF	1A	CDK5	Q00535	0.102	0.7199	Cofactor / Substrate Pocket Competitor	5058.0	36.9	False	7.05	None	True	2.07	Protein kinase (4-286)	1H4L; 1UNG; 1UNH; 1UNL; 3O0G; 7VDP; 7VDQ; 7VDR; 7VDS; 9Q3N	154	22	3	8	0.044	1.54	54	65	65.9	26.28	0	80	9006.2	14999.9	1	2	 (res 10);  (res 12);  (res 13);  (res 14)	45	24	0.81	0.31
c18norep21_partner_02_GPKOW	nan	mixed	1B	GPKOW	Q92917	0.1019	0.2712	Allosteric Regulatory Surface / Novel Epitope	1904.4	0.0	False		None	False		KOW 2 (415-442)	None	53	6	2	3	0.123	-3.58	18	24	62.1	28.6	0	25	3081.0	37361.9	0	0	None	31	0	0.56	0.56
c2norep270_partner_10_RSPH1	ENSG00000224090	lncRNA-ORF	4	RSPH1	Q8WYR4	0.1019	0.5056	Allosteric Regulatory Surface / Novel Epitope	3384.0	0.0	False		None	False		Disordered (222-309)	None	78	6	5	6	0.056	-6.88	36	39	43.4	26.59	0	46	7503.1	20914.0	0	0	None	0	0	0.64	0.29
c17norep6_partner_03_HRC	ATP2A3	uORF	1B	HRC	P23327	0.1017	0.1531	Peripheral Surface Interaction	418.3	0.0	False		None	False		Metal-binding (627-673)	None	7	0	1	0	0.35	-8.7	5	4	29.4	28.38	0	4	2148.9	29421.3	0	0	None	0	0	0.31	0.54
c6riboseqorf128_partner_02_H2AX	BCLAF1	uORF	1B	H2AX	P16104	0.1014	0.3546	Known Macromolecular Subunit Competitor / Adaptor	964.4	100.0	False		None	False		Disordered (1-22)	6K1I; 6K1J; 6K1K; 7YQK; 9MLL; 9MLN; 9MLR; 9MLS; 9MMK; 9MMM	21	2	1	7	0.179	-8.86	9	13	47.4	17.37	0	6	2228.8	12059.2	0	0	None	107	13	0.54	0.44
c6norep180_partner_01_OR13G1	ROS1	uORF	1B	OR13G1	Q8NGZ3	0.1013	0.7658	Allosteric Regulatory Surface / Novel Epitope	1882.6	0.0	False		None	False		N/A	None	42	4	0	8	0.112	-12.59	17	22	47.2	27.77	0	18	3889.4	15346.5	0	0	None	0	0	0.77	0.44
c6norep46_partner_08_ENY2	NUP153-AS1	lncRNA-ORF	2B	ENY2	Q9NPA8	0.1011	0.3316	Known Macromolecular Subunit Competitor / Adaptor	1750.4	90.0	False		None	False		N/A	4DHX	30	3	1	9	0.107	-4.1	14	20	14.6	20.03	0	10	8491.0	8507.2	0	0	None	38	18	0.65	0.44
c4riboseqorf109_partner_03_PDGFD	PDGFC	uORF	1B	PDGFD	Q9GZP0	0.1012	0.4413	Allosteric Regulatory Surface / Novel Epitope	1216.0	0.0	False		None	False		CUB (52-170)	None	20	2	1	2	0.148	-10.74	9	15	33.3	27.56	0	7	3866.3	26620.7	0	0	None	0	0	0.71	0.39
c17riboseqorf88_partner_03_HSD17B7	HSD17B1-AS1	lncRNA-ORF	1B	HSD17B7	P56937	0.1024	0.544	Active Site Blocker / Competitive Decoy	6447.7	0.0	True	3.49	Proton acceptor (res 193)	True	1.99	N/A	None	177	22	5	11	0.038	-32.18	53	88	21.5	28.21	0	105	15102.2	17442.7	1	2	 (res 8);  (res 9);  (res 10);  (res 11);  (res 12);  (res 13);  (res 14);  (res 15)	0	0	0.79	0.29
c5riboseqorf22_partner_04_NMNAT2	NNT-AS1	lncRNA	1B	NMNAT2	Q9BZQ4	0.101	0.6325	Allosteric Regulatory Surface / Novel Epitope	2124.2	0.0	False		None	False	12.12	N/A	None	54	7	1	12	0.093	-8.96	17	34	29.3	23.18	1	21	6076.7	18478.3	0	11	None	0	0	0.69	0.35
c11riboseqorf4_partner_02_CASP2	PIDD1	uoORF	1A	CASP2	P42575	0.102	0.4639	Active Site Blocker / Competitive Decoy	6160.2	73.4	True	1.93	 (res 277);  (res 320)	False		Disordered (327-354)	1PYO; 2P2C; 3R5J; 3R6G; 3R6L; 3R7B; 3R7N; 3R7S; 3RJM; 6GKG	166	23	3	9	0.033	-9.3	63	79	36.8	28.31	2	95	13564.5	25016.7	2	0	None	194	58	0.73	0.31
c2riboseqorf136_partner_01_TCAP	TTN-AS1	lncRNA-ORF	4	TCAP	O15273	0.1007	0.1736	Shared Physiological Complex Interface	9449.9	41.5	False		None	False		Disordered (144-167)	1YA5; 2F8V	233	18	7	38	0.027	-11.28	92	94	72.4	24.68	1	117	8665.2	15865.0	0	0	None	70	39	0.32	0.3
c3norep158_partner_02_SMUG1	MBD4	intORF	1B	SMUG1	Q53HV7	0.1005	0.8253	Cofactor / Substrate Pocket Competitor	1831.9	52.0	False		None	True	2.03	DNA-binding (173-187)	9GM2	42	7	0	7	0.12	-10.45	14	25	66.7	26.17	1	18	2388.1	12536.8	0	4	 (res 84);  (res 98);  (res 239)	68	13	0.84	0.34
c17riboseqorf21_partner_03_ZNF397	AC012146.1	lncRNA	1B	ZNF397	Q8NF99	0.1006	0.2577	Allosteric Regulatory Surface / Novel Epitope	2732.0	0.0	False		None	False		SCAN box (50-132); Disordered (180-217)	None	70	7	0	9	0.105	-24.42	18	37	69.2	28.08	1	38	3571.8	38379.9	0	0	None	0	0	0.58	0.24
c17norep84_partner_03_SCN1B	nan	mixed	1B	SCN1B	Q07699	0.1003	0.5142	Known Macromolecular Subunit Competitor / Adaptor	219.0	100.0	False		None	False		N/A	21TQ; 25IH; 25II; 6J8G; 6J8H; 6J8I; 6J8J; 7W77; 7W7F; 7W9K	2	0	1	0	0.5	-9.63	2	2	6.2	20.4	0	1	4914.9	16816.7	0	0	None	50	2	0.78	0.69
c19riboseqorf66_partner_02_POLR2E	URI1	uORF	1B	POLR2E	P19388	0.1004	0.6183	Known Macromolecular Subunit Competitor / Adaptor	1358.1	68.2	False		None	False		N/A	7OB9; 7OBA; 7OBB; 7VBA; 7VBB; 7VBC; 8A43	38	5	2	4	0.123	-5.5	14	22	26.4	21.23	0	20	6670.9	12492.0	0	0	None	112	15	0.77	0.29
c1riboseqorf21_partner_02_RBX1	FBXO44	uORF	1B	RBX1	P62877	0.1002	0.3242	Active Site Cleft Occlusion / Proximal Inhibitor	3057.0	100.0	False		None	False	6.32	N/A	1LDJ; 1LDK; 1U6G; 29HG; 29HH; 29HI; 2HYE; 3DPL; 3DQV; 3RTR	74	8	1	13	0.095	-4.19	31	25	38.8	20.15	0	32	7843.2	9398.5	0	12	None	93	25	0.55	0.32
c12norep155_partner_01_LMNA	TMPO-AS1	lncRNA	1B	LMNA	P02545	0.1002	0.2372	Known Macromolecular Subunit Competitor / Adaptor	408.6	80.0	False		None	False		IF rod (31-387); Coil 1B (81-218); Coil 2 (243-383); Necessary and sufficient for the interaction with IFFO1 (259-331)	1X8Y; 6JLB; 6SNZ; 6YJD; 7D9N; 7X5D	6	0	0	0	0.4	-7.25	3	5	13.6	30.27	0	4	2791.4	55349.0	0	0	None	291	4	0.67	0.41
cXriboseqorf30_partner_04_KRTAP9-9	FAM104B	uoORF	1B	KRTAP9-9	Q9BYP9	0.1002	0.247	Allosteric Regulatory Surface / Novel Epitope	4712.8	0.0	False		None	False		14 X 5 AA repeats of C-C-[RQVGE]-[SPSTNQ]-[TASL] (8-152)	None	133	19	1	6	0.06	-22.65	46	48	63.9	21.63	1	81	7322.6	10938.0	0	0	None	0	0	0.34	0.29
c2riboseqorf55_partner_01_WBP1	WBP1	uORF	1B	WBP1	Q96G27	0.1	0.2756	Non-Interacting / Dissociated	0.0	0.0	False		None	False		N/A	None	0	0	0	0	0.0	0.0	0	0	0.0		0	0			0	0	None	0	0	0.76	0.52
c20norep33_partner_05_CPSF4	ENSG00000275457	lncRNA-ORF	4	CPSF4	O95639	0.1001	0.2786	Known Macromolecular Subunit Competitor / Adaptor	2022.1	67.9	False		None	False		N/A	2RHK; 6DNH; 6FUW; 6URG; 6URO; 8E3I; 8E3Q; 8R8R; 9OXE; 9OXS	52	5	0	8	0.109	-11.64	17	28	58.6	26.1	1	24	3731.9	23091.2	0	0	None	99	19	0.59	0.45
c1riboseqorf39_partner_10_SYNCRIP	HNRNPR	intORF	1B	SYNCRIP	O60506	0.1002	0.3986	Allosteric Regulatory Surface / Novel Epitope	1085.1	0.0	False		None	False		Interaction with APOBEC1 (400-561); 8 X 3 AA repeats of R-G-G (448-559); 3 X 4 AA repeats of Y-Y-G-Y (460-488)	None	24	4	0	0	0.132	-11.95	13	14	28.9	28.48	1	13	4122.6	32965.6	0	0	None	0	0	0.61	0.28
c13riboseqorf12_partner_02_UBC	SLC46A3	uORF	1B	UBC	P0CG48	0.1004	0.2011	Shared Physiological Complex Interface	8095.4	42.0	False		None	False		Ubiquitin-like 1 (1-76); Ubiquitin-like 2 (77-152); Ubiquitin-like 3 (153-228); Ubiquitin-like 4 (229-304); Ubiquitin-like 5 (305-380); Ubiquitin-like 6 (381-456); Ubiquitin-like 7 (457-532); Ubiquitin-like 8 (533-608); Ubiquitin-like 9 (609-684)	11SY; 1CMX; 1F9J; 1FXT; 1GJZ; 1NBF; 1Q5W; 1S1Q; 1XD3; 1YX5	210	20	2	11	0.03	-1.94	62	112	77.5	29.77	1	123	8776.1	36963.4	0	0	None	189	47	0.77	0.3
c2riboseqorf119_partner_03_RBX1	DCAF17	intORF	1B	RBX1	P62877	0.0995	0.3817	Active Site Cleft Occlusion / Proximal Inhibitor	2123.7	100.0	False		None	False	5.5	N/A	1LDJ; 1LDK; 1U6G; 29HG; 29HH; 29HI; 2HYE; 3DPL; 3DQV; 3RTR	41	0	1	10	0.108	-8.72	18	21	66.7	19.27	0	18	3485.2	8630.0	0	12	None	93	21	0.52	0.33
c11norep130_partner_03_P2RX1	P2RY2	uORF	2B	P2RX1	P51575	0.0997	0.6712	Known Macromolecular Subunit Competitor / Adaptor	353.7	100.0	False		None	False	27.22	N/A	9B95; 9C2A; 9C2C; 9LXC	3	0	0	1	0.5	-10.02	2	3	6.1	27.03	0	1	4788.9	27813.1	0	14	None	123	3	0.77	0.55
c2norep270_partner_08_TEKT1	ENSG00000224090	lncRNA-ORF	4	TEKT1	Q969V4	0.0999	0.6273	Allosteric Regulatory Surface / Novel Epitope	3755.8	0.0	False		None	False		N/A	None	69	5	3	9	0.047	-5.84	38	39	45.8	28.2	0	37	9480.4	30218.7	0	0	None	0	0	0.84	0.23
c14norep29_partner_03_CKAP2	G2E3	intORF	1B	CKAP2	Q8WWK9	0.0996	0.2392	Peripheral Surface Interaction	64.6	0.0	False		None	False		Disordered (336-403)	None	1	0	0	0	1.0	-9.63	1	1	3.8	29.83	0	1	3033.2	77570.7	0	0	None	0	0	0.66	0.5
c5riboseqorf134_partner_01_FAM131B	RNF130	uORF	1B	FAM131B	Q86XD5	0.0994	0.161	Allosteric Regulatory Surface / Novel Epitope	3245.1	0.0	False		None	False		Disordered (1-22); Disordered (95-114); Disordered (222-332)	None	93	8	4	11	0.095	-9.71	20	49	100.0	27.49	1	46	2311.8	16533.3	0	0	None	0	0	0.35	0.36
c19riboseqorf66_partner_04_PFDN2	URI1	uORF	1B	PFDN2	Q9UHV9	0.0993	0.4272	Known Macromolecular Subunit Competitor / Adaptor	1760.9	90.0	False		None	False		N/A	6NR8; 6NR9; 6NRB; 6NRC; 6NRD; 7WU7	37	4	2	5	0.097	-6.43	19	20	35.8	19.14	0	13	6668.8	13548.4	0	0	None	67	18	0.6	0.38
c18norep21_partner_01_SCN4B	nan	mixed	1B	SCN4B	Q8IWT1	0.0988	0.5183	Shared Physiological Complex Interface	153.1	50.0	False		None	False		Ig-like C2-type (31-148)	5XAW	2	0	1	1	0.5	-9.63	2	2	6.9	23.18	0	0	4207.8	19310.9	0	0	None	27	1	0.79	0.59
c2riboseqorf136_partner_06_TRIM54	TTN-AS1	lncRNA-ORF	4	TRIM54	Q9BYV2	0.0998	0.3538	Allosteric Regulatory Surface / Novel Epitope	1639.6	0.0	False		None	False	71.82	COS (271-329); Disordered (326-358)	None	39	2	3	2	0.127	-3.94	18	17	14.2	26.93	0	21	7655.7	30394.0	0	4	None	12	0	0.72	0.38
c16norep60_partner_03_INO80B	INO80E	intORF	1B	INO80B	Q9C086	0.0993	0.1883	Known Macromolecular Subunit Competitor / Adaptor	650.7	100.0	False		None	False		Disordered (286-310)	6HTS; 7ZI4; 9GCG; 9GE5; 9GEV; 9GFB	15	2	0	2	0.357	-12.36	6	7	9.1	22.66	0	8	9724.4	41287.2	0	0	None	76	7	0.7	0.66
c11riboseqorf17_partner_02_EIF4A2	EIF4G2	uORF	1B	EIF4A2	Q14240	0.0989	0.5884	Cofactor / Substrate Pocket Competitor	1973.5	0.0	False		None	True	2.85	Helicase ATP-binding (64-235); Helicase C-terminal (246-407); Disordered (1-22)	None	52	9	0	2	0.129	-13.27	13	31	81.2	27.63	0	22	1883.2	19096.3	0	1	 (res 79);  (res 80);  (res 81);  (res 82);  (res 83);  (res 84)	0	0	0.79	0.25
c1riboseqorf145_partner_01_HNF1A	PHTF1	uORF	1B	HNF1A	P20823	0.099	0.3019	Allosteric Regulatory Surface / Novel Epitope	4041.7	12.3	False		None	False		POU-specific atypical (87-182); Disordered (183-205); Interaction with DNA (203-206); Interaction with DNA (263-265); Interaction with DNA (270-273); Disordered (283-358)	1IC8; 8PI7; 8PI8; 8PI9; 8PIA	120	19	0	12	0.066	-15.61	32	57	68.1	29.77	0	55	4957.3	34432.6	0	0	None	53	7	0.48	0.43
c12riboseqorf32_partner_02_TRAF3IP3	FGFR1OP2	uORF	1B	TRAF3IP3	Q9Y228	0.0986	0.2793	Peripheral Surface Interaction	575.5	0.0	False		None	False		Disordered (73-95)	None	8	0	0	0	0.333	-13.01	4	6	17.4	30.47	0	0	3015.9	47012.8	0	0	None	0	0	0.62	0.53
c16norep74_partner_01_CACYBP	SIAH1	intORF	1B	CACYBP	Q9HB71	0.0987	0.3468	Allosteric Regulatory Surface / Novel Epitope	1592.9	0.0	False		None	False		CS (73-167); SGS (168-228); Interaction with SKP1 (73-228); Interaction with S100A6 (154-228)	None	25	0	0	13	0.098	-10.98	15	17	20.3	22.96	0	10	6307.8	18272.0	0	0	None	28	0	0.66	0.42
c1norep182_partner_07_CDR2	IGSF3	uORF	1B	CDR2	Q01850	0.0986	0.2325	Allosteric Regulatory Surface / Novel Epitope	2622.7	0.0	False		None	False		N/A	None	49	5	0	2	0.097	-18.62	22	23	62.9	27.44	2	21	4134.8	34992.6	0	0	None	0	0	0.52	0.37
c9riboseqorf81_partner_04_RAB9A	RABEPK	uORF	1B	RAB9A	P51151	0.0985	0.6645	Active Site Cleft Occlusion / Proximal Inhibitor	1216.2	5.9	False		None	False	7.79	N/A	7E1T	31	5	0	0	0.166	-6.57	11	17	52.4	22.77	0	19	2410.5	12488.7	0	28	None	15	1	0.7	0.28
c1riboseqorf39_partner_05_HNRNPA2B1	HNRNPR	intORF	1B	HNRNPA2B1	P22626	0.0986	0.445	Known Macromolecular Subunit Competitor / Adaptor	2357.9	66.7	False		None	False		RRM 1 (21-104); RRM 2 (112-191); Disordered (193-353)	6WPQ; 6WQK; 7WM3; 8DU2; 8DUW; 8EC7; 8HNI	56	4	1	8	0.078	-12.13	24	30	53.3	26.55	0	26	4170.0	23963.8	0	0	None	120	20	0.58	0.32
c16riboseqorf104_partner_05_TMEM129	PSKH1	uORF	1B	TMEM129	A0AVI4	0.0985	0.6507	Peripheral Surface Interaction	707.1	0.0	False		None	False		N/A	None	11	0	0	3	0.229	-9.55	6	8	18.2	27.81	0	6	4323.7	21359.6	0	0	None	0	0	0.82	0.58
c2riboseqorf155_partner_02_BMP4	BMPR2	uORF	1B	BMP4	P12644	0.0983	0.6872	Allosteric Regulatory Surface / Novel Epitope	1792.3	0.0	False		None	False		N/A	None	40	4	1	11	0.139	-9.48	12	24	57.1	28.27	2	19	2480.9	23991.3	0	0	None	0	0	0.67	0.27
c16norep119_partner_10_FOXA1	ZFHX3-AS1	lncRNA-ORF	4	FOXA1	P55317	0.0991	0.2359	Allosteric Regulatory Surface / Novel Epitope	5609.8	21.3	False		None	False		Disordered (269-392)	7VOX; 8VFY; 8VFZ; 8VG1; 8VG2	122	8	1	15	0.035	-32.18	57	61	37.0	29.36	1	71	9968.2	33484.4	0	0	None	40	13	0.44	0.4
c7norep212_partner_02_UBC	OR2A1-AS1	lncRNA-ORF	1B	UBC	P0CG48	0.0984	0.208	Allosteric Regulatory Surface / Novel Epitope	3512.9	14.0	False		None	False		Ubiquitin-like 1 (1-76); Ubiquitin-like 2 (77-152); Ubiquitin-like 4 (229-304); Ubiquitin-like 5 (305-380); Ubiquitin-like 6 (381-456); Ubiquitin-like 7 (457-532); Ubiquitin-like 8 (533-608); Ubiquitin-like 9 (609-684)	11SY; 1F9J; 2MBO; 2XEW; 3A33; 3C0R; 3O65; 3WXF; 3ZNZ; 4AP4	62	4	2	6	0.04	-5.23	36	43	60.0	30.0	0	31	7013.7	41759.2	0	0	None	189	6	0.76	0.32
c6norep53_partner_03_MFGE8	BTN3A2	dORF	1A	MFGE8	Q08431	0.0987	0.4063	Allosteric Regulatory Surface / Novel Epitope	2201.4	0.0	False		None	False		EGF-like (24-67); F5/8 type C 1 (70-225)	None	57	9	4	3	0.085	-6.51	29	23	12.8	28.22	0	30	13620.9	20260.5	0	0	None	50	0	0.81	0.59
c1norep148_partner_02_SLC39A5	ZNF644	lncRNA-ORF	1B	SLC39A5	Q6ZMH5	0.0983	0.4591	Allosteric Regulatory Surface / Novel Epitope	2080.2	0.0	False		None	False		N/A	None	43	1	1	17	0.09	-11.36	20	24	44.4	28.97	0	18	4318.3	36705.6	0	0	None	11	0	0.58	0.35
c20norep56_partner_03_TIMM10	ROMO1	dORF	1B	TIMM10	P62072	0.0975	0.3765	Known Macromolecular Subunit Competitor / Adaptor	1351.3	100.0	False		None	False		N/A	2BSK; 7CGP; 9WV1	31	1	0	6	0.152	-10.93	12	17	54.5	18.36	1	18	2442.8	8168.4	0	0	None	72	17	0.58	0.38
c6riboseqorf128_partner_08_EMD	BCLAF1	uORF	1B	EMD	P50402	0.0973	0.2474	Non-Interacting / Dissociated	0.0	0.0	False		None	False		N/A	None	0	0	0	0	0.0	0.0	0	0	0.0		0	0			0	0	None	0	0	0.78	0.83
c11riboseqorf51_partner_02_ATG14	ATG13	uoORF	1B	ATG14	Q6ZNE5	0.0981	0.4351	Peripheral Surface Interaction	592.5	0.0	False		None	False		Disordered (410-473); BATS (413-492)	None	10	2	1	0	0.278	-6.25	6	6	13.6	29.55	0	6	4989.7	39130.2	0	0	None	145	0	0.65	0.4
c2norep270_partner_02_CLPX	ENSG00000224090	lncRNA-ORF	4	CLPX	O76031	0.0983	0.5389	Non-Interacting / Dissociated	0.0	0.0	False		None	False		N/A	None	0	0	0	0	0.0	0.0	0	0	0.0		0	0			0	0	None	0	0	0.72	0.51
c11riboseqorf133_partner_01_CDK2	NPAT	uoORF	1B	CDK2	P24941	0.098	0.7731	Shared Physiological Complex Interface	1994.5	56.0	False	13.83	None	False	13.83	Protein kinase (4-286)	11GV; 1E9H; 1F5Q; 1FIN; 1FVV; 1GY3; 1H1P; 1H1Q; 1H1R; 1H1S	47	7	0	0	0.09	-22.96	21	25	30.4	26.12	0	28	5187.8	14937.0	1	21	None	158	14	0.83	0.29
c5riboseqorf144_partner_01_MYF6	ZFP62	uoORF	1B	MYF6	P23409	0.097	0.271	Allosteric Regulatory Surface / Novel Epitope	1074.8	0.0	False		None	False		bHLH (93-144)	None	17	0	1	6	0.126	-9.73	9	15	23.1	26.02	1	3	4569.4	21297.6	0	0	None	0	0	0.52	0.61
c14norep4_partner_02_GATAD2A	ZNF219	uORF	1A	GATAD2A	Q86YP4	0.098	0.2025	Allosteric Regulatory Surface / Novel Epitope	1425.4	6.7	False		None	False		CR1; interaction with HDAC1, HDAC2, MBD2 and MTA2 (144-178); CR2; histone tail-binding and interaction with CHD4 and CDK2AP1 (340-480)	2L2L	27	1	0	5	0.113	-10.3	16	15	20.0	27.86	1	10	8733.4	47027.6	0	0	None	10	1	0.48	0.61
c10norep38_partner_01_WASF2	ABI1	intORF	1B	WASF2	Q9Y6W5	0.097	0.1904	Peripheral Surface Interaction	607.7	0.0	False		None	False		N/A	None	5	0	0	2	0.2	-9.05	5	5	10.9	28.87	0	1	6147.8	48854.9	0	0	None	12	0	0.56	0.47
c8riboseqorf89_partner_01_DCAF13	DCAF13	uORF	2B	DCAF13	Q9NV06	0.0969	0.7804	Known Macromolecular Subunit Competitor / Adaptor	3682.8	75.5	False		None	False		Required for nucleolar location (353-441)	7MQ9	75	9	0	9	0.043	-9.03	36	49	59.0	28.06	3	43	7426.8	25869.5	0	0	None	154	37	0.85	0.43
c22riboseqorf18_partner_01_LRRC75B	GUCD1	uoORF	1B	LRRC75B	Q2VPJ9	0.0968	0.4897	Allosteric Regulatory Surface / Novel Epitope	1518.8	0.0	False		None	False		N/A	None	30	0	0	8	0.111	-9.8	15	18	25.4	22.27	0	16	6621.1	21288.6	0	0	None	0	0	0.62	0.42
c17riboseqorf88_partner_01_HSD17B2	HSD17B1-AS1	lncRNA-ORF	1B	HSD17B2	P37059	0.0983	0.5659	Active Site Blocker / Competitive Decoy	2004.4	0.0	True	1.47	 (res 232)	True	2.39	N/A	None	60	9	0	3	0.114	-30.89	15	35	6.1	29.71	0	32	14040.7	19910.3	1	2	 (res 89);  (res 91);  (res 92);  (res 93);  (res 94);  (res 95);  (res 219)	0	0	0.8	0.32
c6norep97_partner_10_PSME1	PSMB8-AS1	lncRNA-ORF	1B	PSME1	Q06323	0.0967	0.6569	Known Macromolecular Subunit Competitor / Adaptor	3071.9	85.7	False		None	False		N/A	1AVO; 7DR6; 7DRW; 7NAO; 7NAP; 8CXB	62	4	3	12	0.063	-8.06	28	35	44.4	25.93	0	28	6053.7	16898.9	0	0	None	166	30	0.8	0.34
c6riboseqorf128_partner_06_SRSF1	BCLAF1	uORF	1B	SRSF1	Q07955	0.0963	0.3052	Known Macromolecular Subunit Competitor / Adaptor	1712.2	62.5	False		None	False		RRM 1 (16-91); Disordered (88-134)	2M8D; 4C0O; 6HPJ	39	3	2	6	0.108	-9.55	15	24	78.9	25.58	0	21	2210.5	19362.2	0	0	None	71	15	0.58	0.34
c11norep73_partner_03_GSPT1	ZFP91	intORF	1B	GSPT1	P15170	0.0966	0.5494	Shared Physiological Complex Interface	2915.9	35.6	False		None	False	10.19	tr-type G (72-298); Disordered (1-69); G2 (137-141); G3 (158-161)	3J5Y; 3KUI; 4D61	86	8	4	6	0.091	8.8	21	45	84.0	28.46	0	48	2872.6	23240.3	0	3	None	74	16	0.71	0.35
c15norep54_partner_01_SYTL4	RAB27A	intORF	1B	SYTL4	Q96C24	0.0965	0.3556	Allosteric Regulatory Surface / Novel Epitope	1748.8	0.0	False		None	False		RabBD (4-122); Disordered (199-243)	None	39	6	3	2	0.116	-12.39	16	21	64.0	30.0	0	16	3066.7	44300.1	0	0	None	0	0	0.61	0.46
c4riboseqorf83_partner_04_GAPDH	SNHG8	lncRNA	1B	GAPDH	P04406	0.0962	0.8487	Active Site Blocker / Competitive Decoy	3642.7	17.0	True	3.33	Nucleophile (res 152)	True	2.46	Interaction with WARS1 (2-148)	1U8F; 1ZNQ; 27FM; 3GPD; 4WNC; 4WNI; 6ADE; 6IQ6; 6M61; 6YND	95	14	2	4	0.066	-4.46	27	53	51.9	26.99	0	48	5883.3	15632.2	1	9	 (res 13);  (res 14);  (res 35);  (res 122);  (res 151);  (res 152);  (res 153);  (res 182);  (res 211);  (res 212);  (res 234)	82	9	0.94	0.3
c6riboseqorf139_partner_01_GADD45A	MAP3K4-AS1	lncRNA-ORF	1B	GADD45A	P24522	0.096	0.4946	Allosteric Regulatory Surface / Novel Epitope	1463.9	0.0	False		None	False		N/A	None	24	1	1	1	0.133	-3.94	12	15	20.7	22.78	0	14	5779.3	11166.3	0	0	None	0	0	0.6	0.46
c9riboseqorf24_partner_04_CREB3L4	CREB3	processed_transcript	1B	CREB3L4	Q8TEY5	0.0963	0.3006	Peripheral Surface Interaction	89.8	0.0	False		None	False		bZIP (217-280); Leucine-zipper (259-280)	None	2	0	0	0	0.5	-9.52	2	2	3.2	27.63	0	2	9216.3	48187.1	0	0	None	0	0	0.76	0.62
c11norep116_partner_03_TEPSIN	ANKRD13D	intORF	1B	TEPSIN	Q96N21	0.0965	0.2769	Peripheral Surface Interaction	178.0	0.0	False		None	False		N/A	None	1	0	0	0	1.0	-10.5	1	1	1.6	24.17	0	1	9404.5	47459.9	0	0	None	26	0	0.67	0.6
c14norep4_partner_05_GATAD2B	ZNF219	uORF	1A	GATAD2B	Q8WXI9	0.0965	0.2062	Allosteric Regulatory Surface / Novel Epitope	2345.2	0.0	False		None	False		CR1; interaction with MBD2 and MBD3 (165-195); CR2; histone tail-binding (340-480)	None	46	4	2	8	0.077	-5.46	26	23	32.5	29.5	0	22	7846.8	48284.8	0	0	None	0	0	0.47	0.48
c2riboseqorf18_partner_01_CHMP1B	SPAST	uoORF	1B	CHMP1B	Q7LBR1	0.096	0.4507	Known Macromolecular Subunit Competitor / Adaptor	1434.6	100.0	False		None	False		N/A	3JC1; 6E8G; 6TZ5; 6TZ9; 8V2Q; 8V2R; 8V2S	33	4	1	7	0.157	-10.46	14	15	25.5	19.9	0	16	6025.9	13111.8	0	0	None	156	15	0.64	0.46
c22norep57_partner_05_DLL1	MFNG	uORF	1B	DLL1	O00548	0.0958	0.3942	Non-Interacting / Dissociated	0.0	0.0	False		None	False		N/A	None	0	0	0	0	0.0	0.0	0	0	0.0		0	0			0	0	None	0	0	0.81	0.71
c2norep113_partner_01_ARL6IP4	KRCC1	intORF	1B	ARL6IP4	Q66PJ3	0.0956	0.2012	Allosteric Regulatory Surface / Novel Epitope	925.7	0.0	False		None	False		N/A	None	19	2	0	4	0.176	-6.38	9	12	47.4	24.85	0	7	2584.4	24931.7	0	0	None	0	0	0.56	0.51
c4riboseqorf30_partner_05_ACADM	SLC30A9	uORF	1B	ACADM	P11310	0.0956	0.8099	Cofactor / Substrate Pocket Competitor	2482.4	63.3	False	8.29	None	True	1.95	N/A	1EGC; 1EGD; 1EGE; 1T9G; 2A1T; 4P13; 8SGP	62	7	2	5	0.079	-13.25	26	30	61.9	28.54	0	30	4086.6	20702.9	1	10	in other chain (res 162); in other chain (res 163); in other chain (res 164); in other chain (res 165); in other chain (res 166); in other chain (res 167);  (res 167); in other chain (res 191); in other chain (res 403); in other chain (res 405)	114	19	0.85	0.24
c17norep110_partner_03_SCN1B	nan	mixed	1B	SCN1B	Q07699	0.0955	0.4324	Known Macromolecular Subunit Competitor / Adaptor	417.7	100.0	False		None	False		N/A	21TP; 21TQ; 25IH; 25II; 25IJ; 6AGF; 6J8G; 6J8H; 6J8I; 6J8J	6	0	0	2	0.24	-9.05	5	5	5.1	15.52	0	3	14026.5	16757.5	0	0	None	50	5	0.75	0.63
c5riboseqorf131_partner_03_ELF4	PRR7	uORF	1B	ELF4	Q99607	0.0959	0.2241	Allosteric Regulatory Surface / Novel Epitope	1912.4	0.0	False		None	False		RUNX1-binding (87-206)	None	48	4	0	6	0.105	-11.34	17	27	32.7	29.4	0	26	6337.6	34884.4	0	0	None	0	0	0.36	0.45
cXriboseqorf74_partner_09_DFFA	DNASE1L1	uORF	4	DFFA	O00273	0.0951	0.4055	Allosteric Regulatory Surface / Novel Epitope	2032.8	0.0	False		None	False		CIDE-N (17-96); Disordered (305-331)	None	46	6	1	2	0.108	-7.86	17	25	65.4	28.37	0	18	3465.9	22991.5	0	0	None	0	0	0.65	0.65
c3riboseqorf162_partner_01_IFT57	IFT80	uORF	1B	IFT57	Q9NWB7	0.0944	0.3071	Non-Interacting / Dissociated	0.0	0.0	False		None	False		N/A	None	0	0	0	0	0.0	0.0	0	0	0.0		0	0			0	0	None	0	0	0.68	0.58
c5riboseqorf144_partner_03_KNOP1	ZFP62	uoORF	1B	KNOP1	Q1ED39	0.095	0.164	Peripheral Surface Interaction	673.5	0.0	False		None	False		Disordered (1-21); Interaction with ZNF106 (306-458)	None	15	1	0	8	0.214	-10.5	7	10	17.9	29.14	0	3	4647.7	42395.9	0	0	None	0	0	0.47	0.72
c10riboseqorf110_partner_01_SELENOK	ZDHHC6	uORF	1B	SELENOK	Q9Y6D0	0.0943	0.2255	Peripheral Surface Interaction	613.9	0.0	False		None	False		N/A	None	8	1	0	0	0.229	-7.14	5	7	18.5	20.07	1	4	3127.9	9931.9	0	0	None	7	0	0.49	0.47
c1riboseqorf120_partner_02_BEST1	LRRC8D	uORF	1B	BEST1	O76090	0.0954	0.5463	Non-Interacting / Dissociated	0.0	0.0	False		None	False		N/A	None	0	0	0	0	0.0	0.0	0	0	0.0		0	0			0	0	None	0	0	0.76	0.8
c3norep241_partner_06_SCO2	P3H2	intORF	1B	SCO2	O43819	0.0943	0.575	Non-Interacting / Dissociated	0.0	0.0	False		None	False		N/A	None	0	0	0	0	0.0	0.0	0	0	0.0		0	0			0	0	None	0	0	0.88	0.52
c6riboseqorf102_partner_03_DPPA3	LIN28B	uoORF	1B	DPPA3	Q6W0C5	0.0947	0.1567	Allosteric Regulatory Surface / Novel Epitope	6346.7	18.5	False		None	False		Disordered (1-31); Disordered (140-159)	8WMS; 8XV7; 8XV8	144	16	5	24	0.037	-1.16	60	65	69.0	23.48	0	68	7916.7	14557.0	0	0	None	21	12	0.39	0.3
c4riboseqorf100_partner_01_FEZ1	SCOC-AS1	lncRNA	1B	FEZ1	Q99689	0.0942	0.3589	Allosteric Regulatory Surface / Novel Epitope	2899.2	0.0	False		None	False		N/A	None	65	2	0	11	0.086	-16.88	23	33	95.8	27.77	0	34	3083.3	34892.3	0	0	None	0	0	0.57	0.39
c17norep109_partner_02_LTBR	MAP3K14-AS1	lncRNA-ORF	4	LTBR	P36941	0.094	0.4155	Non-Interacting / Dissociated	0.0	0.0	False		None	False		N/A	None	0	0	0	0	0.0	0.0	0	0	0.0		0	0			0	0	None	0	0	0.84	0.61
c17riboseqorf25_partner_02_DSN1	MIS12	uORF	1B	DSN1	Q9H410	0.0937	0.2542	Known Macromolecular Subunit Competitor / Adaptor	461.3	100.0	False		None	False		N/A	5LSJ; 5LSK; 8PPR; 8Q5H	6	0	0	1	0.375	-10.86	4	4	17.4	27.1	0	3	2732.8	35430.0	0	0	None	160	4	0.64	0.49
c15norep54_partner_03_SYTL1	RAB27A	intORF	1B	SYTL1	Q8IYJ3	0.0939	0.3463	Allosteric Regulatory Surface / Novel Epitope	1603.1	0.0	False		None	False		C2 2 (398-527)	None	36	5	1	2	0.1	-8.06	15	24	60.0	27.56	0	22	2916.6	30498.9	0	0	None	0	0	0.63	0.3
c6riboseqorf20_partner_03_BTN2A1	BTN2A2	uORF	1B	BTN2A1	Q7KYR7	0.0939	0.4058	Allosteric Regulatory Surface / Novel Epitope	813.8	0.0	False		None	False		B30.2/SPRY (310-506)	None	14	1	0	1	0.156	-6.79	10	9	50.0	29.63	0	7	2696.5	35974.9	0	0	None	196	0	0.8	0.57
c10riboseqorf118_partner_01_SHTN1	SHTN1	uORF	4	SHTN1	A0MZ66	0.0936	0.2052	Allosteric Regulatory Surface / Novel Epitope	1186.2	0.0	False		None	False		N/A	None	22	3	1	2	0.154	-5.41	11	13	52.4	30.76	0	13	2188.9	54069.1	0	0	None	0	0	0.6	0.52
c8riboseqorf95_partner_01_TAF11	TAF2	uoORF	1B	TAF11	Q15544	0.0936	0.3876	Shared Physiological Complex Interface	298.0	33.3	False		None	False		N/A	7EGB; 7EGD; 7EGE; 7EGF; 7EGI; 7EGJ	5	0	1	0	0.417	-8.81	4	3	20.0	22.3	0	3	3111.2	19183.9	0	0	None	74	1	0.63	0.62
c15norep81_partner_03_RHOA	MYO9A	intORF	1B	RHOA	P61586	0.0936	0.6542	Cofactor / Substrate Pocket Competitor	2041.3	91.3	False		None	True	1.97	Switch II region; involved in RAP1GDS1 isoform 2 binding (61-78)	1CC0; 1CXZ; 1LB1; 1S1C; 1TX4; 1X86; 1XCG; 3KZ1; 3LW8; 3LWN	40	8	2	3	0.109	-8.69	16	23	41.0	21.35	1	20	4696.7	11230.7	0	26	 (res 15);  (res 15);  (res 19);  (res 19);  (res 19);  (res 34);  (res 37);  (res 37);  (res 59);  (res 62)	87	21	0.69	0.32
c8riboseqorf67_partner_01_PEX12	PEX2	uoORF	1B	PEX12	O00623	0.0936	0.5685	Non-Interacting / Dissociated	0.0	0.0	False		None	False		N/A	None	0	0	0	0	0.0	0.0	0	0	0.0		0	0			0	0	None	0	0	0.82	0.57
c1norep108_partner_03_CNOT2	GPBP1L1	uORF	1B	CNOT2	Q9NZN8	0.0936	0.263	Allosteric Regulatory Surface / Novel Epitope	1811.2	4.0	False		None	False		Disordered (276-342)	4C0D; 5FU6; 5FU7	66	11	0	1	0.126	-16.03	21	25	80.8	30.96	0	37	2665.0	35657.9	0	0	None	128	1	0.46	0.51
c1norep307_partner_03_RASSF1	RASSF5	uORF	1B	RASSF1	Q9NS23	0.0935	0.6069	Allosteric Regulatory Surface / Novel Epitope	1425.6	0.0	False		None	False		Ras-associating (198-292); SARAH (294-341); Mediates interaction with E4F1 (2-119)	None	39	5	0	6	0.155	-5.14	14	18	53.8	25.69	0	21	2833.9	23514.2	0	0	None	6	0	0.68	0.29
c11norep50_partner_08_DBN1	NAV2-AS2	lncRNA-ORF	4	DBN1	Q16643	0.0938	0.2486	Non-Interacting / Dissociated	0.0	0.0	False		None	False		N/A	None	0	0	0	0	0.0	0.0	0	0	0.0		0	0			0	0	None	0	0	0.64	0.59
c7norep92_partner_01_PSAT1	PSPH	uORF	1B	PSAT1	Q9Y617	0.0934	0.9139	Cofactor / Substrate Pocket Competitor	796.2	54.5	False		None	True	2.55	N/A	3E77; 8A5V; 8A5W	14	3	0	2	0.212	-6.9	6	11	30.0	26.81	1	5	2758.4	16535.2	0	13	 (res 80);  (res 107);  (res 335);  (res 336)	69	6	0.93	0.32
c16norep74_partner_02_GAPDH	SIAH1	intORF	1B	GAPDH	P04406	0.0935	0.8035	Active Site Blocker / Competitive Decoy	1637.1	40.0	True	2.73	Nucleophile (res 152)	True	2.33	Interaction with WARS1 (2-148)	1U8F; 1ZNQ; 27FM; 3GPD; 4WNC; 4WNI; 6ADE; 6IQ6; 6M61; 6YND	40	3	1	5	0.107	-8.21	15	25	20.3	26.67	0	20	6175.4	15344.7	1	9	 (res 13);  (res 14);  (res 35);  (res 122);  (res 152);  (res 153);  (res 182);  (res 316)	82	10	0.93	0.43
c12norep111_partner_01_MSRA	MSRB3	intORF	1B	MSRA	Q9UJ68	0.0934	0.6859	Active Site Cleft Occlusion / Proximal Inhibitor	1689.9	0.0	False	6.35	None	False		N/A	None	37	2	0	3	0.105	-11.46	16	22	30.8	22.73	1	22	5673.9	12633.2	1	0	None	0	0	0.8	0.36
c4norep192_partner_01_ZIC1	TENM3	intORF	1B	ZIC1	Q15915	0.0935	0.2665	Allosteric Regulatory Surface / Novel Epitope	2739.6	0.0	False		None	False		N/A	None	69	8	2	4	0.079	-19.79	23	38	32.4	28.86	7	28	5578.2	25152.1	0	0	None	0	0	0.47	0.36
c2riboseqorf11_partner_02_FOXK2	ASXL2	uORF	1B	FOXK2	Q01167	0.0933	0.2343	Peripheral Surface Interaction	679.9	0.0	False		None	False	13.93	FHA (54-128)	None	14	0	0	1	0.222	-13.03	9	7	52.9	29.99	0	4	2032.1	37138.8	0	4	None	22	0	0.44	0.39
c12riboseqorf108_partner_03_FOXO3	BTG1	uORF	1B	FOXO3	O43524	0.0932	0.2155	Allosteric Regulatory Surface / Novel Epitope	1851.0	0.0	False		None	False		Disordered (1-153); Mediates interaction with CHUK/IKKA and IKBKB/IKKB (300-673); Disordered (536-587)	None	42	7	2	7	0.097	-5.96	18	24	78.3	31.33	0	18	2493.4	42800.6	0	0	None	59	0	0.51	0.67
c11riboseqorf31_partner_05_PIAS2	NAV2-AS2	lncRNA-ORF	4	PIAS2	O75928	0.0932	0.4742	Allosteric Regulatory Surface / Novel Epitope	1814.4	0.0	False		None	False	11.93	PINIT (134-299)	None	39	4	1	3	0.111	-7.16	16	22	51.6	29.47	0	18	3652.7	50988.1	0	4	None	10	0	0.66	0.42
c19norep29_partner_02_CLPX	LONP1	uoORF	1A	CLPX	O76031	0.0935	0.5141	Non-Interacting / Dissociated	0.0	0.0	False		None	False		N/A	None	0	0	0	0	0.0	0.0	0	0	0.0		0	0			0	0	None	0	0	0.71	0.77
c6norep97_partner_06_PSMB1	PSMB8-AS1	lncRNA-ORF	1B	PSMB1	P20618	0.093	0.5863	Known Macromolecular Subunit Competitor / Adaptor	3096.1	84.2	False		None	False		N/A	22MM; 4R3O; 4R67; 5A0Q; 5GJQ; 5GJR; 5L4G; 5L5B; 5L5D; 5L5E	63	4	1	10	0.064	-19.26	26	38	41.3	25.03	2	30	6623.4	13225.0	0	0	None	108	32	0.67	0.36
c17riboseqorf38_partner_01_PPARG	NCOR1	uORF	1B	PPARG	P37231	0.0926	0.5643	Allosteric Regulatory Surface / Novel Epitope	1881.9	23.5	False		None	False	23.92	N/A	3DZU; 3DZY; 3E00	46	9	0	2	0.169	-5.99	16	17	94.1	29.21	0	23	2398.0	27585.6	0	4	None	159	4	0.67	0.25
c17norep109_partner_10_RELB	MAP3K14-AS1	lncRNA-ORF	4	RELB	Q01201	0.0928	0.4202	Non-Interacting / Dissociated	0.0	0.0	False		None	False		N/A	None	0	0	0	0	0.0	0.0	0	0	0.0		0	0			0	0	None	0	0	0.62	0.39
c17riboseqorf106_partner_03_MAF	NFE2L1	uORF	1B	MAF	O75444	0.0927	0.2301	Allosteric Regulatory Surface / Novel Epitope	4027.8	0.0	False		None	False		bZIP (288-351); Disordered (57-84); Represses ARE-mediated transcription (126-373); Basic motif (288-313)	None	94	12	0	18	0.061	-25.87	33	47	55.9	27.33	4	36	6156.8	29161.4	0	0	None	0	0	0.44	0.32
c7norep197_partner_03_LUZP6	MTPN	doORF	1B	LUZP6	Q538Z0	0.0921	0.1821	Allosteric Regulatory Surface / Novel Epitope	3467.8	0.0	False		None	False		N/A	None	92	8	1	23	0.067	-35.87	39	35	48.1	20.26	1	42	6993.4	5127.7	0	0	None	0	0	0.36	0.3
c8riboseqorf104_partner_04_GAPDH	CASC19	lncRNA	1B	GAPDH	P04406	0.0928	0.8162	Active Site Blocker / Competitive Decoy	3461.6	12.2	True	2.37	Nucleophile (res 152)	True	2.06	Interaction with WARS1 (2-148)	1U8F; 1ZNQ; 27FM; 3GPD; 4WNC; 4WNI; 6ADE; 6IQ6; 6M61; 6YND	81	7	1	8	0.059	-6.17	28	49	40.6	27.85	1	43	6919.9	15501.4	1	9	 (res 13);  (res 14);  (res 35);  (res 122);  (res 151);  (res 152);  (res 153);  (res 182);  (res 211);  (res 212);  (res 234);  (res 316)	82	6	0.94	0.36
c3riboseqorf154_partner_10_YBX1	MBNL1	uORF	1B	YBX1	P67809	0.0924	0.2842	Known Macromolecular Subunit Competitor / Adaptor	541.4	87.5	False		None	False		CSD (61-125); Disordered (120-324)	5YTS; 5YTT; 5YTV; 5YTX; 6A6J; 6A6L; 6KTC; 6KUG; 6LMR	14	0	0	1	0.438	-7.27	4	8	25.0	28.11	0	5	2221.8	30022.9	0	0	None	22	7	0.49	0.55
c11riboseqorf31_partner_08_DBN1	NAV2-AS2	lncRNA-ORF	4	DBN1	Q16643	0.0923	0.265	Non-Interacting / Dissociated	0.0	0.0	False		None	False		N/A	None	0	0	0	0	0.0	0.0	0	0	0.0		0	0			0	0	None	0	0	0.57	0.54
c9riboseqorf20_partner_01_CEBPZOS	FAM214B	uORF	1B	CEBPZOS	A8MTT3	0.092	0.3287	Allosteric Regulatory Surface / Novel Epitope	1291.0	0.0	False		None	False		N/A	None	17	0	0	5	0.129	-12.43	11	12	22.4	16.33	0	9	5097.1	6992.5	0	0	None	0	0	0.62	0.48
c19riboseqorf146_partner_01_UBC	JOSD2	uoORF	1B	UBC	P0CG48	0.0931	0.2119	Allosteric Regulatory Surface / Novel Epitope	1372.0	5.9	False		None	False		Ubiquitin-like 3 (153-228); Ubiquitin-like 4 (229-304); Ubiquitin-like 9 (609-684)	11SY; 1F9J; 1FXT; 1GJZ; 1NBF; 1TBE; 1YX6; 1ZGU; 2AYO; 2BGF	27	3	0	0	0.132	-6.99	12	17	14.8	30.72	0	17	5470.6	39542.5	0	0	None	189	1	0.77	0.37
c17riboseqorf38_partner_03_BCL6	NCOR1	uORF	1B	BCL6	P41182	0.0914	0.2538	Non-Interacting / Dissociated	0.0	0.0	False		None	False		N/A	None	0	0	0	0	0.0	0.0	0	0	0.0		0	0			0	0	None	0	0	0.55	0.66
c1norep256_partner_10_FUBP3	PRRC2C	intORF	1B	FUBP3	Q96I24	0.0912	0.2108	Allosteric Regulatory Surface / Novel Epitope	1871.5	0.0	False		None	False		KH 1 (77-141); KH 2 (162-228)	None	34	1	1	3	0.087	-11.52	17	23	50.0	30.74	0	19	3984.3	38785.4	0	0	None	0	0	0.59	0.61
c11riboseqorf67_partner_03_SCN1B	nan	mixed	1B	SCN1B	Q07699	0.0908	0.4839	Shared Physiological Complex Interface	644.4	50.0	False		None	False		Ig-like C2-type (22-150)	21TP; 21TQ; 25IH; 25II; 25IJ; 6AGF; 6J8G; 6J8H; 6J8I; 6J8J	8	1	0	0	0.2	-9.0	5	8	5.3	28.46	1	2	12764.2	16822.6	0	0	None	50	4	0.83	0.67
c1norep188_partner_01_DLL4	NOTCH2	intORF	1B	DLL4	Q9NR61	0.092	0.3779	Non-Interacting / Dissociated	0.0	0.0	False		None	False		N/A	None	0	0	0	0	0.0	0.0	0	0	0.0		0	0			0	0	None	0	0	0.79	0.71
c17norep126_partner_02_KAT5	MBTD1	intORF	1B	KAT5	Q92993	0.0914	0.6179	Active Site Blocker / Competitive Decoy	3572.9	0.0	True	3.41	Proton donor/acceptor (res 403)	True	3.42	Tudor-knot (8-65); MYST-type HAT (227-504); Disordered (69-106); Disordered (122-220); Interaction with ATF2 (368-513)	None	80	3	2	7	0.048	-7.83	36	46	48.6	29.33	0	48	7561.0	30843.4	1	4	 (res 378);  (res 407)	0	0	0.67	0.3
c8norep144_partner_01_ARF6	ASAP1	intORF	1B	ARF6	P62330	0.0908	0.6599	Active Site Cleft Occlusion / Proximal Inhibitor	1520.2	68.8	False		None	False	5.15	N/A	2A5D; 2A5F; 2A5G; 2W83; 4KAX; 7XRD	28	2	1	4	0.103	-5.76	17	16	34.0	23.18	2	13	6175.8	9742.8	0	5	None	68	11	0.74	0.35
c8norep107_partner_01_GATA4	ZFPM2-AS1	lncRNA	1B	GATA4	P43694	0.092	0.167	Allosteric Regulatory Surface / Novel Epitope	2378.7	0.0	False		None	False		N/A	None	55	13	0	4	0.059	-10.83	29	32	29.6	28.52	2	17	7012.5	29625.1	0	0	None	21	0	0.43	0.45
c17norep110_partner_02_GPKOW	nan	mixed	1B	GPKOW	Q92917	0.0911	0.2797	Non-Interacting / Dissociated	0.0	0.0	False		None	False		N/A	None	0	0	0	0	0.0	0.0	0	0	0.0		0	0			0	0	None	0	0	0.79	0.6
c16norep21_partner_01_SCN4B	nan	mixed	1B	SCN4B	Q8IWT1	0.0905	0.5011	Peripheral Surface Interaction	162.9	0.0	False		None	False		Ig-like C2-type (31-148)	None	3	0	0	0	1.0	-9.55	1	3	3.6	22.93	0	0	3881.6	19224.2	0	0	None	27	0	0.76	0.6
c14riboseqorf73_partner_05_COX17	COX16	uoORF	1B	COX17	Q14061	0.0905	0.3568	Cofactor / Substrate Pocket Competitor	1737.9	13.0	False		None	True	1.69	CHCH (23-63); Disordered (1-20)	2L0Y	47	6	0	7	0.102	-1.08	20	23	51.3	18.7	1	21	4183.0	5768.5	0	2	 (res 23);  (res 24)	8	3	0.54	0.35
c20riboseqorf31_partner_02_RNF11	ITCH	uORF	2B	RNF11	Q9Y3C5	0.0904	0.3724	Peripheral Surface Interaction	717.0	0.0	False		None	False		N/A	None	15	0	0	2	0.268	-6.66	7	8	43.8	22.28	0	7	2182.4	14067.4	0	0	None	0	0	0.56	0.44
c17norep146_partner_01_PSMC4	PSMC5	uoORF	1B	PSMC4	P43686	0.0907	0.5114	Known Macromolecular Subunit Competitor / Adaptor	2172.8	95.5	False		None	False	17.24	N/A	12BM; 22MM; 5GJQ; 5GJR; 5L4G; 5LN3; 5M32; 5T0C; 5T0G; 5T0H	41	4	0	6	0.11	-12.43	17	22	40.5	27.46	1	24	4558.8	26812.0	0	1	None	309	21	0.7	0.3
c20norep100_partner_03_EXOSC1	HELZ2	uORF	1B	EXOSC1	Q9Y3B2	0.0905	0.4458	Known Macromolecular Subunit Competitor / Adaptor	2001.7	63.6	False		None	False		S1 motif (66-147)	2NN6; 6D6Q; 6D6R; 9G8N; 9G8O; 9G8P	51	2	0	5	0.097	-12.5	24	22	26.7	23.87	0	33	7978.0	11661.3	0	0	None	77	14	0.7	0.42
c2riboseqorf177_partner_01_NPPC	STK16	uoORF	1B	NPPC	P23582	0.0901	0.157	Allosteric Regulatory Surface / Novel Epitope	863.0	0.0	False		None	False		Disordered (20-71)	None	16	2	0	5	0.137	-10.5	13	9	32.5	20.14	0	3	4057.4	13277.8	0	0	None	17	0	0.48	0.54
c9riboseqorf24_partner_03_CREB3L2	CREB3	processed_transcript	1B	CREB3L2	Q70SY1	0.0905	0.2562	Peripheral Surface Interaction	535.2	0.0	False		None	False		bZIP (294-357); Leucine-zipper (336-357)	None	7	0	0	2	0.2	-11.43	7	5	11.3	30.57	0	2	7192.0	60841.2	0	0	None	0	0	0.72	0.48
c2norep211_partner_01_TCAP	TTN-AS1	lncRNA-ORF	4	TCAP	O15273	0.0897	0.1504	Shared Physiological Complex Interface	7029.7	57.7	False		None	False		N/A	1YA5; 2F8V	179	20	5	25	0.039	-2.45	65	71	74.7	24.0	2	89	8233.4	15015.6	0	0	None	70	41	0.31	0.24
c1riboseqorf39_partner_02_SMN1	HNRNPR	intORF	1B	SMN1	Q16637	0.0898	0.2259	Shared Physiological Complex Interface	1362.2	35.7	False		None	False		Disordered (1-32); Interacts with GEMIN2 (26-51); P2 (binding site for SNRPB) (240-267); Involved in homooligomerization (252-280)	2LEH; 5XJL; 5XJQ; 5XJR; 5XJS; 5XJT; 5XJU	20	1	1	4	0.102	-14.93	14	14	31.1	27.45	2	7	4491.7	32545.9	0	0	None	31	5	0.65	0.35
c15norep107_partner_02_MTHFS	ST20-MTHFS	uORF	1B	MTHFS	P49914	0.0896	0.7259	Cofactor / Substrate Pocket Competitor	1975.3	0.0	False		None	True	1.4	N/A	None	57	2	4	7	0.103	-4.22	23	24	44.2	22.87	2	31	4025.5	10742.2	0	8	 (res 11);  (res 14);  (res 14);  (res 61);  (res 148);  (res 149);  (res 150);  (res 151);  (res 152);  (res 153);  (res 148);  (res 149);  (res 150);  (res 151);  (res 152)	0	0	0.79	0.3
c7riboseqorf115_partner_05_TMEM140	TMEM168	uORF	1B	TMEM140	Q9NV12	0.0896	0.5589	Allosteric Regulatory Surface / Novel Epitope	965.7	0.0	False		None	False		N/A	None	21	5	0	0	0.219	-15.37	8	12	42.1	21.81	0	12	2142.8	10882.4	0	0	None	0	0	0.61	0.4
c6norep41_partner_01_AEBP2	JARID2	intORF	1B	AEBP2	Q6ZN18	0.0899	0.2259	Peripheral Surface Interaction	494.3	25.0	False		None	False		Disordered (352-394)	6WKR; 8T9G; 8TAS; 8TB9; 8VML; 8VNV	6	0	0	4	0.3	-10.13	5	4	10.0	28.58	0	2	5777.7	48862.0	0	0	None	113	1	0.6	0.46
c8riboseqorf102_partner_02_WASHC1	WASHC5	uORF	1B	WASHC1	A8K0Z3	0.0896	0.1914	Allosteric Regulatory Surface / Novel Epitope	888.4	0.0	False		None	False		WHD1 (1-167)	None	16	0	0	7	0.148	-10.18	9	12	45.0	28.86	0	7	2682.8	40119.5	0	0	None	0	0	0.49	0.62
c1riboseqorf177_partner_01_RAB11A	PI4KB	uORF	1B	RAB11A	P62491	0.0894	0.5658	Cofactor / Substrate Pocket Competitor	2853.6	60.0	False		None	True	2.77	Switch-I (38-46); Switch-II (69-85)	1OIV; 2D7C; 2GZD; 2GZH; 2HV8; 4C4P; 4D0L; 4D0M; 4LWZ; 4LX0	74	9	1	11	0.076	-15.94	28	35	50.9	23.38	2	30	7109.5	13397.2	0	21	 (res 20);  (res 21);  (res 22);  (res 26);  (res 42);  (res 43);  (res 43);  (res 69);  (res 125)	57	21	0.65	0.28
c3norep241_partner_07_COL9A3	P3H2	intORF	1B	COL9A3	Q14050	0.0895	0.2329	Non-Interacting / Dissociated	0.0	0.0	False		None	False		N/A	None	0	0	0	0	0.0	0.0	0	0	0.0		0	0			0	0	None	0	0	0.52	0.44
c7norep236_partner_03_FGF8	AC009403.1	lncRNA	1B	FGF8	P55075	0.0891	0.4658	Allosteric Regulatory Surface / Novel Epitope	1313.5	28.6	False		None	False		N/A	2FDB	27	1	0	2	0.161	-2.89	12	14	16.7	22.96	1	16	6919.9	16161.7	0	0	None	34	4	0.69	0.41
c11riboseqorf4_partner_03_TP53	PIDD1	uoORF	1A	TP53	P04637	0.0899	0.4179	Known Macromolecular Subunit Competitor / Adaptor	934.5	73.7	False		None	False	16.78	Interaction with CCAR2 (1-320); Interaction with WWOX (66-110); Interaction with HIPK1 (100-370); Required for interaction with ZNF385A (100-300); Required for interaction with FBXO42 (113-236); Interaction with AXIN1 (116-292); Interaction with E4F1 (256-294)	1KZY; 1TSR; 1TUP; 3Q05; 3Q06; 3TS8; 4MZR; 4QO1; 4RP6; 4RP7	23	0	0	5	0.202	-10.0	6	19	3.5	27.54	0	11	22271.9	34727.2	0	4	None	293	14	0.81	0.59
c22riboseqorf18_partner_02_ZNF652	GUCD1	uoORF	1B	ZNF652	Q9Y2D9	0.0893	0.198	Allosteric Regulatory Surface / Novel Epitope	2671.8	0.0	False		None	False		Disordered (130-235)	None	50	2	0	5	0.065	-3.91	25	31	42.4	30.22	1	25	6506.4	48799.6	0	0	None	0	0	0.53	0.42
c12riboseqorf97_partner_03_THAP10	THAP2	uoORF	1B	THAP10	Q9P2Z0	0.0891	0.3479	Non-Interacting / Dissociated	0.0	0.0	False		None	False		N/A	None	0	0	0	0	0.0	0.0	0	0	0.0		0	0			0	0	None	0	0	0.82	0.6
c15riboseqorf1_partner_05_CFHR3	NIPA2	uORF	1B	CFHR3	Q02985	0.0887	0.4743	Non-Interacting / Dissociated	0.0	0.0	False		None	False		N/A	None	0	0	0	0	0.0	0.0	0	0	0.0		0	0			0	0	None	0	0	0.88	0.61
c2norep251_partner_03_NRG3	ERBB4	uoORF	1B	NRG3	P56975	0.089	0.1661	Non-Interacting / Dissociated	0.0	0.0	False		None	False		N/A	None	0	0	0	0	0.0	0.0	0	0	0.0		0	0			0	0	None	0	0	0.46	0.67
c16riboseqorf128_partner_03_CREB3L3	MBTPS1	uORF	1B	CREB3L3	Q68CJ9	0.0885	0.2405	Non-Interacting / Dissociated	0.0	0.0	False		None	False		N/A	None	0	0	0	0	0.0	0.0	0	0	0.0		0	0			0	0	None	0	0	0.54	0.77
c8norep107_partner_03_GATA1	ZFPM2-AS1	lncRNA	1B	GATA1	P15976	0.0892	0.1694	Allosteric Regulatory Surface / Novel Epitope	2975.9	0.0	False		None	False		N/A	None	65	11	0	11	0.066	-12.97	26	38	26.5	29.12	0	30	7555.7	27256.5	0	0	None	9	0	0.46	0.43
c4riboseqorf52_partner_03_AZIN1	CCNI	uoORF	1A	AZIN1	O14977	0.0885	0.7805	Allosteric Regulatory Surface / Novel Epitope	2756.1	0.0	False		None	False		N/A	None	64	5	3	8	0.067	-8.38	26	37	44.1	28.97	1	34	6342.6	22059.1	0	0	None	19	0	0.8	0.32
c8riboseqorf15_partner_03_CNOT2	CNOT7	uORF	1A	CNOT2	Q9NZN8	0.0883	0.2543	Shared Physiological Complex Interface	1881.2	30.0	False		None	False		N/A	4C0D; 5FU6; 5FU7	43	6	0	5	0.134	-22.6	16	20	41.0	30.18	0	23	4419.7	32855.9	0	0	None	128	6	0.47	0.65
c4riboseqorf75_partner_03_MRPS28	GSTCD	uoORF	1B	MRPS28	Q9Y2Q9	0.0883	0.3793	Known Macromolecular Subunit Competitor / Adaptor	695.9	100.0	False		None	False		N/A	6RW4; 6RW5; 7P2E; 7PNX; 7PNY; 7PNZ; 7PO0; 7PO1; 7PO2; 7PO3	10	0	2	3	0.208	-8.94	6	8	5.3	21.63	1	3	14408.9	18905.5	0	0	None	66	8	0.79	0.5
c3norep215_partner_07_CORO2A	TBL1XR1	uORF	2B	CORO2A	Q92828	0.088	0.736	Allosteric Regulatory Surface / Novel Epitope	1000.9	0.0	False		None	False		N/A	None	21	3	0	1	0.21	-9.1	10	10	55.6	29.17	0	11	2159.9	28921.1	0	0	None	0	0	0.8	0.26
c2riboseqorf136_partner_05_TRIM63	TTN-AS1	lncRNA-ORF	4	TRIM63	Q969Q1	0.0885	0.352	Allosteric Regulatory Surface / Novel Epitope	1460.0	0.0	False		None	False	65.46	COS (267-325); Disordered (326-353)	None	29	1	5	0	0.159	-2.64	14	13	11.0	26.22	0	15	7606.1	29100.8	0	4	None	47	0	0.72	0.34
c4riboseqorf2_partner_04_LCOR	CTBP1	uORF	1B	LCOR	Q96JN0	0.0871	0.2045	Non-Interacting / Dissociated	0.0	0.0	False		None	False		N/A	None	0	0	0	0	0.0	0.0	0	0	0.0		0	0			0	0	None	0	0	0.69	0.53
c8riboseqorf89_partner_07_WDR43	DCAF13	uORF	2B	WDR43	Q15061	0.0882	0.4928	Non-Interacting / Dissociated	0.0	0.0	False		None	False		N/A	None	0	0	0	0	0.0	0.0	0	0	0.0		0	0			0	0	None	0	0	0.66	0.7
c16riboseqorf123_partner_03_CENPH	CENPN	uoORF	1B	CENPH	Q9H3R5	0.087	0.3585	Non-Interacting / Dissociated	0.0	0.0	False		None	False		N/A	None	0	0	0	0	0.0	0.0	0	0	0.0		0	0			0	0	None	0	0	0.71	0.54
c19norep196_partner_02_GPKOW	nan	mixed	1B	GPKOW	Q92917	0.0875	0.3019	Non-Interacting / Dissociated	0.0	0.0	False		None	False		N/A	None	0	0	0	0	0.0	0.0	0	0	0.0		0	0			0	0	None	0	0	0.79	0.78
c22riboseqorf10_partner_01_THAP11	THAP7	uoORF	1B	THAP11	Q96EK4	0.0875	0.2147	Allosteric Regulatory Surface / Novel Epitope	2040.3	15.8	False		None	False		Disordered (85-111)	5AJS	36	5	1	3	0.073	-7.54	26	19	24.8	27.49	1	18	9535.8	27568.3	0	0	None	29	3	0.62	0.47
c18riboseqorf50_partner_04_BCL2A1	PMAIP1	dORF	1B	BCL2A1	Q16548	0.0869	0.6029	Allosteric Regulatory Surface / Novel Epitope	1287.0	26.3	False		None	False		N/A	2VM6; 3I1H; 3MQP; 4ZEQ; 5UUK; 5UUL; 5UUP; 5WHH; 6E3I; 6E3J	37	3	1	8	0.13	-7.86	15	19	20.5	23.89	0	17	5551.6	8711.5	0	0	None	32	5	0.72	0.34
c2norep164_partner_02_VIM	ZEB2	uORF	1B	VIM	P08670	0.0871	0.2636	Peripheral Surface Interaction	467.1	0.0	False		None	False		IF rod (103-411); Disordered (1-32); Head (2-95); Coil 2 (269-407)	None	7	0	0	0	0.167	-8.2	7	6	17.5	29.25	0	4	5408.4	41607.7	0	0	None	216	0	0.6	0.46
c2riboseqorf136_partner_10_CRYAB	TTN-AS1	lncRNA-ORF	4	CRYAB	P02511	0.0868	0.327	Cofactor / Substrate Pocket Competitor	3356.1	89.2	False		None	True	1.66	sHSP (56-164)	2KLR; 2N0K; 2Y1Z; 2YGD; 3J07; 4M5T; 5VVV; 6BP9; 9BEE	83	5	3	14	0.07	0.07	32	37	25.2	24.21	2	40	7859.3	13361.1	0	5	 (res 83);  (res 106)	156	33	0.53	0.31
c13norep17_partner_03_BECN1	HMGB1	uORF	2B	BECN1	Q14457	0.0864	0.4022	Known Macromolecular Subunit Competitor / Adaptor	1020.1	100.0	False		None	False		Evolutionary conserved domain (ECD) (245-450)	13BV; 5HHE; 9MHF; 9MHG; 9RX4; 9RX5; 9RX6; 9RX7; 9RX8; 9RX9	17	5	0	0	0.155	-12.19	11	10	24.4	29.11	0	8	5603.9	34081.8	0	0	None	223	10	0.73	0.42
cXriboseqorf59_partner_05_DMAP1	MORF4L2	uORF	1B	DMAP1	Q9NPF5	0.0864	0.361	Allosteric Regulatory Surface / Novel Epitope	1003.7	20.0	False		None	False		Disordered (404-467)	8QR1; 8X15; 8X19; 8X1C; 8XVG; 8XVT; 9C57; 9C62; 9C6N; 9CAC	20	7	0	2	0.25	-8.8	8	10	25.0	30.69	0	8	3693.4	42158.5	0	0	None	186	2	0.64	0.53
c3norep241_partner_09_COL9A2	P3H2	intORF	1B	COL9A2	Q14055	0.0864	0.2404	Non-Interacting / Dissociated	0.0	0.0	False		None	False		N/A	None	0	0	0	0	0.0	0.0	0	0	0.0		0	0			0	0	None	0	0	0.55	0.44
c4riboseqorf75_partner_02_NPNT	GSTCD	uoORF	1B	NPNT	Q6UXI9	0.0872	0.2869	Peripheral Surface Interaction	104.9	0.0	False		None	False		MAM (420-563)	None	1	1	0	0	1.0	-10.0	1	1	0.9	31.05	0	0	15955.4	50405.8	0	0	None	0	0	0.77	0.51
c3riboseqorf114_partner_03_RBMS3	CCDC80	uORF	1B	RBMS3	Q6XE24	0.0863	0.2705	Allosteric Regulatory Surface / Novel Epitope	1497.8	0.0	False		None	False		RRM 2 (140-225); Disordered (399-437)	None	34	6	0	2	0.154	-17.32	13	17	65.0	27.8	0	18	2875.1	33951.1	0	0	None	0	0	0.5	0.26
c8riboseqorf16_partner_01_CTLA4	MTUS1	intORF	1B	CTLA4	P16410	0.0862	0.514	Non-Interacting / Dissociated	0.0	0.0	False		None	False		N/A	None	0	0	0	0	0.0	0.0	0	0	0.0		0	0			0	0	None	0	0	0.85	0.66
c7riboseqorf121_partner_02_GPKOW	nan	mixed	1B	GPKOW	Q92917	0.0863	0.2658	Allosteric Regulatory Surface / Novel Epitope	861.2	8.3	False		None	False		KOW 1 (240-267); Disordered (327-353)	7QTT; 8CH6	13	2	2	1	0.155	-7.71	7	12	12.7	28.76	0	5	7632.5	34923.7	0	0	None	31	1	0.55	0.64
c20norep33_partner_01_CLPX	ENSG00000275457	lncRNA-ORF	4	CLPX	O76031	0.0862	0.5248	Shared Physiological Complex Interface	581.6	57.1	False		None	False	9.61	N/A	9DVY; 9P9V; 9YKX	10	1	0	1	0.204	-9.02	7	7	24.1	30.34	0	4	3770.1	48982.4	0	5	None	111	4	0.62	0.47
c8riboseqorf85_partner_01_OAZ1	AZIN1	uORF	1B	OAZ1	P54368	0.086	0.3961	Allosteric Regulatory Surface / Novel Epitope	1712.8	0.0	False		None	False		Disordered (17-55)	None	42	2	1	4	0.097	-16.1	16	27	29.6	24.69	1	20	4101.1	15098.2	0	0	None	39	0	0.51	0.36
c10riboseqorf73_partner_01_TP53	PTEN	uORF	1B	TP53	P04637	0.0857	0.4969	Non-Interacting / Dissociated	0.0	0.0	False		None	False		N/A	None	0	0	0	0	0.0	0.0	0	0	0.0		0	0			0	0	None	0	0	0.71	0.65
c14norep90_partner_01_SVBP	VASH1	intORF	1B	SVBP	Q8N300	0.0856	0.1861	Known Macromolecular Subunit Competitor / Adaptor	2904.3	72.0	False		None	False		Disordered (1-31)	6J4O; 6J4P; 6J4Q; 6J4S; 6J4U; 6J4V; 6J7B; 6J8F; 6J8N; 6J8O	65	2	0	10	0.072	-16.18	36	25	33.3	19.35	1	40	8506.9	7451.4	0	0	None	23	18	0.5	0.32
c9riboseqorf20_partner_02_TENT5A	FAM214B	uORF	1B	TENT5A	Q96IP4	0.0862	0.6801	Allosteric Regulatory Surface / Novel Epitope	2582.6	3.4	False		None	False		N/A	8EXE; 8EXF	60	8	0	7	0.08	-3.43	26	29	53.1	28.65	0	32	5494.9	21362.9	0	0	None	27	1	0.71	0.32
c6norep97_partner_01_PSMB8	PSMB8-AS1	lncRNA-ORF	1B	PSMB8	P28062	0.0855	0.5358	Active Site Blocker / Competitive Decoy	1906.4	40.7	True	4.67	Nucleophile (res 73)	False		N/A	5L5A; 5L5B; 5L5D; 5L5E; 5L5F; 5L5H; 5L5I; 5L5J; 5L5O; 5L5P	44	5	2	5	0.086	-7.56	19	27	30.2	26.83	2	20	5185.8	16551.5	1	0	None	84	11	0.62	0.33
c5norep99_partner_03_IP6K2	PPIP5K2	uORF	1B	IP6K2	Q9UHH9	0.0855	0.7232	Active Site Cleft Occlusion / Proximal Inhibitor	884.4	0.0	False		None	False	6.17	N/A	None	14	1	0	1	0.2	-9.26	7	10	41.2	28.83	0	10	2473.6	23460.9	0	6	None	0	0	0.72	0.23
c20norep82_partner_04_CBX1	ADNP	intORF	1B	CBX1	P83916	0.0852	0.2449	Known Macromolecular Subunit Competitor / Adaptor	3942.1	77.5	False		None	False		Chromo 1 (21-79); Chromo 2; shadow subtype (117-175); Disordered (63-124)	2FMM; 3F2U; 3Q6S; 5T1G; 6D07; 6D08	88	6	3	17	0.061	-10.48	36	40	55.4	25.22	1	43	6669.2	16895.7	0	0	None	56	31	0.57	0.4
c19norep130_partner_01_TMEM147	TMEM147-AS1	lncRNA-ORF	4	TMEM147	Q9BVK8	0.0851	0.5261	Shared Physiological Complex Interface	1377.7	47.1	False		None	False		N/A	6W6L; 9C7U	32	2	1	1	0.145	-15.67	13	17	50.0	24.2	0	18	2917.0	13064.6	0	0	None	36	8	0.57	0.4
c9norep168_partner_02_VPS37A	ARRDC1-AS1	lncRNA	1A	VPS37A	Q8NEZ2	0.0863	0.252	Allosteric Regulatory Surface / Novel Epitope	4242.7	0.0	False		None	False		VPS37 C-terminal (308-397)	None	85	8	2	10	0.038	-18.62	45	50	25.1	30.04	0	43	20862.7	31718.4	0	0	None	0	0	0.69	0.52
c18norep74_partner_01_BIK	BCL2	uORF	1B	BIK	Q13323	0.085	0.1704	Allosteric Regulatory Surface / Novel Epitope	1559.9	0.0	False		None	False		N/A	None	28	1	1	10	0.118	-12.77	14	17	41.2	23.0	0	6	3659.6	15358.5	0	0	None	0	0	0.49	0.4
c2riboseqorf18_partner_02_IST1	SPAST	uoORF	1B	IST1	P53990	0.0855	0.4589	Known Macromolecular Subunit Competitor / Adaptor	1298.7	62.5	False		None	False		Interaction with CHMP1A and CHMP1B (1-168); Interaction with VPS37B (64-279); Interaction with VTA1 (190-364)	13GH; 13GJ; 3FRS; 3JC1; 6E8G; 6TZ5; 6TZA; 8V2Q; 8V2R; 8V2S	23	3	1	2	0.131	-7.72	11	16	20.0	26.43	1	8	6555.5	28270.2	0	0	None	120	10	0.65	0.58
c4riboseqorf109_partner_02_PDGFA	PDGFC	uORF	1B	PDGFA	P04085	0.0844	0.4903	Non-Interacting / Dissociated	0.0	0.0	False		None	False		N/A	None	0	0	0	0	0.0	0.0	0	0	0.0		0	0			0	0	None	0	0	0.77	0.66
c3riboseqorf183_partner_09_IRF4	BCL6	uORF	4	IRF4	Q15306	0.0844	0.4131	Allosteric Regulatory Surface / Novel Epitope	1451.2	5.3	False		None	False		N/A	9CUG	37	4	1	3	0.177	-13.65	11	19	57.9	28.01	1	25	2538.0	28523.7	0	0	None	71	1	0.62	0.26
c2norep270_partner_01_CRYBA2	ENSG00000224090	lncRNA-ORF	4	CRYBA2	P53672	0.0845	0.5935	Allosteric Regulatory Surface / Novel Epitope	1466.7	0.0	False		None	False		Beta/gamma crystallin 'Greek key' 3 (106-147)	None	38	10	0	2	0.14	-5.53	17	16	20.5	24.55	1	14	5936.7	9630.1	0	0	None	0	0	0.73	0.26
c22riboseqorf6_partner_10_RAN	DGCR8	uORF	4	RAN	P62826	0.0842	0.841	Non-Interacting / Dissociated	0.0	0.0	False		None	False		N/A	None	0	0	0	0	0.0	0.0	0	0	0.0		0	0			0	0	None	0	0	0.85	0.27
c7norep212_partner_01_SPDYE1	OR2A1-AS1	lncRNA-ORF	1B	SPDYE1	Q8NFV5	0.0844	0.3828	Allosteric Regulatory Surface / Novel Epitope	1192.6	0.0	False		None	False		Disordered (16-50)	None	19	0	0	8	0.127	-7.97	10	15	16.7	26.71	1	7	7422.5	24709.3	0	0	None	0	0	0.51	0.54
c14riboseqorf81_partner_01_NUMB	NUMB	uORF	1B	NUMB	P49757	0.0843	0.2888	Non-Interacting / Dissociated	0.0	0.0	False		None	False		N/A	None	0	0	0	0	0.0	0.0	0	0	0.0		0	0			0	0	None	0	0	0.5	0.55
c5riboseqorf144_partner_05_RBM34	ZFP62	uoORF	1B	RBM34	P42696	0.0842	0.3413	Non-Interacting / Dissociated	0.0	0.0	False		None	False		N/A	None	0	0	0	0	0.0	0.0	0	0	0.0		0	0			0	0	None	0	0	0.65	0.67
c16riboseqorf104_partner_03_PSMB10	PSKH1	uORF	1B	PSMB10	P40306	0.084	0.6131	Known Macromolecular Subunit Competitor / Adaptor	1071.2	75.0	False	11.71	None	False		N/A	6AVO; 6E5B; 7AWE; 7B12	24	0	0	5	0.15	-7.34	10	16	30.3	25.72	0	13	4016.3	15073.6	1	0	None	101	12	0.7	0.36
c3norep227_partner_03_TGOLN2	AP2M1	intORF	1B	TGOLN2	O43493	0.0843	0.1615	Non-Interacting / Dissociated	0.0	0.0	False		None	False		N/A	None	0	0	0	0	0.0	0.0	0	0	0.0		0	0			0	0	None	0	0	0.57	0.8
c1riboseqorf121_partner_01_RAB11A	EVI5	intORF	1B	RAB11A	P62491	0.0836	0.5977	Cofactor / Substrate Pocket Competitor	2466.7	67.7	False		None	True	3.46	Switch-I (38-46); Switch-II (69-85)	1OIV; 2D7C; 2GZD; 2GZH; 2HV8; 4C4P; 4D0M; 4LWZ; 4LX0; 4UJ3	57	9	0	4	0.088	-11.57	21	31	38.2	23.17	0	28	7060.2	14057.4	0	21	 (res 42);  (res 43);  (res 43)	57	21	0.69	0.32
c15riboseqorf72_partner_03_SNRPE	SNUPN	uORF	1B	SNRPE	P62304	0.0835	0.5003	Known Macromolecular Subunit Competitor / Adaptor	1563.9	88.2	False		None	False		Sm (18-92)	4PJO; 4V98; 4WZJ; 5XJC; 5XJL; 5XJQ; 5XJR; 5XJS; 5XJT; 5XJU	39	2	2	2	0.143	-6.42	16	17	69.6	18.14	0	23	2849.3	6889.5	0	0	None	67	15	0.62	0.36
c2norep211_partner_10_CRYAB	TTN-AS1	lncRNA-ORF	4	CRYAB	P02511	0.0835	0.3262	Cofactor / Substrate Pocket Competitor	1620.5	77.8	False		None	True	3.13	sHSP (56-164)	2KLR; 2N0K; 2Y1Z; 2YGD; 3J07; 4M5T; 6BP9; 9BEE	31	3	2	1	0.115	-6.46	15	18	17.2	24.94	1	14	6409.5	15465.5	0	5	 (res 111);  (res 119)	156	14	0.52	0.33
c14norep27_partner_01_CIDEB	CIDEB	uORF	2B	CIDEB	Q9UHD4	0.0834	0.3279	Peripheral Surface Interaction	299.6	0.0	False		None	False		N/A	None	3	1	0	0	0.333	-10.13	3	3	10.7	21.62	0	1	4253.3	19369.1	0	0	None	0	0	0.63	0.77
c18riboseqorf21_partner_01_RAD21	ESCO1	uORF	1B	RAD21	O60216	0.0833	0.2469	Non-Interacting / Dissociated	0.0	0.0	False		None	False		N/A	None	0	0	0	0	0.0	0.0	0	0	0.0		0	0			0	0	None	0	0	0.58	0.52
c3riboseqorf171_partner_01_SCGB1A1	ATP11B	uORF	1B	SCGB1A1	P11684	0.0829	0.4065	Allosteric Regulatory Surface / Novel Epitope	1187.4	12.5	False		None	False		N/A	7VF3; 7VG7	22	0	2	5	0.138	-4.54	10	16	43.5	20.14	0	10	2572.9	7272.0	0	0	None	13	2	0.61	0.46
c19norep76_partner_02_OPTN	RAB8A	intORF	1B	OPTN	Q96CV9	0.0833	0.2127	Non-Interacting / Dissociated	0.0	0.0	False		None	False		N/A	None	0	0	0	0	0.0	0.0	0	0	0.0		0	0			0	0	None	0	0	0.59	0.61
c2norep211_partner_05_TRIM63	TTN-AS1	lncRNA-ORF	4	TRIM63	Q969Q1	0.0833	0.3746	Allosteric Regulatory Surface / Novel Epitope	1480.2	0.0	False		None	False	74.39	COS (267-325); Disordered (326-353)	None	28	3	1	3	0.118	-8.32	14	17	16.1	28.19	0	12	6535.8	28911.4	0	4	None	47	0	0.73	0.31
c9riboseqorf24_partner_05_DCSTAMP	CREB3	processed_transcript	1B	DCSTAMP	Q9H295	0.0832	0.5769	Non-Interacting / Dissociated	0.0	0.0	False		None	False		N/A	None	0	0	0	0	0.0	0.0	0	0	0.0		0	0			0	0	None	0	0	0.72	0.52
c16riboseqorf59_partner_05_CDC73	RNF40	dORF	1A	CDC73	Q6P1J9	0.0847	0.2964	Non-Interacting / Dissociated	0.0	0.0	False		None	False		N/A	None	0	0	0	0	0.0	0.0	0	0	0.0		0	0			0	0	None	0	0	0.69	0.61
cXriboseqorf30_partner_01_PAGE2B	FAM104B	uoORF	1B	PAGE2B	Q5JRK9	0.0829	0.1418	Allosteric Regulatory Surface / Novel Epitope	1877.0	0.0	False		None	False		Disordered (1-67)	None	37	3	2	7	0.108	-7.84	18	19	25.0	22.47	0	16	7063.5	10316.2	0	0	None	0	0	0.39	0.42
c2riboseqorf65_partner_02_GAPDH	ENSG00000272913	lncRNA-ORF	1B	GAPDH	P04406	0.0829	0.7225	Active Site Blocker / Competitive Decoy	2343.6	26.3	True	2.68	Nucleophile (res 152)	True	2.08	Interaction with WARS1 (2-148)	1U8F; 1ZNQ; 27FM; 3GPD; 4WNC; 4WNI; 6ADE; 6IQ6; 6M61; 6YND	53	4	0	5	0.077	-10.02	18	38	13.6	27.82	0	29	9832.3	15337.0	1	9	 (res 13);  (res 14);  (res 35);  (res 80);  (res 122);  (res 151);  (res 152);  (res 182);  (res 211);  (res 212);  (res 234);  (res 316)	82	10	0.95	0.29
c6norep46_partner_10_RAN	NUP153-AS1	lncRNA-ORF	2B	RAN	P62826	0.0828	0.6591	Cofactor / Substrate Pocket Competitor	3277.2	90.0	False		None	True	2.08	Small GTPase Ran-type (7-171); Switch-I (37-45); Switch-II (68-84)	1I2M; 1IBR; 1K5D; 1K5G; 1QBK; 1RRP; 3CH5; 3EA5; 3GJ3; 3GJ4	82	12	0	8	0.059	-7.47	35	40	36.5	25.07	0	40	9687.7	11778.3	0	5	 (res 18);  (res 19);  (res 20);  (res 21);  (res 24);  (res 37);  (res 38);  (res 39);  (res 40);  (res 41);  (res 42);  (res 68)	160	36	0.85	0.38
c8riboseqorf89_partner_06_UTP18	DCAF13	uORF	2B	UTP18	Q9Y5J1	0.0829	0.5492	Non-Interacting / Dissociated	0.0	0.0	False		None	False		N/A	None	0	0	0	0	0.0	0.0	0	0	0.0		0	0			0	0	None	0	0	0.75	0.58
c11norep30_partner_04_EIF4B	EIF4G2	intORF	1B	EIF4B	P23588	0.0829	0.2302	Peripheral Surface Interaction	141.1	0.0	False		None	False		RRM (96-173)	None	1	0	1	0	1.0	-9.63	1	1	1.4	31.06	0	0	9425.7	78567.3	0	0	None	15	0	0.76	0.72
c16riboseqorf104_partner_10_ZFP91	PSKH1	uORF	1B	ZFP91	Q96JP5	0.0826	0.2697	Non-Interacting / Dissociated	0.0	0.0	False		None	False		N/A	None	0	0	0	0	0.0	0.0	0	0	0.0		0	0			0	0	None	0	0	0.73	0.79
c1norep188_partner_03_DLL3	NOTCH2	intORF	1B	DLL3	Q9NYJ7	0.0827	0.3234	Non-Interacting / Dissociated	0.0	0.0	False		None	False		N/A	None	0	0	0	0	0.0	0.0	0	0	0.0		0	0			0	0	None	0	0	0.74	0.67
c11riboseqorf133_partner_03_LSM11	NPAT	uoORF	1B	LSM11	P83369	0.0826	0.2811	Non-Interacting / Dissociated	0.0	0.0	False		None	False		N/A	None	0	0	0	0	0.0	0.0	0	0	0.0		0	0			0	0	None	0	0	0.53	0.36
c8norep107_partner_05_GATA5	ZFPM2-AS1	lncRNA	1B	GATA5	Q9BWX5	0.0828	0.1685	Allosteric Regulatory Surface / Novel Epitope	3781.4	0.0	False		None	False		Disordered (48-116)	None	91	12	1	8	0.058	-16.36	38	41	38.8	29.16	3	48	7196.0	28609.5	0	0	None	0	0	0.46	0.5
c11norep11_partner_01_IGFBP1	IGF2-AS	lncRNA	1A	IGFBP1	P08833	0.0827	0.2896	Shared Physiological Complex Interface	182.2	50.0	False		None	False		Thyroglobulin type-1 (173-251)	2DSQ	2	0	0	0	0.5	-10.13	2	2	1.5	25.0	1	0	17780.4	21175.6	0	0	None	16	1	0.76	0.69
c1norep288_partner_02_GPKOW	nan	mixed	1B	GPKOW	Q92917	0.0824	0.293	Non-Interacting / Dissociated	0.0	0.0	False		None	False		N/A	None	0	0	0	0	0.0	0.0	0	0	0.0		0	0			0	0	None	0	0	0.79	0.56
c17norep84_partner_02_GPKOW	nan	mixed	1B	GPKOW	Q92917	0.0824	0.3031	Non-Interacting / Dissociated	0.0	0.0	False		None	False		N/A	None	0	0	0	0	0.0	0.0	0	0	0.0		0	0			0	0	None	0	0	0.79	0.8
c7riboseqorf18_partner_08_RAB7A	SNX13	uORF	1B	RAB7A	P51149	0.0824	0.6404	Cofactor / Substrate Pocket Competitor	1651.4	70.8	False		None	True	4.84	N/A	1YHN; 6WCW; 7F6J; 8KB8; 9L0D; 9LOL	47	3	0	5	0.103	-6.07	19	24	36.5	22.94	0	30	5834.6	11632.3	0	20	 (res 40);  (res 40)	70	17	0.73	0.41
c14riboseqorf81_partner_02_MDM2	NUMB	uORF	1B	MDM2	Q00987	0.0822	0.231	Active Site Cleft Occlusion / Proximal Inhibitor	433.8	20.0	False		None	False	5.84	Disordered (141-187); Interaction with PYHIN1 and necessary for interaction with RFFL and RNF34 (150-230); Interaction with MTBP (170-306); Region II (242-331); Necessary for interaction with USP2 (276-491)	4XXB	8	1	1	0	0.32	-11.09	5	5	15.6	30.73	0	2	3741.5	34027.9	0	4	None	175	1	0.49	0.47
c12norep86_partner_01_H3-5	CBX5	lncRNA-ORF	2B	H3-5	Q6NXT2	0.082	0.3275	Known Macromolecular Subunit Competitor / Adaptor	2008.7	77.3	False		None	False		Disordered (1-41)	4Z5T; 8RBX; 8T4F; 9N61	39	3	0	3	0.111	-8.06	16	22	37.2	23.5	0	20	4009.9	12696.4	0	0	None	110	17	0.54	0.32
c2norep211_partner_03_MYOT	TTN-AS1	lncRNA-ORF	4	MYOT	Q9UBF9	0.0826	0.2704	Allosteric Regulatory Surface / Novel Epitope	884.4	0.0	False		None	False		Ig-like C2-type 2 (349-441); Disordered (1-46); Necessary for interaction with ACTA1 (215-498); Necessary for interaction with FLNC (215-493)	None	27	3	1	0	0.273	-12.1	9	11	10.3	29.65	0	11	7017.7	34201.8	0	0	None	0	0	0.56	0.28
c15riboseqorf72_partner_01_RAN	SNUPN	uORF	1B	RAN	P62826	0.0816	0.8157	Cofactor / Substrate Pocket Competitor	1521.2	94.7	False		None	True	2.71	Small GTPase Ran-type (7-171); Switch-I (37-45); Switch-II (68-84)	1IBR; 1K5D; 1K5G; 1QBK; 1RRP; 3CH5; 3EA5; 3GJ3; 3GJ4; 3GJ5	33	8	1	2	0.109	-6.12	16	19	69.6	23.68	0	15	3210.0	11869.7	0	5	 (res 38)	160	18	0.83	0.27
c8riboseqorf34_partner_03_B3GAT3	EXTL3	uORF	1B	B3GAT3	O94766	0.0817	0.6532	Peripheral Surface Interaction	621.7	0.0	False	61.66	None	False	47.83	N/A	None	8	1	0	2	0.267	-11.0	5	6	7.8	28.2	0	2	5093.1	21503.7	1	7	None	47	0	0.86	0.43
c11norep11_partner_03_IGFBP2	IGF2-AS	lncRNA	1A	IGFBP2	P18065	0.0819	0.2925	Peripheral Surface Interaction	230.0	0.0	False		None	False		IGFBP N-terminal (38-134); Thyroglobulin type-1 (224-306)	None	2	0	1	0	0.5	-9.26	2	2	1.5	27.5	0	0	18257.9	31451.5	0	0	None	0	0	0.78	0.71
cXriboseqorf59_partner_04_MRGBP	MORF4L2	uORF	1B	MRGBP	Q9NV56	0.0812	0.3026	Shared Physiological Complex Interface	966.2	36.4	False		None	False		N/A	2N1D	19	2	2	5	0.157	-7.49	11	11	34.4	25.96	0	7	3551.1	20610.6	0	0	None	25	4	0.6	0.58
c1riboseqorf252_partner_02_ZBED3	ZBED6	uORF	1B	ZBED3	Q96IU2	0.0815	0.332	Peripheral Surface Interaction	135.1	0.0	False		None	False	31.47	N/A	None	2	0	0	2	1.0	-10.0	2	1	3.3	25.75	0	0	7161.1	24244.8	0	4	None	0	0	0.81	0.73
c12riboseqorf97_partner_02_PAWR	THAP2	uoORF	1B	PAWR	Q96IZ0	0.0816	0.2165	Peripheral Surface Interaction	546.2	0.0	False		None	False		Disordered (1-253); Selective for apoptosis induction in cancer cells (SAC) (145-203)	None	7	2	0	1	0.389	-12.34	3	6	4.3	29.78	0	1	7217.4	33915.9	0	0	None	6	0	0.53	0.44
c14riboseqorf81_partner_07_MSI2	NUMB	uORF	1B	MSI2	Q96DH6	0.0813	0.2698	Allosteric Regulatory Surface / Novel Epitope	3020.4	0.0	False		None	False		RRM 1 (21-111); RRM 2 (110-187)	None	82	5	1	12	0.083	-11.21	22	45	68.8	28.7	2	43	3167.7	18470.3	0	0	None	26	0	0.52	0.37
c18norep12_partner_01_HOMER1	DLGAP1-AS2	lncRNA-ORF	1B	HOMER1	Q86YM7	0.0817	0.2873	Allosteric Regulatory Surface / Novel Epitope	3633.1	0.0	False		None	False		WH1 (1-110)	None	74	5	1	15	0.053	-14.28	35	40	31.0	28.32	0	36	11638.8	31665.3	0	0	None	0	0	0.73	0.33
c11riboseqorf59_partner_02_GOLGA7B	ZDHHC5	uORF	1B	GOLGA7B	Q2TAP0	0.081	0.4263	Allosteric Regulatory Surface / Novel Epitope	1686.4	0.0	False		None	False		N/A	None	38	1	0	6	0.129	-17.85	14	21	28.0	22.34	3	19	5957.5	12764.5	0	0	None	0	0	0.58	0.4
c4riboseqorf57_partner_03_SAR1A	SEC31A	uORF	1B	SAR1A	Q9NR31	0.0811	0.5691	Cofactor / Substrate Pocket Competitor	2291.0	13.6	False		None	True	3.7	N/A	2GAO	53	4	2	6	0.093	-5.56	26	22	50.0	23.86	0	34	5518.6	10573.0	0	23	 (res 40);  (res 40);  (res 137);  (res 137);  (res 181);  (res 181)	15	3	0.63	0.39
c5riboseqorf81_partner_03_GRAMD2A	GRAMD2B	uORF	1B	GRAMD2A	Q8IUY3	0.0813	0.3452	Allosteric Regulatory Surface / Novel Epitope	873.6	0.0	False		None	False		GRAM (72-139)	None	15	1	0	1	0.227	-7.69	6	11	5.5	27.2	1	5	14088.3	39134.5	0	0	None	0	0	0.81	0.66
c12norep55_partner_03_ANXA5	ANO6	uORF	1B	ANXA5	P08758	0.0806	0.8601	Allosteric Regulatory Surface / Novel Epitope	1150.9	0.0	False		None	False		N/A	None	25	1	0	2	0.156	-8.59	10	16	43.5	25.81	0	13	2672.6	15338.1	0	0	None	15	0	0.87	0.24
c20norep82_partner_10_MAP1LC3B	ADNP	intORF	1B	MAP1LC3B	Q9GZQ8	0.0804	0.5336	Known Macromolecular Subunit Competitor / Adaptor	3618.7	95.6	False		None	False		N/A	2LUE; 2N9X; 2ZJD; 5D94; 5GMV; 5MS2; 5V4K; 5W9A; 5XAC; 5XAE	90	5	0	14	0.062	-1.35	32	45	49.2	23.11	1	51	6855.8	8226.3	0	0	None	104	43	0.66	0.38
c19norep29_partner_01_CLPP	LONP1	uoORF	1A	CLPP	Q16740	0.0809	0.5171	Known Macromolecular Subunit Competitor / Adaptor	1812.1	100.0	False	22.94	None	False		N/A	1TG6; 6BBA; 6DL7; 6H23; 7UVM; 7UVN; 7UVR; 7UVU; 7UW0; 7VP9	51	5	1	4	0.121	-4.63	21	20	18.8	27.72	0	26	9463.5	20637.6	2	0	None	127	20	0.73	0.39
c12riboseqorf80_partner_02_GPKOW	nan	mixed	1B	GPKOW	Q92917	0.0807	0.2914	Non-Interacting / Dissociated	0.0	0.0	False		None	False		N/A	None	0	0	0	0	0.0	0.0	0	0	0.0		0	0			0	0	None	0	0	0.79	0.55
cXriboseqorf30_partner_02_LOC112267897	FAM104B	uoORF	1B	LOC112267897	A0A3B3IRQ3	0.0801	0.2014	Allosteric Regulatory Surface / Novel Epitope	2653.7	0.0	False		None	False		N/A	None	77	9	0	1	0.083	-28.63	25	37	34.7	22.34	1	45	5999.4	6337.8	0	0	None	0	0	0.35	0.31
c17norep109_partner_04_IKBKG	MAP3K14-AS1	lncRNA-ORF	4	IKBKG	Q9Y6K9	0.0802	0.2098	Shared Physiological Complex Interface	2396.6	59.4	False		None	False	35.25	Required for interaction with and ubiquitination by MARCHF2 (1-197); Interaction with CHUK/IKBKB (44-111); Interaction with TANK (150-257); Ubiquitin-binding (UBAN) (242-350); Self-association (246-365); Required for interaction with TNFAIP3 (251-419)	3BRT; 3BRV; 3CL3; 3FX0; 4BWN; 5LDE; 6MI3; 6MI4; 6XX0; 6YEK	64	5	1	12	0.087	-6.54	23	32	46.0	29.51	1	34	5266.7	34939.3	0	4	None	161	19	0.67	0.37
c15riboseqorf22_partner_03_HINT1	ADAL	uORF	1B	HINT1	P49773	0.0798	0.7608	Cofactor / Substrate Pocket Competitor	1324.1	12.5	False	12.71	None	True	2.7	HIT (18-126)	1AV5; 1KPA; 1KPB; 1KPC; 1KPE; 1KPF; 3TW2; 4EQE; 4EQG; 4EQH	35	4	0	3	0.168	-7.63	13	16	59.1	22.52	0	20	2650.2	8049.3	1	4	 (res 43);  (res 44)	42	2	0.87	0.37
c3riboseqorf50_partner_01_DUSP5	SNRK	uORF	1B	DUSP5	Q16690	0.0798	0.4339	Known Macromolecular Subunit Competitor / Adaptor	1098.0	84.6	False	13.03	None	False		Tyrosine-protein phosphatase (178-319)	2G6Z	24	2	1	3	0.205	-10.22	9	13	18.8	26.26	1	14	5566.6	20131.4	1	0	None	36	11	0.7	0.33
c1riboseqorf39_partner_06_TARDBP	HNRNPR	intORF	1B	TARDBP	Q13148	0.0799	0.2278	Known Macromolecular Subunit Competitor / Adaptor	518.4	100.0	False		None	False		RRM 1 (104-200)	4BS2; 4IUF; 4Y00; 4Y0F	8	0	1	0	0.444	-10.72	3	6	6.7	27.48	1	3	5403.3	32306.6	0	0	None	243	6	0.57	0.37
c11riboseqorf40_partner_01_TP53	HIPK3	uORF	1B	TP53	P04637	0.0797	0.4862	Known Macromolecular Subunit Competitor / Adaptor	1533.6	92.9	False		None	False	8.84	Interaction with CCAR2 (1-320); Interaction with HRMT1L2 (1-83); Transcription activation (acidic) (1-44); Disordered (50-96)	1YCQ; 1YCR; 2B3G; 2GS0; 2K8F; 2L14; 2LY4; 2MWY; 2MZD; 2RUK	20	2	3	6	0.143	-6.17	10	14	19.6	27.0	0	8	5987.2	32909.8	0	4	None	293	13	0.71	0.44
c7norep146_partner_02_EWSR1	CUX1	intORF	1B	EWSR1	Q01844	0.0797	0.1992	Non-Interacting / Dissociated	0.0	0.0	False		None	False		N/A	None	0	0	0	0	0.0	0.0	0	0	0.0		0	0			0	0	None	0	0	0.39	0.57
c19riboseqorf114_partner_02_HIF3A	EGLN2	uORF	1B	HIF3A	Q9Y2N7	0.0796	0.4677	Non-Interacting / Dissociated	0.0	0.0	False		None	False		N/A	None	0	0	0	0	0.0	0.0	0	0	0.0		0	0			0	0	None	0	0	0.58	0.59
c11norep11_partner_02_IGFBP6	IGF2-AS	lncRNA	1A	IGFBP6	P24592	0.0797	0.2805	Non-Interacting / Dissociated	0.0	0.0	False		None	False		N/A	None	0	0	0	0	0.0	0.0	0	0	0.0		0	0			0	0	None	0	0	0.76	0.73
c8riboseqorf89_partner_04_BYSL	DCAF13	uORF	2B	BYSL	Q13895	0.0795	0.6074	Allosteric Regulatory Surface / Novel Epitope	2933.2	27.0	False		None	False		Disordered (1-105)	7WTT; 7WTU; 7WTV; 7WTW; 7WTX	68	6	2	6	0.066	-14.05	28	37	45.9	29.66	2	34	7126.4	24236.5	0	0	None	163	10	0.7	0.41
c11norep176_partner_03_HSPB1	CRYAB	uORF	4	HSPB1	P04792	0.0793	0.3185	Allosteric Regulatory Surface / Novel Epitope	1232.1	0.0	False		None	False		sHSP (76-184); Interaction with TGFB1I1 (70-205)	None	25	4	0	5	0.198	-9.19	9	14	50.0	24.1	0	9	2033.3	14755.7	0	0	None	0	0	0.48	0.28
c10riboseqorf77_partner_03_DR1	BTAF1	uORF	1B	DR1	Q01658	0.0786	0.3553	Known Macromolecular Subunit Competitor / Adaptor	1549.0	76.5	False		None	False		Histone-fold (12-75)	1JFI	29	1	2	9	0.1	-7.01	17	17	43.6	24.17	0	10	4602.2	16180.1	0	0	None	52	13	0.65	0.39
c3riboseqorf106_partner_09_CCDC92	ZBTB11-AS1	lncRNA-ORF	1B	CCDC92	Q53HC0	0.0793	0.2345	Allosteric Regulatory Surface / Novel Epitope	2428.1	0.0	False		None	False		N/A	None	43	7	0	5	0.089	-10.52	22	22	25.0	29.9	0	20	8795.0	34169.9	0	0	None	0	0	0.56	0.33
c1riboseqorf120_partner_01_TTYH2	LRRC8D	uORF	1B	TTYH2	Q9BSA4	0.0787	0.6231	Non-Interacting / Dissociated	0.0	0.0	False		None	False		N/A	None	0	0	0	0	0.0	0.0	0	0	0.0		0	0			0	0	None	0	0	0.75	0.71
cXnorep59_partner_03_BLNK	BTK	uORF	1B	BLNK	Q8WV28	0.0785	0.299	Allosteric Regulatory Surface / Novel Epitope	2466.2	0.0	False		None	False		SH2 (346-453); Disordered (36-301)	None	74	12	0	2	0.112	-9.02	17	39	60.7	30.26	0	41	3462.0	34887.9	0	0	None	8	0	0.52	0.5
c22riboseqorf52_partner_01_MAPKAP1	PRR5	uORF	1B	MAPKAP1	Q9BPZ7	0.0785	0.3246	Known Macromolecular Subunit Competitor / Adaptor	1551.5	81.2	False		None	False	41.43	Interaction with NBN (2-267); Interaction with MAP3K2 (2-184)	6ZWM; 6ZWO; 7PE7; 7PE8; 7PE9; 7TZO; 9T7J; 9T92; 9T93; 9T94	38	0	2	2	0.14	-2.18	17	16	47.2	30.13	0	29	3926.9	35277.2	0	3	None	153	13	0.62	0.45
c5riboseqorf81_partner_02_EFCAB14	GRAMD2B	uORF	1B	EFCAB14	O75071	0.0789	0.2053	Non-Interacting / Dissociated	0.0	0.0	False		None	False		N/A	None	0	0	0	0	0.0	0.0	0	0	0.0		0	0			0	0	None	0	0	0.66	0.66
c1riboseqorf177_partner_04_CDIPT	PI4KB	uORF	1B	CDIPT	O14735	0.0784	0.5977	Active Site Blocker / Competitive Decoy	1892.3	0.0	True	2.44	Proton acceptor (res 72)	True	2.44	N/A	None	48	2	4	1	0.094	-10.1	17	30	30.9	24.47	1	28	5858.4	13113.2	1	9	 (res 47);  (res 47);  (res 51);  (res 55);  (res 61);  (res 68);  (res 68);  (res 72)	0	0	0.68	0.32
c14riboseqorf85_partner_01_UBE2D1	AREL1	intORF	1B	UBE2D1	P51668	0.0781	0.5852	Known Macromolecular Subunit Competitor / Adaptor	1031.9	87.5	False	20.62	None	False		UBC core (1-147)	3OJ4; 3PTF; 6D4P; 9UUM; 9UUQ; 9V09; 9V0A; 9V0B; 9V0C; 9V0E	30	5	0	5	0.156	-16.2	12	16	19.0	22.29	0	10	4859.9	8274.9	1	0	None	76	14	0.71	0.3
c6norep97_partner_08_PSMB3	PSMB8-AS1	lncRNA-ORF	1B	PSMB3	P49720	0.0785	0.6288	Known Macromolecular Subunit Competitor / Adaptor	2369.6	86.2	False		None	False		N/A	22MM; 4R3O; 4R67; 5A0Q; 5GJQ; 5GJR; 5L4G; 5LE5; 5LEX; 5LEY	55	2	6	9	0.079	-11.57	24	29	38.1	25.44	1	27	5945.5	10449.4	0	0	None	128	25	0.7	0.36
c6riboseqorf74_partner_02_TNFRSF10B	TNFRSF21	uORF	1B	TNFRSF10B	O14763	0.078	0.3122	Non-Interacting / Dissociated	0.0	0.0	False		None	False		N/A	None	0	0	0	0	0.0	0.0	0	0	0.0		0	0			0	0	None	0	0	0.84	0.72
c13riboseqorf59_partner_02_RBM8A	UPF3A	intORF	1B	RBM8A	Q9Y5S9	0.0778	0.3553	Known Macromolecular Subunit Competitor / Adaptor	1651.4	63.2	False		None	False		RRM (73-151); Disordered (1-70)	1P27; 2HYI; 2J0Q; 2J0S; 2XB2; 5XJC; 5YZG; 6QDV; 7ZNJ; 8I0W	30	0	1	4	0.099	-8.48	16	19	61.5	26.3	1	17	2931.2	15566.3	0	0	None	44	12	0.54	0.51
c17riboseqorf149_partner_05_TMEM88	TMEM94	uoORF	1A	TMEM88	Q6PEY1	0.0775	0.4252	Non-Interacting / Dissociated	0.0	0.0	False		None	False		N/A	None	0	0	0	0	0.0	0.0	0	0	0.0		0	0			0	0	None	0	0	0.78	0.77
c1riboseqorf252_partner_01_IGF2	ZBED6	uORF	1B	IGF2	P01344	0.0778	0.2591	Shared Physiological Complex Interface	4373.7	30.9	False		None	False		B (25-52); A (65-85); Disordered (161-180)	2L29; 2V5P; 3E4Z; 3KR3; 6UM2; 6VWG; 6VWI; 8U4C; 8U4E; 8VJB	114	11	2	15	0.049	-5.04	42	55	68.9	24.68	3	55	6654.3	15619.6	0	0	None	55	17	0.46	0.31
c6norep180_partner_02_TAS2R50	ROS1	uORF	1B	TAS2R50	P59544	0.0775	0.7184	Peripheral Surface Interaction	179.2	0.0	False		None	False		N/A	None	1	0	0	0	1.0	-10.0	1	1	2.8	27.78	0	1	4942.1	17791.6	0	0	None	0	0	0.74	0.59
c21riboseqorf14_partner_07_SPI1	RUNX1	uORF	1B	SPI1	P17947	0.0773	0.312	Shared Physiological Complex Interface	1201.7	42.9	False		None	False	8.23	N/A	9CMB; 9PSL	25	1	0	12	0.137	-13.86	13	14	65.0	26.98	1	7	2148.2	21945.4	0	4	None	50	6	0.5	0.54
c12riboseqorf97_partner_01_THAP11	THAP2	uoORF	1B	THAP11	Q96EK4	0.0773	0.2372	Peripheral Surface Interaction	693.3	0.0	False		None	False		N/A	None	12	0	0	5	0.25	-10.63	6	8	8.7	30.27	0	5	7540.9	30896.7	0	0	None	29	0	0.71	0.58
c2norep211_partner_06_TRIM54	TTN-AS1	lncRNA-ORF	4	TRIM54	Q9BYV2	0.0775	0.3892	Allosteric Regulatory Surface / Novel Epitope	1099.9	0.0	False		None	False	30.53	Mediates microtubule-binding and homooligomerization (168-211)	None	22	3	1	0	0.169	-10.25	10	13	11.5	29.34	0	14	6595.1	30079.5	0	4	None	12	0	0.75	0.31
c11riboseqorf4_partner_01_CRADD	PIDD1	uoORF	1A	CRADD	P78560	0.077	0.3368	Non-Interacting / Dissociated	0.0	0.0	False		None	False		N/A	None	0	0	0	0	0.0	0.0	0	0	0.0		0	0			0	0	None	0	0	0.88	0.83
c1riboseqorf199_partner_07_MRPS5	ENSG00000229953	lncRNA-ORF	1B	MRPS5	P82675	0.0765	0.5044	Non-Interacting / Dissociated	0.0	0.0	False		None	False		N/A	None	0	0	0	0	0.0	0.0	0	0	0.0		0	0			0	0	None	0	0	0.72	0.57
c11norep11_partner_05_IGF1	IGF2-AS	lncRNA	1A	IGF1	P05019	0.0768	0.2744	Peripheral Surface Interaction	168.5	0.0	False		None	False		Disordered (119-195)	None	1	0	0	0	1.0	-10.0	1	1	0.8	20.56	0	1	18210.9	22099.4	0	0	None	64	0	0.78	0.77
c7riboseqorf131_partner_05_XRCC4	CYREN	dORF	1B	XRCC4	Q13426	0.0768	0.4519	Known Macromolecular Subunit Competitor / Adaptor	435.0	100.0	False		None	False		Interaction with IFFO1 (1-213)	1FU1; 3Q4F; 3SR2; 5WLZ; 7LSY; 7LT3; 7NFC; 7NFE; 8BHV; 8BOT	8	0	0	4	0.267	-8.2	5	6	8.5	27.46	0	2	7293.7	32071.7	0	0	None	173	6	0.73	0.56
c17riboseqorf106_partner_02_MAFF	NFE2L1	uORF	1B	MAFF	Q9ULX9	0.0762	0.3222	Peripheral Surface Interaction	287.2	0.0	False		None	False		bZIP (51-114); Basic motif (51-76)	None	4	1	0	0	0.667	-8.68	3	2	5.1	22.45	0	2	4644.7	14913.3	0	0	None	0	0	0.66	0.41
c2norep207_partner_02_TRIM63	TTN-AS1	lncRNA-ORF	1B	TRIM63	Q969Q1	0.0764	0.3781	Known Macromolecular Subunit Competitor / Adaptor	658.4	87.5	False		None	False	116.59	COS (267-325)	4M3L	13	1	0	4	0.181	-10.57	9	8	11.8	29.73	0	3	6823.3	29469.0	0	4	None	47	7	0.72	0.33
c17riboseqorf78_partner_01_IGFBP4	IGFBP4	uORF	1B	IGFBP4	P22692	0.076	0.3154	Shared Physiological Complex Interface	1653.4	46.4	False		None	False		Thyroglobulin type-1 (171-249)	2DSR	40	1	0	4	0.179	-4.46	8	28	47.1	27.56	1	27	2619.0	20353.8	0	0	None	50	13	0.61	0.58
c16norep74_partner_03_SNCA	SIAH1	intORF	1B	SNCA	P37840	0.076	0.1462	Known Macromolecular Subunit Competitor / Adaptor	1397.3	100.0	False		None	False	12.75	4 X 11 AA tandem repeats of [EGS]-K-T-K-[EQ]-[GQ]-V-X(4) (20-67)	10XU; 2N0A; 36QD; 3Q29; 4R0U; 4R0W; 4RIK; 4RIL; 6A6B; 6CT7	27	1	0	12	0.105	-11.61	16	16	21.6	24.38	0	12	7251.7	13191.4	0	2	None	132	16	0.43	0.4
c5riboseqorf134_partner_02_MKRN1	RNF130	uORF	1B	MKRN1	Q9UHC7	0.0759	0.3518	Peripheral Surface Interaction	55.1	0.0	False		None	False		N/A	None	1	0	0	0	1.0	-9.52	1	1	5.0	30.9	0	1	3041.3	40246.3	0	0	None	0	0	0.6	0.7
c11riboseqorf67_partner_02_GPKOW	nan	mixed	1B	GPKOW	Q92917	0.0766	0.2818	Non-Interacting / Dissociated	0.0	0.0	False		None	False		N/A	None	0	0	0	0	0.0	0.0	0	0	0.0		0	0			0	0	None	0	0	0.79	0.81
c18norep5_partner_05_ZWINT	NDC80	uoORF	1B	ZWINT	O95229	0.0758	0.3509	Allosteric Regulatory Surface / Novel Epitope	1207.0	0.0	False		None	False		Interaction with NDC80 and ZW10 (80-155)	None	24	0	0	9	0.128	-7.69	17	11	30.9	26.6	0	13	5812.6	25608.8	0	0	None	22	0	0.68	0.36
c21riboseqorf14_partner_08_GATA1	RUNX1	uORF	1B	GATA1	P15976	0.0751	0.2221	Non-Interacting / Dissociated	0.0	0.0	False		None	False		N/A	None	0	0	0	0	0.0	0.0	0	0	0.0		0	0			0	0	None	0	0	0.74	0.82
c14riboseqorf81_partner_05_NUMBL	NUMB	uORF	1B	NUMBL	Q9Y6R0	0.0756	0.2893	Non-Interacting / Dissociated	0.0	0.0	False		None	False		N/A	None	0	0	0	0	0.0	0.0	0	0	0.0		0	0			0	0	None	0	0	0.52	0.51
c19norep3_partner_02_UBE2D2	RNF126	intORF	1B	UBE2D2	P62837	0.0757	0.6077	Active Site Cleft Occlusion / Proximal Inhibitor	1755.1	95.5	False	7.5	None	False		UBC core (1-147)	1UR6; 3A33; 3JVZ; 3JW0; 3ZNI; 4A49; 4A4B; 4A4C; 4AUQ; 4DDG	35	2	2	3	0.084	-8.57	19	22	33.3	22.84	0	14	5461.0	7976.5	1	0	None	111	21	0.72	0.29
c7riboseqorf121_partner_01_SCN4B	nan	mixed	1B	SCN4B	Q8IWT1	0.0752	0.4486	Peripheral Surface Interaction	582.6	0.0	False		None	False		Ig-like C2-type (31-148)	None	8	1	0	1	0.229	-8.33	5	7	9.1	24.49	1	5	7925.7	19299.5	0	0	None	27	0	0.74	0.66
c12norep129_partner_01_UTP11	KRR1	intORF	1B	UTP11	Q9Y3A2	0.075	0.4203	Shared Physiological Complex Interface	2401.3	40.0	False		None	False		N/A	7MQ9	66	6	1	9	0.088	-13.24	25	30	58.1	27.35	0	35	5595.2	25702.4	0	0	None	124	12	0.7	0.43
c20norep82_partner_05_CBX3	ADNP	intORF	1B	CBX3	Q13185	0.0748	0.274	Known Macromolecular Subunit Competitor / Adaptor	2321.4	65.4	False		None	False		Chromo 1 (30-88); Disordered (1-28)	2L11; 3DM1; 3TZD	49	4	3	4	0.099	0.14	19	26	29.2	27.9	1	27	6616.2	18477.0	0	0	None	50	17	0.65	0.48
c11riboseqorf106_partner_04_GHRL	UCP2	uORF	1B	GHRL	Q9UBU3	0.0749	0.169	Peripheral Surface Interaction	792.9	0.0	False		None	False		N/A	None	19	3	1	2	0.173	-8.88	10	11	6.9	20.12	0	6	19314.5	12781.2	0	0	None	13	0	0.68	0.64
c1riboseqorf120_partner_03_TTYH1	LRRC8D	uORF	1B	TTYH1	Q9H313	0.0749	0.6532	Non-Interacting / Dissociated	0.0	0.0	False		None	False		N/A	None	0	0	0	0	0.0	0.0	0	0	0.0		0	0			0	0	None	0	0	0.75	0.79
c16riboseqorf104_partner_07_DCX	PSKH1	uORF	1B	DCX	O43602	0.0747	0.2907	Non-Interacting / Dissociated	0.0	0.0	False		None	False		N/A	None	0	0	0	0	0.0	0.0	0	0	0.0		0	0			0	0	None	0	0	0.66	0.69
c11riboseqorf108_partner_01_POLD4	AP001372.2	lncRNA	1A	POLD4	Q9HCU8	0.0754	0.2177	Known Macromolecular Subunit Competitor / Adaptor	1737.9	93.3	False		None	False		Disordered (1-44)	6HVO; 6S1M; 6S1N; 6S1O; 6TNY; 6TNZ	31	5	0	3	0.129	-12.73	16	15	4.6	28.54	2	16	26168.4	8744.5	0	0	None	27	14	0.65	0.55
c8riboseqorf67_partner_02_PEX10	PEX2	uoORF	1B	PEX10	O60683	0.0747	0.5972	Non-Interacting / Dissociated	0.0	0.0	False		None	False		N/A	None	0	0	0	0	0.0	0.0	0	0	0.0		0	0			0	0	None	0	0	0.83	0.59
c12norep129_partner_03_UTP3	KRR1	intORF	1B	UTP3	Q9NQZ2	0.0746	0.29	Non-Interacting / Dissociated	0.0	0.0	False		None	False		N/A	None	0	0	0	0	0.0	0.0	0	0	0.0		0	0			0	0	None	0	0	0.65	0.57
c4riboseqorf60_partner_01_PLEKHA1	PTPN13	uORF	1B	PLEKHA1	Q9HB21	0.0746	0.4935	Peripheral Surface Interaction	474.7	0.0	False		None	False		PH 1 (7-112)	None	9	2	0	0	0.36	-12.06	5	5	16.1	27.38	0	2	4055.3	36311.9	0	0	None	0	0	0.68	0.51
c16norep119_partner_03_POU1F1	ZFHX3-AS1	lncRNA-ORF	4	POU1F1	P28069	0.0748	0.232	Allosteric Regulatory Surface / Novel Epitope	3956.3	6.5	False		None	False		POU-specific (124-198)	5WC9	104	11	0	15	0.05	-20.14	45	46	29.2	29.07	0	52	10212.0	22613.5	0	0	None	32	3	0.56	0.37
c3norep215_partner_04_MECP2	TBL1XR1	uORF	2B	MECP2	P51608	0.0745	0.1872	Peripheral Surface Interaction	558.0	0.0	False		None	False		Disordered (147-275)	None	11	0	0	3	0.344	-7.16	4	8	22.2	30.05	0	6	2229.8	27824.2	0	0	None	24	0	0.45	0.5
c14norep27_partner_10_DFFB	CIDEB	uORF	2B	DFFB	O76075	0.074	0.5848	Allosteric Regulatory Surface / Novel Epitope	1212.5	0.0	False		None	False		N/A	None	28	5	2	3	0.12	-10.3	13	18	46.4	28.26	0	11	3897.9	21445.0	0	0	None	14	0	0.79	0.32
c13norep17_partner_02_TP53	HMGB1	uORF	2B	TP53	P04637	0.0742	0.4973	Known Macromolecular Subunit Competitor / Adaptor	661.2	100.0	False		None	False	12.96	Interaction with CCAR2 (1-320); Interaction with HIPK1 (100-370); Required for interaction with ZNF385A (100-300); Required for interaction with FBXO42 (113-236); Interaction with AXIN1 (116-292); Interaction with E4F1 (256-294)	1KZY; 1TSR; 1TUP; 2AC0; 2ADY; 2AHI; 2ATA; 3KMD; 4HJE; 4QO1	13	2	0	0	0.181	-11.09	8	9	17.8	29.3	0	9	5271.1	30245.9	0	4	None	293	9	0.71	0.36
c2norep211_partner_02_CSRP3	TTN-AS1	lncRNA-ORF	4	CSRP3	P50461	0.0744	0.2223	Allosteric Regulatory Surface / Novel Epitope	2557.4	0.0	False		None	False		LIM zinc-binding 1 (10-61); Interaction with TCAP (1-5)	None	59	12	1	2	0.078	-14.44	27	28	31.0	26.47	2	25	7618.2	15194.8	0	0	None	0	0	0.55	0.27
c14riboseqorf81_partner_03_TP53	NUMB	uORF	1B	TP53	P04637	0.0735	0.5094	Known Macromolecular Subunit Competitor / Adaptor	1407.2	90.5	False		None	False	17.53	Interaction with CCAR2 (1-320); Interaction with HRMT1L2 (1-83); Transcription activation (acidic) (1-44); Interaction with HIPK1 (100-370); Required for interaction with ZNF385A (100-300); Required for interaction with FBXO42 (113-236); Interaction with AXIN1 (116-292)	1TSR; 1TUP; 1YCQ; 1YCR; 21EX; 2AC0; 2K8F; 2MWY; 2Z5S; 2Z5T	31	5	2	4	0.123	-7.9	12	21	37.5	29.59	0	9	3291.6	27979.6	0	4	None	293	19	0.71	0.4
c14riboseqorf72_partner_02_SRSF11	SRSF5	uORF	1B	SRSF11	Q05519	0.0733	0.2396	Non-Interacting / Dissociated	0.0	0.0	False		None	False		N/A	None	0	0	0	0	0.0	0.0	0	0	0.0		0	0			0	0	None	0	0	0.49	0.47
c22riboseqorf17_partner_03_CNR1	ADORA2A	uORF	1B	CNR1	P21554	0.0738	0.6015	Peripheral Surface Interaction	572.5	0.0	False		None	False		N/A	None	11	1	1	1	0.172	-11.06	8	8	40.0	30.47	0	5	2514.9	30540.5	0	0	None	43	0	0.69	0.58
c3riboseqorf154_partner_02_MBNL2	MBNL1	uORF	1B	MBNL2	Q5VZF2	0.0732	0.3303	Non-Interacting / Dissociated	0.0	0.0	False		None	False		N/A	None	0	0	0	0	0.0	0.0	0	0	0.0		0	0			0	0	None	0	0	0.79	0.67
c12norep86_partner_03_H3-4	CBX5	lncRNA-ORF	2B	H3-4	Q16695	0.0732	0.334	Known Macromolecular Subunit Competitor / Adaptor	2986.1	96.9	False		None	False		Disordered (1-43)	21EE; 2YBP; 2YBS; 3A6N; 3MO8; 8VMI; 8Z50	75	3	2	17	0.09	-12.9	26	32	60.5	25.15	3	34	3557.0	13108.5	0	0	None	119	31	0.55	0.35
c12norep60_partner_02_GPKOW	nan	mixed	1B	GPKOW	Q92917	0.0735	0.2754	Non-Interacting / Dissociated	0.0	0.0	False		None	False		N/A	None	0	0	0	0	0.0	0.0	0	0	0.0		0	0			0	0	None	0	0	0.68	0.61
c15riboseqorf54_partner_02_FOXA1	TLE3	uORF	1B	FOXA1	P55317	0.0731	0.2399	Peripheral Surface Interaction	649.2	0.0	False		None	False		Disordered (269-392)	None	14	1	0	0	0.194	-14.37	9	8	36.0	30.95	0	5	3120.3	28057.9	0	0	None	40	0	0.41	0.54
c11norep73_partner_02_CNTF	ZFP91	intORF	1B	CNTF	P26441	0.0728	0.7121	Allosteric Regulatory Surface / Novel Epitope	1755.8	8.7	False		None	False		N/A	8D74	40	5	0	6	0.116	-8.48	15	23	60.0	25.35	0	19	3080.6	11827.6	0	0	None	50	2	0.74	0.39
c11norep11_partner_04_IGFBP3	IGF2-AS	lncRNA	1A	IGFBP3	P17936	0.0735	0.2913	Non-Interacting / Dissociated	0.0	0.0	False		None	False		N/A	None	0	0	0	0	0.0	0.0	0	0	0.0		0	0			0	0	None	0	0	0.78	0.73
c2riboseqorf138_partner_02_UBE2E2	UBE2E3	uORF	1B	UBE2E2	Q96LR5	0.0729	0.6025	Active Site Blocker / Competitive Decoy	1689.2	5.0	True	4.42	Glycyl thioester intermediate (res 139)	False		UBC core (55-201)	6W9A	42	4	0	5	0.117	-13.7	18	20	31.6	24.65	0	23	6983.9	14591.2	1	0	None	42	1	0.8	0.42
c8riboseqorf67_partner_05_PEX14	PEX2	uoORF	1B	PEX14	O75381	0.0728	0.227	Non-Interacting / Dissociated	0.0	0.0	False		None	False		N/A	None	0	0	0	0	0.0	0.0	0	0	0.0		0	0			0	0	None	0	0	0.7	0.57
c12norep43_partner_03_SASH3	IRAG2	uORF	1B	SASH3	O75995	0.0727	0.1995	Allosteric Regulatory Surface / Novel Epitope	1320.4	0.0	False		None	False		SAM (252-316); Disordered (1-76)	None	26	5	1	0	0.139	-6.23	11	17	45.8	30.37	0	15	3350.2	26910.7	0	0	None	0	0	0.53	0.63
c11riboseqorf11_partner_02_GPKOW	nan	mixed	1B	GPKOW	Q92917	0.0727	0.2729	Non-Interacting / Dissociated	0.0	0.0	False		None	False		N/A	None	0	0	0	0	0.0	0.0	0	0	0.0		0	0			0	0	None	0	0	0.57	0.7
c8riboseqorf89_partner_08_KRR1	DCAF13	uORF	2B	KRR1	Q13601	0.0727	0.4787	Non-Interacting / Dissociated	0.0	0.0	False		None	False		N/A	None	0	0	0	0	0.0	0.0	0	0	0.0		0	0			0	0	None	0	0	0.75	0.72
c11riboseqorf108_partner_05_POLE3	AP001372.2	lncRNA	1A	POLE3	Q9NRF9	0.0737	0.2509	Peripheral Surface Interaction	320.0	0.0	False		None	False		N/A	None	6	0	0	0	0.4	-8.31	5	3	1.4	27.78	0	3	29379.4	14230.5	0	0	None	0	0	0.68	0.55
c12riboseqorf80_partner_03_SCN1B	nan	mixed	1B	SCN1B	Q07699	0.0727	0.4502	Shared Physiological Complex Interface	152.4	50.0	False		None	False		N/A	21TP; 21TQ; 6J8G; 6J8H; 6J8I; 6J8J; 7W9L; 7W9M; 7W9P; 7W9T	2	0	0	0	0.5	-10.5	2	2	2.2	22.36	0	1	11894.5	16783.3	0	0	None	50	1	0.78	0.57
c4riboseqorf2_partner_10_CBX5	CTBP1	uORF	1B	CBX5	P45973	0.0719	0.2604	Known Macromolecular Subunit Competitor / Adaptor	1910.4	82.6	False		None	False		Chromo 1 (20-78); Chromo 2; shadow subtype (121-179)	3FDT; 8UXQ; 9CDW; 9CMT	38	5	0	9	0.11	-7.06	15	23	46.9	26.17	1	16	3902.8	17334.8	0	0	None	97	19	0.58	0.4
c2riboseqorf69_partner_03_SHISAL2B	TMEM182	intORF	1B	SHISAL2B	A6NKW6	0.0719	0.2886	Peripheral Surface Interaction	442.3	0.0	False		None	False		N/A	None	4	0	0	3	0.333	-9.63	3	4	6.7	21.98	0	0	5988.2	16819.8	0	0	None	0	0	0.71	0.66
c6norep46_partner_03_NUP35	NUP153-AS1	lncRNA-ORF	2B	NUP35	Q8NFH5	0.0723	0.2601	Non-Interacting / Dissociated	0.0	0.0	False		None	False		N/A	None	0	0	0	0	0.0	0.0	0	0	0.0		0	0			0	0	None	0	0	0.63	0.79
c15riboseqorf70_partner_01_PAG1	CSK	uORF	1B	PAG1	Q9NWQ8	0.0718	0.1523	Non-Interacting / Dissociated	0.0	0.0	False		None	False		N/A	None	0	0	0	0	0.0	0.0	0	0	0.0		0	0			0	0	None	0	0	0.71	0.78
c11riboseqorf106_partner_01_LEP	UCP2	uORF	1B	LEP	P41159	0.0726	0.4333	Known Macromolecular Subunit Competitor / Adaptor	2444.6	72.0	False		None	False		N/A	7Z3Q; 8AVE; 8AVF; 8AVO; 8X80; 8X81; 8X85; 9PUO	45	3	2	8	0.072	-18.26	25	25	17.4	27.01	0	19	17351.7	10537.5	0	0	None	49	18	0.68	0.49
c20norep25_partner_01_NDUFS7	NDUFAF5	intORF	1B	NDUFS7	O75251	0.0717	0.6061	Known Macromolecular Subunit Competitor / Adaptor	328.0	100.0	False		None	False	22.32	N/A	5XTB; 5XTD; 9CWT; 9I4I; 9TI4	4	0	1	2	0.333	-9.26	3	4	13.0	27.2	0	1	2851.8	16047.1	0	4	None	102	4	0.74	0.54
c12riboseqorf23_partner_01_ETV6	CREBL2	uORF	1B	ETV6	P41212	0.0718	0.3424	Allosteric Regulatory Surface / Novel Epitope	1540.8	0.0	False		None	False		Disordered (158-262)	None	37	8	1	3	0.122	-9.48	16	19	64.0	30.19	0	20	2694.0	28079.7	0	0	None	48	0	0.54	0.39
c2norep270_partner_07_MRPS5	ENSG00000224090	lncRNA-ORF	4	MRPS5	P82675	0.0723	0.4735	Known Macromolecular Subunit Competitor / Adaptor	75.0	100.0	False		None	False		S5 DRBM (218-282)	6RW4; 6RW5; 7P2E; 7PNX; 7PNY; 7PNZ; 7PO0; 7PO1; 7PO2; 7PO3	2	0	0	0	1.0	-9.15	1	2	1.2	30.28	0	2	7952.0	35423.9	0	0	None	207	2	0.72	0.43
c21riboseqorf14_partner_02_CBFB	RUNX1	uORF	1B	CBFB	Q13951	0.0715	0.708	Known Macromolecular Subunit Competitor / Adaptor	1153.1	60.0	False		None	False		N/A	4N9F; 6NIL; 6P59; 8CX0; 8CX1; 8CX2; 8FVI; 8FVJ; 8H0I; 8J62	25	3	0	4	0.185	-11.09	9	15	45.0	24.72	0	15	2312.8	13087.1	0	0	None	95	9	0.82	0.37
c16riboseqorf81_partner_03_CCDC106	RSPRY1	uORF	1B	CCDC106	Q9BWC9	0.0717	0.3375	Peripheral Surface Interaction	207.9	0.0	False		None	False		N/A	None	4	0	0	2	0.667	-9.52	2	3	4.3	28.5	0	1	6784.0	25093.2	0	0	None	0	0	0.63	0.65
c12riboseqorf13_partner_04_PLAC8	ENSG00000272173	lncRNA-ORF	2B	PLAC8	Q9NZF1	0.0715	0.4121	Allosteric Regulatory Surface / Novel Epitope	890.8	0.0	False		None	False		N/A	None	15	3	0	1	0.136	-14.63	11	10	19.3	21.44	0	4	5759.5	7739.3	0	0	None	0	0	0.59	0.44
c22riboseqorf6_partner_05_MECP2	DGCR8	uORF	4	MECP2	P51608	0.0712	0.1888	Non-Interacting / Dissociated	0.0	0.0	False		None	False		N/A	None	0	0	0	0	0.0	0.0	0	0	0.0		0	0			0	0	None	0	0	0.48	0.55
c19norep57_partner_01_RBX1	KEAP1	uoORF	1B	RBX1	P62877	0.0706	0.3743	Active Site Cleft Occlusion / Proximal Inhibitor	1836.4	70.8	False		None	False	5.85	N/A	1LDJ; 1LDK; 1U6G; 29HG; 29HH; 29HI; 2HYE; 3DPL; 3DQV; 3RTR	53	5	1	6	0.123	-10.16	18	24	72.0	22.27	0	30	2479.1	8095.3	0	12	None	93	17	0.54	0.38
c3riboseqorf183_partner_10_PAX5	BCL6	uORF	4	PAX5	Q02548	0.0713	0.1916	Allosteric Regulatory Surface / Novel Epitope	2600.0	2.4	False		None	False		Disordered (1-21); RED subdomain (94-142); Disordered (182-218)	1K78	71	15	1	3	0.089	-11.08	19	42	100.0	30.49	0	36	2432.6	19642.9	0	0	None	44	1	0.45	0.38
c17riboseqorf11_partner_01_RAB9A	SGSM2	uORF	1B	RAB9A	P51151	0.0707	0.6656	Active Site Cleft Occlusion / Proximal Inhibitor	997.9	68.8	False		None	False	6.05	N/A	7E1T	22	2	0	5	0.138	-11.23	10	16	30.3	24.95	0	8	3708.3	12256.7	0	28	None	15	11	0.73	0.38
c14norep27_partner_07_PLIN3	CIDEB	uORF	2B	PLIN3	O60664	0.0708	0.3779	Allosteric Regulatory Surface / Novel Epitope	1804.0	0.0	False		None	False		N/A	None	50	6	1	7	0.123	-19.0	14	29	50.0	29.36	0	24	3989.2	26941.5	0	0	None	0	0	0.57	0.52
c8riboseqorf67_partner_03_PEX13	PEX2	uoORF	1B	PEX13	Q92968	0.071	0.2393	Non-Interacting / Dissociated	0.0	0.0	False		None	False		N/A	None	0	0	0	0	0.0	0.0	0	0	0.0		0	0			0	0	None	0	0	0.61	0.6
c22riboseqorf7_partner_03_PALM	ZDHHC8	uoORF	1B	PALM	O75781	0.0717	0.2288	Allosteric Regulatory Surface / Novel Epitope	3776.9	0.0	False		None	False		Disordered (31-160); Disordered (247-296); Disordered (335-378)	None	78	6	0	8	0.068	-4.6	26	44	31.0	29.01	1	48	9899.9	32244.7	0	0	None	0	0	0.51	0.57
c11riboseqorf59_partner_01_GOLGA7	ZDHHC5	uORF	1B	GOLGA7	Q7Z5G4	0.0704	0.4583	Shared Physiological Complex Interface	1618.6	35.3	False		None	False		N/A	8HF3; 9OA6	42	3	0	8	0.112	-18.83	22	17	44.0	23.99	1	23	4721.3	9627.6	0	0	None	32	6	0.58	0.37
c2riboseqorf19_partner_03_YIPF2	YIPF4	uORF	1B	YIPF2	Q9BWQ6	0.0703	0.4735	Non-Interacting / Dissociated	0.0	0.0	False		None	False		N/A	None	0	0	0	0	0.0	0.0	0	0	0.0		0	0			0	0	None	0	0	0.62	0.7
c1norep108_partner_02_TMEM69	GPBP1L1	uORF	1B	TMEM69	Q5SWH9	0.0703	0.5111	Non-Interacting / Dissociated	0.0	0.0	False		None	False		N/A	None	0	0	0	0	0.0	0.0	0	0	0.0		0	0			0	0	None	0	0	0.71	0.58
c14riboseqorf42_partner_01_ELOC	SOCS4	uORF	1B	ELOC	Q15369	0.0702	0.4662	Known Macromolecular Subunit Competitor / Adaptor	1691.5	100.0	False		None	False		N/A	1LM8; 1LQB; 1VCB; 29HO; 2C9W; 2IZV; 2MA9; 3DCG; 3ZKJ; 3ZNG	34	2	1	8	0.108	-12.13	15	21	42.9	21.94	3	15	4129.1	7601.5	0	0	None	105	21	0.58	0.37
c14norep27_partner_09_BSCL2	CIDEB	uORF	2B	BSCL2	Q96G97	0.0706	0.4282	Peripheral Surface Interaction	56.4	0.0	False		None	False		N/A	None	1	0	0	0	1.0	-10.5	1	1	3.6	30.93	0	0	4272.4	36121.0	0	0	None	37	0	0.72	0.83
c10riboseqorf118_partner_03_CTTN	SHTN1	uORF	4	CTTN	Q14247	0.07	0.1639	Non-Interacting / Dissociated	0.0	0.0	False		None	False		N/A	None	0	0	0	0	0.0	0.0	0	0	0.0		0	0			0	0	None	0	0	0.45	0.72
c19norep76_partner_01_RAB3IP	RAB8A	intORF	1B	RAB3IP	Q96QF0	0.0704	0.344	Non-Interacting / Dissociated	0.0	0.0	False		None	False		N/A	None	0	0	0	0	0.0	0.0	0	0	0.0		0	0			0	0	None	0	0	0.63	0.61
cXriboseqorf30_partner_05_KRTAP4-6	FAM104B	uoORF	1B	KRTAP4-6	Q9BYQ5	0.0698	0.1158	Allosteric Regulatory Surface / Novel Epitope	2937.9	0.0	False		None	False		30 X 5 AA repeats of C-C-[IRQVEL]-[SPTR]-[STVQRCP] (20-173)	None	67	3	0	2	0.058	-17.33	29	40	40.3	26.71	0	46	6460.9	10805.3	0	0	None	0	0	0.3	0.3
c3norep227_partner_02_NECAP1	AP2M1	intORF	1B	NECAP1	Q8NC96	0.0703	0.4298	Peripheral Surface Interaction	716.1	0.0	False		None	False		N/A	None	13	3	0	3	0.232	-10.21	7	8	10.3	28.72	0	5	9213.7	26301.6	0	0	None	15	0	0.81	0.67
c17riboseqorf78_partner_02_IGF1	IGFBP4	uORF	1B	IGF1	P05019	0.0692	0.228	Peripheral Surface Interaction	367.6	0.0	False		None	False		Disordered (119-195)	None	6	0	0	0	0.3	-8.7	5	4	29.4	26.26	0	2	2184.1	15852.2	0	0	None	64	0	0.56	0.5
c7riboseqorf64_partner_01_TVP23B	TMEM60	uoORF	1B	TVP23B	Q9NYZ1	0.0698	0.3997	Allosteric Regulatory Surface / Novel Epitope	2671.1	0.0	False		None	False		N/A	None	56	6	1	13	0.075	-11.47	25	30	32.9	25.63	1	23	8514.2	16476.6	0	0	None	0	0	0.59	0.44
c4riboseqorf57_partner_04_SAR1B	SEC31A	uORF	1B	SAR1B	Q9Y6B6	0.0696	0.5747	Cofactor / Substrate Pocket Competitor	2370.9	0.0	False		None	True	3.74	Mediates recruitment to ER membranes (15-19)	None	56	8	0	2	0.079	-9.77	23	31	44.2	25.69	0	32	6087.7	10452.7	0	24	 (res 58)	0	0	0.64	0.37
c14norep27_partner_06_PLIN1	CIDEB	uORF	2B	PLIN1	O60240	0.0694	0.203	Non-Interacting / Dissociated	0.0	0.0	False		None	False		N/A	None	0	0	0	0	0.0	0.0	0	0	0.0		0	0			0	0	None	0	0	0.43	0.78
c10norep31_partner_03_EIF2S2	CDC123	intORF	1B	EIF2S2	P20042	0.0696	0.3773	Known Macromolecular Subunit Competitor / Adaptor	304.3	100.0	False		None	False		N/A	28ZU; 28ZV; 28ZX; 28ZY; 6K71; 7A09; 7D43; 8PJ1; 8PPL; 9HVE	2	0	0	1	0.5	-10.5	2	2	6.9	28.21	0	1	4155.9	35765.7	0	0	None	96	2	0.67	0.7
c19norep196_partner_03_SCN1B	nan	mixed	1B	SCN1B	Q07699	0.0687	0.4984	Non-Interacting / Dissociated	0.0	0.0	False		None	False		N/A	None	0	0	0	0	0.0	0.0	0	0	0.0		0	0			0	0	None	0	0	0.79	0.73
c11riboseqorf111_partner_01_THAP7	AP002360.1	lncRNA	1B	THAP7	Q9BT49	0.0681	0.3361	Non-Interacting / Dissociated	0.0	0.0	False		None	False		N/A	None	0	0	0	0	0.0	0.0	0	0	0.0		0	0			0	0	None	0	0	0.79	0.81
c16riboseqorf30_partner_01_BIRC7	ZC3H7A	uoORF	1B	BIRC7	Q96CA5	0.0694	0.3464	Peripheral Surface Interaction	147.2	0.0	False		None	False	14.93	N/A	None	1	0	0	0	1.0	-10.0	1	1	2.1	27.78	0	0	6207.1	27098.1	0	4	None	83	0	0.68	0.43
c9riboseqorf81_partner_03_TIMM21	RABEPK	uORF	1B	TIMM21	Q9BVV7	0.0678	0.4664	Non-Interacting / Dissociated	0.0	0.0	False		None	False		N/A	None	0	0	0	0	0.0	0.0	0	0	0.0		0	0			0	0	None	0	0	0.82	0.62
c1riboseqorf26_partner_02_MAX	ZBTB17	uORF	1B	MAX	P61244	0.0688	0.372	Known Macromolecular Subunit Competitor / Adaptor	703.6	77.8	False		None	False		bHLH (23-74); Disordered (1-40); Leucine-zipper (81-102)	1AN2; 1HLO; 1NKP; 1NLW; 1R05; 5EYO; 6G6J; 6G6K; 6G6L; 7RCU	14	2	0	2	0.194	-12.36	8	9	26.7	24.09	0	8	3592.4	16320.3	0	0	None	53	7	0.67	0.4
c16riboseqorf1_partner_01_SNRNP35	SNRNP25	uoORF	1B	SNRNP35	Q16560	0.0678	0.5505	Non-Interacting / Dissociated	0.0	0.0	False		None	False		N/A	None	0	0	0	0	0.0	0.0	0	0	0.0		0	0			0	0	None	0	0	0.83	0.64
c7riboseqorf131_partner_04_PAXX	CYREN	dORF	1B	PAXX	Q9BUH6	0.069	0.4725	Shared Physiological Complex Interface	1491.6	50.0	False		None	False		PISA (37-79)	3WTD; 3WTF; 4WJA; 8BH3; 8BHY; 9CQ3	42	8	0	6	0.124	-10.19	17	20	28.8	27.17	0	15	6560.6	15113.0	0	0	None	86	10	0.66	0.51
c16norep118_partner_03_CHMP1A	IST1	intORF	1B	CHMP1A	Q9HD42	0.0681	0.3185	Known Macromolecular Subunit Competitor / Adaptor	1638.1	90.5	False		None	False		N/A	13GM	31	1	0	17	0.123	-15.84	12	21	30.0	24.79	0	11	3803.0	14982.7	0	0	None	109	19	0.53	0.39
c14riboseqorf40_partner_01_ELOC	SOCS4	uORF	1B	ELOC	Q15369	0.0671	0.4665	Known Macromolecular Subunit Competitor / Adaptor	2067.9	100.0	False		None	False		N/A	1LM8; 1LQB; 1VCB; 29HO; 2C9W; 2IZV; 2MA9; 3DCG; 3ZKJ; 3ZNG	54	8	0	4	0.09	-10.84	23	26	65.7	23.38	0	28	3896.0	7313.0	0	0	None	105	26	0.59	0.37
c21riboseqorf14_partner_05_GATA2	RUNX1	uORF	1B	GATA2	P23769	0.0672	0.173	Peripheral Surface Interaction	463.4	0.0	False		None	False		N/A	None	7	0	0	2	0.438	-10.02	4	4	20.0	30.89	0	2	2315.6	25044.4	0	0	None	0	0	0.44	0.73
c9norep103_partner_02_GPKOW	nan	mixed	1B	GPKOW	Q92917	0.0676	0.2623	Non-Interacting / Dissociated	0.0	0.0	False		None	False		N/A	None	0	0	0	0	0.0	0.0	0	0	0.0		0	0			0	0	None	0	0	0.56	0.63
c11norep46_partner_03_BLOC1S3	HPS5	intORF	1B	BLOC1S3	Q6QNY0	0.0671	0.2868	Peripheral Surface Interaction	404.2	0.0	False		None	False		N/A	None	5	0	0	1	0.25	-9.15	4	5	10.0	26.8	0	3	5424.9	22300.9	0	0	None	0	0	0.63	0.6
c16riboseqorf104_partner_04_SRSF1	PSKH1	uORF	1B	SRSF1	Q07955	0.0667	0.2914	Peripheral Surface Interaction	633.6	0.0	False		None	False		RRM 1 (16-91)	None	15	0	2	0	0.312	-8.12	6	8	18.2	24.55	1	6	4121.2	19180.8	0	0	None	71	0	0.6	0.46
c6riboseqorf6_partner_02_KCTD1	TFAP2A	uORF	1B	KCTD1	Q719H9	0.067	0.4404	Known Macromolecular Subunit Competitor / Adaptor	1250.9	69.2	False		None	False	66.61	BTB (30-100); Disordered (1-25)	5BXB; 5BXD; 6S4L; 9FOI; 9FQ1	31	5	0	0	0.159	-11.65	15	13	30.6	26.92	0	16	6002.4	18555.8	0	1	None	121	9	0.75	0.47
c12norep43_partner_02_LMNTD1	IRAG2	uORF	1B	LMNTD1	Q8N9Z9	0.0663	0.3426	Non-Interacting / Dissociated	0.0	0.0	False		None	False		N/A	None	0	0	0	0	0.0	0.0	0	0	0.0		0	0			0	0	None	0	0	0.59	0.51
c1norep256_partner_02_SERBP1	PRRC2C	intORF	1B	SERBP1	Q8NC51	0.0672	0.1144	Peripheral Surface Interaction	184.4	0.0	False		None	False		Disordered (33-292)	None	3	0	0	1	0.5	-10.02	2	3	5.9	30.52	0	1	3923.4	35109.6	0	0	None	11	0	0.44	0.69
c4riboseqorf2_partner_03_KLF3	CTBP1	uORF	1B	KLF3	P57682	0.0663	0.2687	Non-Interacting / Dissociated	0.0	0.0	False		None	False		N/A	None	0	0	0	0	0.0	0.0	0	0	0.0		0	0			0	0	None	0	0	0.67	0.56
c4riboseqorf60_partner_03_PLEKHA2	PTPN13	uORF	1B	PLEKHA2	Q9HB19	0.066	0.2764	Non-Interacting / Dissociated	0.0	0.0	False		None	False		N/A	None	0	0	0	0	0.0	0.0	0	0	0.0		0	0			0	0	None	0	0	0.65	0.77
c16norep21_partner_02_GPKOW	nan	mixed	1B	GPKOW	Q92917	0.0664	0.2734	Peripheral Surface Interaction	95.9	0.0	False		None	False		KOW 2 (415-442)	None	2	0	0	0	1.0	-9.15	2	1	7.1	30.85	0	1	3086.9	33617.0	0	0	None	31	0	0.56	0.57
c2norep251_partner_02_BTC	ERBB4	uoORF	1B	BTC	P35070	0.0655	0.3653	Non-Interacting / Dissociated	0.0	0.0	False		None	False		N/A	None	0	0	0	0	0.0	0.0	0	0	0.0		0	0			0	0	None	0	0	0.77	0.78
c3norep215_partner_09_JUN	TBL1XR1	uORF	2B	JUN	P05412	0.0659	0.2261	Shared Physiological Complex Interface	823.9	55.6	False		None	False		bZIP (252-315); Interaction with PAGE4 (150-223); Basic motif (252-279)	1A02; 1FOS; 1JNM; 1S9K; 1T2K; 5T01	12	2	0	4	0.222	-10.11	6	9	33.3	29.95	0	3	2869.8	23096.2	0	0	None	39	5	0.47	0.25
c2riboseqorf140_partner_02_RAMP2	CALCRL	uORF	1B	RAMP2	O60895	0.0651	0.3889	Non-Interacting / Dissociated	0.0	0.0	False		None	False		N/A	None	0	0	0	0	0.0	0.0	0	0	0.0		0	0			0	0	None	0	0	0.71	0.58
c11norep50_partner_01_CNN1	NAV2-AS2	lncRNA-ORF	4	CNN1	P51911	0.067	0.319	Allosteric Regulatory Surface / Novel Epitope	6776.8	0.0	False		None	False		Calponin-homology (CH) (28-131)	None	184	17	5	14	0.035	-20.13	68	77	66.0	29.04	3	103	9047.3	18316.4	0	0	None	0	0	0.5	0.37
c19norep57_partner_02_SQSTM1	KEAP1	uoORF	1B	SQSTM1	Q13501	0.0653	0.2504	Non-Interacting / Dissociated	0.0	0.0	False		None	False		N/A	None	0	0	0	0	0.0	0.0	0	0	0.0		0	0			0	0	None	0	0	0.55	0.68
c8riboseqorf53_partner_01_BPIFA2	MTFR1	uoORF	1B	BPIFA2	Q96DR5	0.0654	0.4157	Allosteric Regulatory Surface / Novel Epitope	1062.2	0.0	False		None	False		N/A	None	18	4	0	6	0.149	-11.09	11	11	37.9	27.66	0	5	3133.4	15133.1	0	0	None	0	0	0.51	0.38
c12norep43_partner_01_SYNE4	IRAG2	uORF	1B	SYNE4	Q8N205	0.0656	0.2957	Peripheral Surface Interaction	124.3	0.0	False		None	False		Disordered (1-91)	None	1	0	0	0	1.0	-10.0	1	1	4.2	29.0	0	1	3898.5	44433.0	0	0	None	27	0	0.57	0.61
c14riboseqorf97_partner_01_PTS	PTPN21	uORF	2B	PTS	Q03393	0.0648	0.7396	Known Macromolecular Subunit Competitor / Adaptor	825.5	81.8	False	10.66	None	False	12.54	N/A	3I2B	17	1	2	2	0.172	-10.24	9	11	36.0	22.6	0	9	3333.6	9184.1	3	3	None	33	9	0.83	0.31
c5riboseqorf131_partner_02_PRR5	PRR7	uORF	1B	PRR5	P85299	0.0657	0.4332	Allosteric Regulatory Surface / Novel Epitope	999.2	0.0	False		None	False		Interaction with RICTOR (188-218); Disordered (254-388)	None	26	3	1	0	0.186	-8.85	10	14	19.2	30.14	0	12	6693.8	27974.9	0	0	None	0	0	0.6	0.57
c17riboseqorf78_partner_08_IL6	IGFBP4	uORF	1B	IL6	P05231	0.0645	0.6983	Shared Physiological Complex Interface	253.7	50.0	False		None	False		N/A	4CNI; 8D82; 8QY5; 8QY6; 8YWR	5	0	0	0	0.417	-11.0	3	4	17.6	25.99	0	4	2675.5	15633.3	0	0	None	143	2	0.81	0.76
c17riboseqorf38_partner_02_GPS2	NCOR1	uORF	1B	GPS2	Q13227	0.0643	0.234	Non-Interacting / Dissociated	0.0	0.0	False		None	False		N/A	None	0	0	0	0	0.0	0.0	0	0	0.0		0	0			0	0	None	0	0	0.52	0.75
c17norep126_partner_01_MEAF6	MBTD1	intORF	1B	MEAF6	Q9HAF1	0.0647	0.2583	Allosteric Regulatory Surface / Novel Epitope	1080.9	0.0	False		None	False		Disordered (104-191)	None	25	3	0	1	0.12	-10.13	13	16	17.6	28.51	0	11	6262.8	17735.2	0	0	None	0	0	0.5	0.46
c6riboseqorf139_partner_02_GADD45B	MAP3K4-AS1	lncRNA-ORF	1B	GADD45B	O75293	0.0643	0.4779	Peripheral Surface Interaction	650.8	0.0	False		None	False		N/A	None	15	1	0	0	0.312	-10.1	8	6	13.8	23.03	0	9	5687.2	9946.3	0	0	None	0	0	0.61	0.46
c21norep46_partner_01_ERVH48-1	ERVH48-1	lncRNA	1A	ERVH48-1	M5A8F1	0.0647	0.1667	Shared Physiological Complex Interface	2294.6	30.8	False		None	False		Important for receptor recognition (61-138)	8OUI	63	14	0	2	0.101	-19.49	24	26	15.0	26.22	1	27	12005.0	11898.1	0	0	None	37	8	0.38	0.42
c10riboseqorf118_partner_06_RAC1	SHTN1	uORF	4	RAC1	P63000	0.0643	0.7596	Cofactor / Substrate Pocket Competitor	508.9	100.0	False		None	True	2.78	N/A	1FOE; 1HE1; 1HH4; 1I4D; 1I4L; 1I4T; 2H7V; 2NZ8; 2P2L; 2VRW	12	3	0	0	0.333	-14.51	6	6	28.6	26.19	0	5	2079.9	11599.6	0	22	 (res 12);  (res 13);  (res 32);  (res 34);  (res 35);  (res 35)	91	6	0.8	0.36
c14riboseqorf73_partner_02_TMEM109	COX16	uoORF	1B	TMEM109	Q9BVC6	0.0643	0.2603	Peripheral Surface Interaction	213.4	0.0	False		None	False		N/A	None	3	2	0	0	0.5	-11.41	2	3	5.1	23.0	1	0	5038.3	21666.9	0	0	None	0	0	0.61	0.52
c15norep3_partner_03_PSMD4	UBE3A	intORF	1B	PSMD4	P55036	0.0647	0.4439	Known Macromolecular Subunit Competitor / Adaptor	582.4	100.0	False		None	False		VWFA (5-188)	12BM; 5GJQ; 5GJR; 5L4K; 5LN3; 5T0C; 5T0G; 5T0H; 5T0I; 5T0J	10	2	0	0	0.333	-11.38	6	5	9.2	30.32	0	5	8322.9	28039.4	0	0	None	142	5	0.71	0.65
c3riboseqorf183_partner_03_MYC	BCL6	uORF	4	MYC	P01106	0.0642	0.2194	Non-Interacting / Dissociated	0.0	0.0	False		None	False		N/A	None	0	0	0	0	0.0	0.0	0	0	0.0		0	0			0	0	None	0	0	0.52	0.67
c10riboseqorf118_partner_08_HCLS1	SHTN1	uORF	4	HCLS1	P14317	0.0639	0.1672	Non-Interacting / Dissociated	0.0	0.0	False		None	False		N/A	None	0	0	0	0	0.0	0.0	0	0	0.0		0	0			0	0	None	0	0	0.51	0.77
c9norep103_partner_03_SCN1B	nan	mixed	1B	SCN1B	Q07699	0.0639	0.4845	Known Macromolecular Subunit Competitor / Adaptor	1802.2	71.4	False		None	False		Ig-like C2-type (22-150)	21TP; 21TQ; 25IH; 25II; 25IJ; 6AGF; 6J8G; 6J8H; 6J8I; 6J8J	37	5	2	6	0.093	-3.16	19	21	40.4	27.29	1	16	5669.6	16106.1	0	0	None	50	15	0.72	0.45
c19norep64_partner_01_GMNN	AC008770.4	uORF	1B	GMNN	O75496	0.0641	0.2889	Known Macromolecular Subunit Competitor / Adaptor	254.2	100.0	False		None	False		Necessary and sufficient for interaction with IDAS and CDT1 (82-161)	1T6F; 1UII; 2WVR; 4BRY	4	0	0	1	0.444	-11.91	3	3	18.8	28.27	0	3	1953.0	22614.8	0	0	None	78	3	0.55	0.43
c1riboseqorf33_partner_08_EMC10	EMC1-AS1	lncRNA-ORF	3	EMC10	Q5UCC4	0.0638	0.4492	Non-Interacting / Dissociated	0.0	0.0	False		None	False		N/A	None	0	0	0	0	0.0	0.0	0	0	0.0		0	0			0	0	None	0	0	0.73	0.77
c10norep38_partner_02_BRK1	ABI1	intORF	1B	BRK1	Q8WUW1	0.0632	0.3194	Known Macromolecular Subunit Competitor / Adaptor	1502.5	92.3	False		None	False		N/A	3P8C; 4N78; 7USC; 7USD; 7USE	33	4	0	11	0.141	-10.06	18	13	39.1	21.09	0	10	5252.5	8064.0	0	0	None	65	12	0.65	0.46
c11riboseqorf67_partner_01_SCN4B	nan	mixed	1B	SCN4B	Q8IWT1	0.0636	0.4946	Shared Physiological Complex Interface	123.9	33.3	False		None	False		Ig-like C2-type (31-148)	5XAW; 7DTD	3	0	1	0	0.5	-9.63	2	3	2.1	27.75	0	1	12674.8	19253.1	0	0	None	27	1	0.86	0.73
c3riboseqorf154_partner_09_CNBP	MBNL1	uORF	1B	CNBP	P62633	0.0618	0.1529	Allosteric Regulatory Surface / Novel Epitope	917.5	0.0	False		None	False		N/A	None	14	2	0	2	0.156	-12.02	9	10	56.2	27.1	0	7	2288.8	15788.5	0	0	None	0	0	0.5	0.54
c18norep5_partner_01_SPC24	NDC80	uoORF	1B	SPC24	Q8NBT2	0.0628	0.3364	Allosteric Regulatory Surface / Novel Epitope	1527.9	0.0	False		None	False		Interaction with the N-terminus of SPBC25 (1-131); Interaction with the NDC80-CDCA1 subcomplex (1-69)	None	31	1	2	5	0.129	-8.46	16	15	29.1	27.78	0	14	4692.3	18460.8	0	0	None	64	0	0.73	0.36
c20riboseqorf31_partner_01_RPS27A	ITCH	uORF	2B	RPS27A	P62979	0.0618	0.3798	Known Macromolecular Subunit Competitor / Adaptor	813.8	77.8	False		None	False		N/A	28ZU; 28ZV; 28ZX; 28ZY; 5A2Q; 5FLX; 5T2C; 6FEC; 6G18; 6G5H	14	1	2	1	0.222	-11.37	7	9	43.8	26.4	0	9	2236.7	12677.4	0	0	None	134	7	0.59	0.49
c17riboseqorf23_partner_02_RAB5A	RABEP1	uORF	1B	RAB5A	P20339	0.0615	0.5864	Cofactor / Substrate Pocket Competitor	405.4	80.0	False		None	True	1.95	Switch-I (47-55)	1TU3; 3MJH; 4Q9U; 9RX5; 9RX6; 9RX9; 9RXA; 9RXB; 9S47	7	1	0	1	0.35	-10.55	4	5	9.3	25.53	0	4	5169.9	14622.6	0	18	 (res 47);  (res 52);  (res 52)	42	4	0.68	0.44
c1riboseqorf263_partner_03_RPS25	EIF2D	uORF	1B	RPS25	P62851	0.0613	0.3783	Known Macromolecular Subunit Competitor / Adaptor	833.7	90.0	False		None	False		N/A	28ZU; 28ZV; 28ZX; 28ZY; 5A2Q; 5FLX; 5OA3; 5T2C; 5VYC; 6FEC	16	0	0	2	0.178	-9.12	9	10	52.9	24.9	0	10	1838.4	11511.0	0	0	None	62	9	0.56	0.48
c16norep60_partner_02_TFPT	INO80E	intORF	1B	TFPT	P0C1Z6	0.0616	0.2624	Peripheral Surface Interaction	799.0	0.0	False		None	False		Disordered (142-211)	None	12	2	0	4	0.24	-8.57	5	10	7.6	29.03	0	4	8572.1	22276.5	0	0	None	0	0	0.48	0.49
c11riboseqorf31_partner_01_CNN1	NAV2-AS2	lncRNA-ORF	4	CNN1	P51911	0.0611	0.3532	Allosteric Regulatory Surface / Novel Epitope	2883.3	0.0	False		None	False		N/A	None	65	7	1	11	0.075	-9.33	27	32	87.1	28.9	0	33	3395.6	20382.4	0	0	None	0	0	0.51	0.41
c8riboseqorf16_partner_02_CD274	MTUS1	intORF	1B	CD274	Q9NZQ7	0.0607	0.5774	Non-Interacting / Dissociated	0.0	0.0	False		None	False		N/A	None	0	0	0	0	0.0	0.0	0	0	0.0		0	0			0	0	None	0	0	0.89	0.62
c2riboseqorf138_partner_01_UBE2E1	UBE2E3	uORF	1B	UBE2E1	P51965	0.061	0.6052	Active Site Blocker / Competitive Decoy	1656.4	42.1	True	2.02	Glycyl thioester intermediate (res 131)	False		UBC core (47-193)	6FGA; 8IYA	39	4	0	6	0.121	-6.3	17	19	29.8	26.78	0	22	7103.3	13401.1	1	0	None	56	8	0.81	0.41
c20riboseqorf6_partner_03_PTS	PTPRA	uORF	1B	PTS	Q03393	0.0604	0.7804	Active Site Blocker / Competitive Decoy	990.6	46.7	True	3.48	Proton acceptor (res 43); Charge relay system (res 134)	True	4.62	N/A	3I2B	21	4	1	1	0.14	-10.02	10	15	50.0	23.76	0	9	2663.7	9071.0	3	3	 (res 51)	33	7	0.86	0.36
c7riboseqorf12_partner_02_ATG12	WIPI2	uORF	1B	ATG12	O94817	0.0607	0.4243	Shared Physiological Complex Interface	1114.0	50.0	False		None	False		Disordered (1-50)	4NAW	17	2	1	4	0.129	-5.67	11	12	45.8	25.09	0	7	2912.3	10881.4	0	0	None	25	6	0.59	0.43
c17riboseqorf25_partner_03_NSL1	MIS12	uORF	1B	NSL1	Q96IY1	0.0601	0.252	Non-Interacting / Dissociated	0.0	0.0	False		None	False		N/A	None	0	0	0	0	0.0	0.0	0	0	0.0		0	0			0	0	None	0	0	0.66	0.5
c11riboseqorf106_partner_05_INS	UCP2	uORF	1B	INS	P01308	0.0608	0.2125	Known Macromolecular Subunit Competitor / Adaptor	1656.4	100.0	False		None	False		N/A	1A7F; 1AI0; 1AIY; 1B9E; 1BEN; 1EV3; 1EV6; 1EVR; 1FU2; 1FUB	36	5	0	6	0.105	-7.94	18	19	12.5	26.52	0	17	12120.2	9620.6	0	0	None	97	19	0.53	0.41
c2riboseqorf19_partner_02_YIF1A	YIPF4	uORF	1B	YIF1A	O95070	0.0606	0.5114	Allosteric Regulatory Surface / Novel Epitope	944.8	0.0	False		None	False		N/A	None	17	2	1	1	0.236	-7.86	6	12	27.3	28.6	2	8	2865.4	19853.2	0	0	None	0	0	0.63	0.6
c2riboseqorf19_partner_01_YIPF3	YIPF4	uORF	1B	YIPF3	Q9GZM5	0.0597	0.3956	Non-Interacting / Dissociated	0.0	0.0	False		None	False		N/A	None	0	0	0	0	0.0	0.0	0	0	0.0		0	0			0	0	None	0	0	0.58	0.68
c6riboseqorf99_partner_01_MED28	CCNC	uoORF	1B	MED28	Q9H204	0.0603	0.2896	Known Macromolecular Subunit Competitor / Adaptor	899.3	81.8	False		None	False		Disordered (1-44)	7EMF; 7ENJ; 7LBM; 7NVR; 8T9D; 8TQW; 8TRH	13	1	1	3	0.148	-6.79	8	11	21.6	27.18	0	4	3837.2	16529.4	0	0	None	95	9	0.62	0.4
c2norep183_partner_01_CAV1	NOSTRIN	uORF	4	CAV1	Q03135	0.0594	0.3493	Non-Interacting / Dissociated	0.0	0.0	False		None	False		N/A	None	0	0	0	0	0.0	0.0	0	0	0.0		0	0			0	0	None	0	0	0.7	0.62
c16norep21_partner_03_SCN1B	nan	mixed	1B	SCN1B	Q07699	0.0592	0.5138	Known Macromolecular Subunit Competitor / Adaptor	528.2	75.0	False		None	False		Ig-like C2-type (22-150)	21TP; 21TQ; 25IH; 25II; 25IJ; 6AGF; 6J8G; 6J8H; 6J8I; 6J8J	4	0	0	0	0.25	-11.41	4	4	14.3	27.68	1	1	3610.5	16185.3	0	0	None	50	3	0.75	0.58
c1riboseqorf39_partner_08_HNRNPC	HNRNPR	intORF	1B	HNRNPC	P07910	0.0602	0.2597	Known Macromolecular Subunit Competitor / Adaptor	1535.9	61.1	False		None	False		Disordered (139-190)	1TXP; 3LN4	35	1	0	6	0.122	-9.3	16	18	35.6	30.15	0	23	4090.9	26162.9	0	0	None	56	11	0.52	0.4
c16riboseqorf30_partner_03_DEXI	ZC3H7A	uoORF	1B	DEXI	O95424	0.0595	0.1949	Allosteric Regulatory Surface / Novel Epitope	1499.4	0.0	False		None	False		N/A	None	32	3	4	1	0.119	-7.96	15	18	31.9	21.32	1	13	4555.9	8338.4	0	0	None	0	0	0.46	0.33
c19norep130_partner_05_RPL32	TMEM147-AS1	lncRNA-ORF	4	RPL32	P62910	0.0592	0.3321	Known Macromolecular Subunit Competitor / Adaptor	1724.7	95.8	False		None	False		N/A	5T2C; 6LQM; 6LSR; 6LSS; 6LU8; 6OM0; 6W6L; 6Y6X; 7BHP; 7F5S	35	4	0	6	0.091	-9.12	16	24	61.5	26.03	0	14	3106.4	12652.6	0	0	None	110	23	0.49	0.38
c22riboseqorf6_partner_09_TP53	DGCR8	uORF	4	TP53	P04637	0.0585	0.5268	Non-Interacting / Dissociated	0.0	0.0	False		None	False		N/A	None	0	0	0	0	0.0	0.0	0	0	0.0		0	0			0	0	None	0	0	0.73	0.52
c12riboseqorf52_partner_05_INO80C	MCRS1	uoORF	1B	INO80C	Q6PI98	0.0588	0.2645	Known Macromolecular Subunit Competitor / Adaptor	417.6	66.7	False		None	False		Disordered (1-44)	7ZI4; 9GCG; 9GE5; 9GEV; 9GFB	8	1	0	2	0.267	-9.68	5	6	10.9	28.85	0	1	5278.7	19546.0	0	0	None	68	4	0.62	0.4
c11norep46_partner_02_BLOC1S6	HPS5	intORF	1B	BLOC1S6	Q9UL45	0.0586	0.2995	Peripheral Surface Interaction	507.4	0.0	False		None	False		N/A	None	6	1	0	0	0.2	-9.98	5	6	12.5	24.85	0	5	4898.0	18932.6	0	0	None	0	0	0.74	0.58
c14riboseqorf85_partner_02_UBE2L3	AREL1	intORF	1B	UBE2L3	P68036	0.0585	0.5633	Known Macromolecular Subunit Competitor / Adaptor	1641.9	66.7	False	12.17	None	False		UBC core (2-149)	1C4Z; 1FBV; 3SQV; 3SY2; 4Q5E; 4Q5H; 5HPT; 5TTE; 5UDH; 6CP2	35	3	1	1	0.139	-13.53	14	18	22.2	24.95	0	22	5262.3	8925.4	1	0	None	57	12	0.69	0.33
c7riboseqorf24_partner_02_HOXD1	HOXA1	uORF	4	HOXD1	Q9GZZ0	0.0572	0.2168	Non-Interacting / Dissociated	0.0	0.0	False		None	False		N/A	None	0	0	0	0	0.0	0.0	0	0	0.0		0	0			0	0	None	0	0	0.47	0.79
c1riboseqorf217_partner_01_TOMM22	TOMM40L	uORF	1B	TOMM22	Q9NS69	0.058	0.2055	Known Macromolecular Subunit Competitor / Adaptor	687.4	100.0	False		None	False		TMD; necessary for mitochondrion outer membrane localization and integration in the TOM complex (83-103)	7CK6; 7CP9; 7VBY; 7VC4; 7VD2; 7VDD; 8XDN; 9EIH; 9EII; 9EIJ	12	0	0	4	0.214	-10.57	7	8	17.5	24.35	0	7	4263.6	14488.7	0	0	None	26	8	0.61	0.52
c18norep74_partner_03_BNIP3	BCL2	uORF	1B	BNIP3	Q12983	0.0579	0.1632	Allosteric Regulatory Surface / Novel Epitope	1774.3	17.4	False		None	False		N/A	2J5D	36	3	2	8	0.098	-9.37	16	23	47.1	28.24	0	16	3616.8	18403.5	0	0	None	21	4	0.5	0.46
c22riboseqorf10_partner_02_THAP1	THAP7	uoORF	1B	THAP1	Q9NVV9	0.0593	0.3063	Peripheral Surface Interaction	555.7	0.0	False		None	False		N/A	None	8	1	0	2	0.267	-10.55	5	6	4.8	29.73	0	1	12825.1	22299.0	0	0	None	23	0	0.81	0.59
c1norep288_partner_03_SCN1B	nan	mixed	1B	SCN1B	Q07699	0.0578	0.4918	Peripheral Surface Interaction	128.4	0.0	False		None	False		N/A	None	1	0	0	0	1.0	-10.91	1	1	2.1	25.85	0	0	6199.7	16488.4	0	0	None	50	0	0.75	0.46
c22riboseqorf24_partner_03_SELPLG	TPST2	uORF	1B	SELPLG	Q14242	0.0562	0.2953	Non-Interacting / Dissociated	0.0	0.0	False		None	False		N/A	None	0	0	0	0	0.0	0.0	0	0	0.0		0	0			0	0	None	0	0	0.5	0.77
c1norep227_partner_02_RBMX	ADAR	uoORF	1B	RBMX	P38159	0.0572	0.2269	Non-Interacting / Dissociated	0.0	0.0	False		None	False		N/A	None	0	0	0	0	0.0	0.0	0	0	0.0		0	0			0	0	None	0	0	0.45	0.73
c8riboseqorf95_partner_02_TAF13	TAF2	uoORF	1B	TAF13	Q15543	0.057	0.3104	Known Macromolecular Subunit Competitor / Adaptor	1441.9	88.9	False		None	False		Histone-fold (31-74)	1BH8; 6MZD; 6MZL; 7EDX; 7EG7; 7EG8; 7EG9; 7EGA; 7EGB; 7EGC	30	1	1	8	0.139	-6.02	12	18	60.0	26.81	0	12	2404.5	10857.1	0	0	None	64	16	0.55	0.46
c2riboseqorf98_partner_02_RBX1	SPOPL	uORF	1B	RBX1	P62877	0.0569	0.3057	Cofactor / Substrate Pocket Competitor	3422.4	81.6	False		None	True	3.14	N/A	1LDJ; 1LDK; 1U6G; 29HG; 29HH; 29HI; 2HYE; 3DPL; 3DQV; 3RTR	94	6	0	14	0.063	-6.79	39	38	63.9	24.92	1	46	5429.5	8347.5	0	12	 (res 77);  (res 97)	93	31	0.51	0.38
c1riboseqorf280_partner_02_LURAP1	CDC42BPA	uORF	1B	LURAP1	Q96LR2	0.0569	0.2095	Peripheral Surface Interaction	101.4	0.0	False		None	False		N/A	None	1	0	0	0	1.0	-10.0	1	1	5.9	29.18	0	0	2699.7	19781.0	0	0	None	0	0	0.46	0.6
c10riboseqorf20_partner_02_NDUFA13	YME1L1	intORF	1B	NDUFA13	Q9P0J0	0.0561	0.2296	Known Macromolecular Subunit Competitor / Adaptor	1738.2	100.0	False		None	False		Important for inducing cell death (102-144)	5XTC; 5XTD; 9CWT; 9I4I; 9TI4	35	2	0	8	0.13	-14.5	15	18	60.0	25.94	1	17	3053.3	13634.2	0	0	None	114	18	0.53	0.39
c13norep17_partner_09_HAVCR2	HMGB1	uORF	2B	HAVCR2	Q8TDQ0	0.0556	0.4036	Non-Interacting / Dissociated	0.0	0.0	False		None	False		N/A	None	0	0	0	0	0.0	0.0	0	0	0.0		0	0			0	0	None	0	0	0.78	0.76
c16norep118_partner_02_CHMP1B	IST1	intORF	1B	CHMP1B	Q7LBR1	0.0555	0.4042	Known Macromolecular Subunit Competitor / Adaptor	1434.8	100.0	False		None	False		Interaction with IST1 (132-156)	3JC1; 6E8G; 6TZ5; 6TZ9; 8V2Q; 8V2R; 8V2S	20	1	0	4	0.114	-10.75	11	16	27.5	27.38	0	8	4178.4	15169.1	0	0	None	156	16	0.6	0.41
c3norep127_partner_03_RPP38	NXPE3	intORF	1B	RPP38	P78345	0.0547	0.4793	Non-Interacting / Dissociated	0.0	0.0	False		None	False		N/A	None	0	0	0	0	0.0	0.0	0	0	0.0		0	0			0	0	None	0	0	0.61	0.69
c1riboseqorf33_partner_06_EMC7	EMC1-AS1	lncRNA-ORF	3	EMC7	Q9NPA0	0.0554	0.38	Non-Interacting / Dissociated	0.0	0.0	False		None	False		N/A	None	0	0	0	0	0.0	0.0	0	0	0.0		0	0			0	0	None	0	0	0.75	0.83
c3norep51_partner_01_ELP5	ELP6	intORF	1B	ELP5	Q8TE02	0.0559	0.5561	Peripheral Surface Interaction	544.5	0.0	False		None	False		N/A	None	3	0	0	0	0.5	-10.02	2	3	4.8	30.19	0	2	5187.8	21687.3	0	0	None	0	0	0.73	0.55
c17riboseqorf19_partner_02_ETV3L	C17orf107	uORF	2B	ETV3L	Q6ZN32	0.0549	0.289	Non-Interacting / Dissociated	0.0	0.0	False		None	False		N/A	None	0	0	0	0	0.0	0.0	0	0	0.0		0	0			0	0	None	0	0	0.48	0.71
c6norep35_partner_03_KRTAP20-4	GFOD1	uORF	1B	KRTAP20-4	Q3LI62	0.0543	0.1598	Allosteric Regulatory Surface / Novel Epitope	1966.0	0.0	False		None	False		N/A	None	57	5	0	9	0.118	-21.26	21	23	91.3	16.21	3	27	2659.7	3823.8	0	0	None	0	0	0.37	0.34
c5riboseqorf68_partner_02_PDCD1LG2	RGMB	uORF	1B	PDCD1LG2	Q9BQ51	0.0546	0.6093	Non-Interacting / Dissociated	0.0	0.0	False		None	False		N/A	None	0	0	0	0	0.0	0.0	0	0	0.0		0	0			0	0	None	0	0	0.87	0.57
c16riboseqorf58_partner_02_H2AZ1	SRCAP	uoORF	1B	H2AZ1	P0C0S5	0.0549	0.3108	Known Macromolecular Subunit Competitor / Adaptor	1397.5	100.0	False		None	False		Disordered (1-25); M6 cassette (89-100); Required for interaction with INCENP (93-103)	1F66; 3WA9; 4CAY; 5B31; 5B32; 5B33; 5FUG; 5Z30; 6JOU; 7YRD	30	4	1	4	0.132	-11.62	12	19	19.4	24.28	1	15	6096.5	11511.1	0	0	None	113	19	0.53	0.38
c12norep129_partner_02_RRP7A	KRR1	intORF	1B	RRP7A	Q9Y3A4	0.0548	0.4106	Known Macromolecular Subunit Competitor / Adaptor	349.4	100.0	False		None	False		N/A	7MQ9	7	1	0	2	0.583	-9.66	4	3	9.3	29.98	0	2	4587.3	26037.3	0	0	None	34	3	0.68	0.58
c14norep27_partner_04_DFFA	CIDEB	uORF	2B	DFFA	O00273	0.0535	0.4039	Non-Interacting / Dissociated	0.0	0.0	False		None	False		N/A	None	0	0	0	0	0.0	0.0	0	0	0.0		0	0			0	0	None	0	0	0.65	0.72
c3riboseqorf171_partner_02_DNAJC19	ATP11B	uORF	1B	DNAJC19	Q96DA6	0.0538	0.3255	Allosteric Regulatory Surface / Novel Epitope	823.4	0.0	False		None	False		J (62-116)	None	21	1	1	2	0.214	-5.24	7	14	30.4	24.65	0	11	2618.8	9873.9	0	0	None	0	0	0.57	0.48
c14riboseqorf73_partner_01_COA3	COX16	uoORF	1B	COA3	Q9Y2R0	0.054	0.2111	Allosteric Regulatory Surface / Novel Epitope	1230.2	0.0	False		None	False		Disordered (1-34)	None	22	0	0	2	0.143	-6.82	11	14	28.2	26.22	0	13	4267.8	10360.9	0	0	None	0	0	0.57	0.48
c9riboseqorf13_partner_03_EQTN	MOB3B	uORF	1B	EQTN	Q9NQ60	0.0542	0.2166	Peripheral Surface Interaction	740.4	0.0	False		None	False		N/A	None	27	3	0	2	0.338	-8.06	8	10	50.0	29.89	0	16	2731.0	35240.0	0	0	None	0	0	0.66	0.55
c14riboseqorf41_partner_02_ELOB	SOCS4	uORF	1B	ELOB	Q15370	0.0528	0.4378	Known Macromolecular Subunit Competitor / Adaptor	552.2	100.0	False		None	False		Ubiquitin-like (1-66)	1LM8; 1LQB; 1VCB; 29HO; 2C9W; 2IZV; 2JZ3; 2MA9; 3DCG; 3ZKJ	17	2	0	0	0.243	-11.16	7	10	17.5	22.56	0	6	5511.3	8206.1	0	0	None	74	10	0.61	0.38
c5riboseqorf131_partner_01_PRR9	PRR7	uORF	1B	PRR9	Q5T870	0.0532	0.0876	Allosteric Regulatory Surface / Novel Epitope	2125.3	0.0	False		None	False		N/A	None	59	4	1	5	0.112	-15.25	24	22	46.2	25.54	0	37	5072.7	9910.9	0	0	None	0	0	0.33	0.38
c17riboseqorf84_partner_02_EIF1AX	EIF1	dORF	1B	EIF1AX	P47813	0.0527	0.4597	Known Macromolecular Subunit Competitor / Adaptor	961.4	75.0	False		None	False		S1-like (22-96)	28ZU; 28ZV; 28ZX; 28ZY; 3ZJY; 4KZY; 4KZZ; 6YBW; 6ZMW; 7QP6	17	3	0	1	0.177	-8.64	8	12	42.1	25.95	0	8	2518.1	12190.9	0	0	None	95	9	0.58	0.4
c2norep207_partner_03_CSRP3	TTN-AS1	lncRNA-ORF	1B	CSRP3	P50461	0.0532	0.299	Non-Interacting / Dissociated	0.0	0.0	False		None	False		N/A	None	0	0	0	0	0.0	0.0	0	0	0.0		0	0			0	0	None	0	0	0.78	0.5
c10riboseqorf46_partner_01_REEP3	JMJD1C	uORF	1B	REEP3	Q6NUK4	0.0522	0.3299	Non-Interacting / Dissociated	0.0	0.0	False		None	False		N/A	None	0	0	0	0	0.0	0.0	0	0	0.0		0	0			0	0	None	0	0	0.64	0.54
c22riboseqorf6_partner_06_TARBP2	DGCR8	uORF	4	TARBP2	Q15633	0.0518	0.285	Non-Interacting / Dissociated	0.0	0.0	False		None	False		N/A	None	0	0	0	0	0.0	0.0	0	0	0.0		0	0			0	0	None	0	0	0.62	0.58
c11riboseqorf111_partner_03_THAP11	AP002360.1	lncRNA	1B	THAP11	Q96EK4	0.0507	0.2474	Non-Interacting / Dissociated	0.0	0.0	False		None	False		N/A	None	0	0	0	0	0.0	0.0	0	0	0.0		0	0			0	0	None	0	0	0.67	0.79
c7norep166_partner_02_THAP11	THAP5	intORF	1B	THAP11	Q96EK4	0.0505	0.2213	Non-Interacting / Dissociated	0.0	0.0	False		None	False		N/A	None	0	0	0	0	0.0	0.0	0	0	0.0		0	0			0	0	None	0	0	0.58	0.79
c10riboseqorf95_partner_01_SSBP1	TWNK	uORF	1B	SSBP1	Q04837	0.0525	0.521	Known Macromolecular Subunit Competitor / Adaptor	1301.2	76.9	False		None	False		SSB (30-141)	1S3O; 2DUD; 3ULL; 6RUP; 8UZT	28	2	0	5	0.166	-12.3	13	13	59.1	26.66	0	13	2970.8	12118.9	0	0	None	61	10	0.66	0.36
c1riboseqorf213_partner_03_UBB	USP21	uORF	1B	UBB	P0CG47	0.0529	0.3521	Shared Physiological Complex Interface	288.9	33.3	False		None	False		Ubiquitin-like 1 (1-76); Ubiquitin-like 2 (77-152)	6UD0; 8OYP	4	0	0	0	0.444	-9.07	3	3	8.8	27.15	0	2	3458.5	14277.4	0	0	None	125	1	0.81	0.34
c14riboseqorf72_partner_03_SRSF3	SRSF5	uORF	1B	SRSF3	P84103	0.0516	0.3571	Allosteric Regulatory Surface / Novel Epitope	846.1	25.0	False		None	False		RRM (10-83); Sufficient for interaction with NXF1 and SRSP (1-90)	2I2Y; 9ASQ	12	0	0	0	0.3	-9.6	5	8	17.9	27.87	2	4	3632.8	15818.1	0	0	None	24	2	0.58	0.58
c10riboseqorf77_partner_02_DRAP1	BTAF1	uORF	1B	DRAP1	Q14919	0.0513	0.284	Allosteric Regulatory Surface / Novel Epitope	1859.7	0.0	False		None	False		Disordered (91-205)	None	47	7	0	2	0.124	-7.44	18	21	46.2	29.07	0	23	4479.7	17090.9	0	0	None	38	0	0.53	0.44
c2norep113_partner_02_CPSF4L	KRCC1	intORF	1B	CPSF4L	A6NMK7	0.05	0.2319	Allosteric Regulatory Surface / Novel Epitope	1092.4	0.0	False		None	False		N/A	None	20	1	1	2	0.167	-3.02	10	12	52.6	27.03	0	12	2449.5	15039.6	0	0	None	0	0	0.52	0.45
c18norep21_partner_03_SCN1B	nan	mixed	1B	SCN1B	Q07699	0.0491	0.5168	Known Macromolecular Subunit Competitor / Adaptor	1224.4	75.0	False		None	False		Ig-like C2-type (22-150)	21TP; 21TQ; 25IH; 25II; 25IJ; 6AGF; 6J8G; 6J8H; 6J8I; 6J8J	25	4	1	2	0.174	-7.0	12	12	41.4	29.01	2	11	2917.9	16462.2	0	0	None	50	9	0.75	0.43
c5riboseqorf30_partner_02_IL6	IL6ST	uORF	1B	IL6	P05231	0.0485	0.6892	Non-Interacting / Dissociated	0.0	0.0	False		None	False		N/A	None	0	0	0	0	0.0	0.0	0	0	0.0		0	0			0	0	None	0	0	0.83	0.63
c17riboseqorf78_partner_04_IGFBP1	IGFBP4	uORF	1B	IGFBP1	P08833	0.0483	0.3297	Non-Interacting / Dissociated	0.0	0.0	False		None	False		N/A	None	0	0	0	0	0.0	0.0	0	0	0.0		0	0			0	0	None	0	0	0.64	0.67
c17riboseqorf25_partner_01_PMF1	MIS12	uORF	1B	PMF1	Q6P1K2	0.0497	0.3604	Peripheral Surface Interaction	167.4	0.0	False		None	False		N/A	None	1	0	0	0	1.0	-10.5	1	1	4.3	28.01	0	0	2788.6	18386.4	0	0	None	110	0	0.76	0.52
c10riboseqorf66_partner_02_KCNMB4	KCNMA1	uORF	2B	KCNMB4	Q86W47	0.0482	0.5269	Non-Interacting / Dissociated	0.0	0.0	False		None	False		N/A	None	0	0	0	0	0.0	0.0	0	0	0.0		0	0			0	0	None	0	0	0.77	0.64
cXriboseqorf59_partner_07_MEAF6	MORF4L2	uORF	1B	MEAF6	Q9HAF1	0.049	0.2921	Peripheral Surface Interaction	697.6	0.0	False		None	False		N/A	None	12	0	0	3	0.171	-10.05	7	10	21.9	29.25	0	6	3236.3	20034.7	0	0	None	0	0	0.52	0.43
c9riboseqorf20_partner_03_RHNO1	FAM214B	uORF	1B	RHNO1	Q9BSD3	0.0494	0.123	Peripheral Surface Interaction	66.7	0.0	False		None	False		Disordered (1-31)	None	1	0	0	1	1.0	-10.0	1	1	2.0	30.99	0	0	6105.5	24446.5	0	0	None	17	0	0.45	0.54
c16riboseqorf58_partner_10_ZNHIT1	SRCAP	uoORF	1B	ZNHIT1	O43257	0.0493	0.2663	Active Site Cleft Occlusion / Proximal Inhibitor	526.6	100.0	False		None	False	7.0	Interaction with NR1D2 (72-110)	8X15; 8X19; 8X1C; 9CA7; 9CA8; 9CA9; 9CAA; 9CAB; 9NFV; 9NFW	10	3	0	0	0.5	-8.57	4	5	6.5	28.55	0	5	8444.9	16838.5	0	8	None	87	5	0.77	0.73
c1riboseqorf33_partner_03_EMC3	EMC1-AS1	lncRNA-ORF	3	EMC3	Q9P0I2	0.0482	0.3157	Non-Interacting / Dissociated	0.0	0.0	False		None	False		N/A	None	0	0	0	0	0.0	0.0	0	0	0.0		0	0			0	0	None	0	0	0.58	0.59
c20norep82_partner_02_GLRX	ADNP	intORF	1B	GLRX	P35754	0.0482	0.5091	Allosteric Regulatory Surface / Novel Epitope	2101.9	0.0	False		None	False		Glutaredoxin (3-106)	None	52	4	0	3	0.092	-18.36	21	27	32.3	25.82	1	25	6219.0	5971.7	0	0	None	0	0	0.72	0.44
c7riboseqorf24_partner_01_HOXB1	HOXA1	uORF	4	HOXB1	P14653	0.0472	0.223	Non-Interacting / Dissociated	0.0	0.0	False		None	False		N/A	None	0	0	0	0	0.0	0.0	0	0	0.0		0	0			0	0	None	0	0	0.51	0.75
cXriboseqorf74_partner_03_SPCS2	DNASE1L1	uORF	4	SPCS2	Q15005	0.0469	0.4417	Non-Interacting / Dissociated	0.0	0.0	False		None	False		N/A	None	0	0	0	0	0.0	0.0	0	0	0.0		0	0			0	0	None	0	0	0.61	0.82
c2riboseqorf44_partner_02_SERTAD1	SERTAD2	intORF	1B	SERTAD1	Q9UHV2	0.0463	0.1915	Non-Interacting / Dissociated	0.0	0.0	False		None	False		N/A	None	0	0	0	0	0.0	0.0	0	0	0.0		0	0			0	0	None	0	0	0.56	0.78
c2riboseqorf140_partner_03_CALCA	CALCRL	uORF	1B	CALCA	P01258	0.0479	0.1775	Allosteric Regulatory Surface / Novel Epitope	976.1	0.0	False		None	False		N/A	None	16	2	0	1	0.162	-10.93	11	9	52.4	26.73	0	8	2839.1	13458.3	0	0	None	29	0	0.49	0.45
c14riboseqorf40_partner_02_ELOB	SOCS4	uORF	1B	ELOB	Q15370	0.0463	0.4583	Known Macromolecular Subunit Competitor / Adaptor	1300.8	91.7	False		None	False		Ubiquitin-like (1-66); Disordered (92-118)	1LM8; 1LQB; 1VCB; 29HO; 2C9W; 2IZV; 2JZ3; 2MA9; 3DCG; 3ZKJ	21	3	0	1	0.159	-14.23	11	12	31.4	26.18	0	11	3484.8	8635.1	0	0	None	74	11	0.64	0.45
c17norep83_partner_01_SELENOT	MIEN1	dORF	1B	SELENOT	P62341	0.0474	0.3964	Allosteric Regulatory Surface / Novel Epitope	1168.6	0.0	False		None	False		N/A	None	25	6	0	2	0.142	-13.51	11	16	42.3	27.52	0	11	3603.4	14453.2	0	0	None	0	0	0.64	0.65
c11riboseqorf112_partner_05_CBX3	EMSY	uoORF	1B	CBX3	Q13185	0.0469	0.2346	Allosteric Regulatory Surface / Novel Epitope	1215.9	6.7	False		None	False		Chromo 1 (30-88); Chromo 2; shadow subtype (121-179); Disordered (79-125)	3KUP; 5T1I; 6HW2; 8JZW	24	1	1	5	0.107	-6.56	15	15	16.5	29.89	0	11	7122.0	15932.2	0	0	None	50	1	0.56	0.39
c15norep81_partner_01_MYL6B	MYO9A	intORF	1B	MYL6B	P14649	0.0481	0.3236	Known Macromolecular Subunit Competitor / Adaptor	161.8	100.0	False		None	False		EF-hand 1 (64-99)	1OE9; 1W7I; 1W7J; 7PLT; 7PLU; 7PLV; 7PLW; 7PLX; 7PLY; 7PLZ	2	0	0	1	1.0	-9.52	2	1	5.1	27.46	0	1	5020.3	16436.2	0	0	None	56	1	0.6	0.45
c6riboseqorf125_partner_03_VAMP7	STX7	uoORF	1B	VAMP7	P51809	0.0455	0.5599	Non-Interacting / Dissociated	0.0	0.0	False		None	False		N/A	None	0	0	0	0	0.0	0.0	0	0	0.0		0	0			0	0	None	0	0	0.67	0.39
c1riboseqorf184_partner_01_EMC7	C1orf43	uORF	1B	EMC7	Q9NPA0	0.0434	0.3605	Non-Interacting / Dissociated	0.0	0.0	False		None	False		N/A	None	0	0	0	0	0.0	0.0	0	0	0.0		0	0			0	0	None	0	0	0.64	0.82
c10norep101_partner_02_CDC26	ANAPC16	intORF	1B	CDC26	Q8NHZ8	0.045	0.2157	Known Macromolecular Subunit Competitor / Adaptor	990.0	60.0	False		None	False		N/A	3HYM; 4UI9; 5A31; 5G04; 5G05; 5LCW; 6Q6G; 6Q6H; 6TLJ; 6TM5	16	3	0	3	0.16	-9.37	10	10	45.5	25.17	0	7	2611.7	9262.3	0	0	None	22	6	0.51	0.49
c3riboseqorf106_partner_01_CGGBP1	ZBTB11-AS1	lncRNA-ORF	1B	CGGBP1	Q9UFW8	0.0451	0.2329	Non-Interacting / Dissociated	0.0	0.0	False		None	False		N/A	None	0	0	0	0	0.0	0.0	0	0	0.0		0	0			0	0	None	0	0	0.57	0.38
c7riboseqorf115_partner_01_FAM174A	TMEM168	uORF	1B	FAM174A	Q8TBP5	0.0432	0.2204	Non-Interacting / Dissociated	0.0	0.0	False		None	False		N/A	None	0	0	0	0	0.0	0.0	0	0	0.0		0	0			0	0	None	0	0	0.56	0.57
c19riboseqorf146_partner_02_UBB	JOSD2	uoORF	1B	UBB	P0CG47	0.0447	0.3128	Non-Interacting / Dissociated	0.0	0.0	False		None	False		N/A	None	0	0	0	0	0.0	0.0	0	0	0.0		0	0			0	0	None	0	0	0.78	0.62
c6riboseqorf125_partner_01_STX8	STX7	uoORF	1B	STX8	Q9UNK0	0.0431	0.4866	Non-Interacting / Dissociated	0.0	0.0	False		None	False		N/A	None	0	0	0	0	0.0	0.0	0	0	0.0		0	0			0	0	None	0	0	0.67	0.47
c2riboseqorf37_partner_02_BCL7A	BCL11A	intORF	1B	BCL7A	Q4VC05	0.0441	0.1311	Allosteric Regulatory Surface / Novel Epitope	1190.0	25.0	False		None	False		Disordered (48-210)	9QAJ; 9WBZ; 9WC1	18	1	0	0	0.136	-5.69	11	12	44.0	29.81	0	10	2776.7	15958.6	0	0	None	34	3	0.44	0.46
c6norep97_partner_09_POMP	PSMB8-AS1	lncRNA-ORF	1B	POMP	Q9Y244	0.0446	0.3875	Known Macromolecular Subunit Competitor / Adaptor	1597.2	83.3	False		None	False		N/A	8QYJ; 8QYL; 8QYM; 8QYN; 8QYS; 8QZ9; 8TM4; 8TM5; 8TM6; 8YIX	25	5	2	2	0.154	-6.88	9	18	14.3	28.41	0	11	6746.1	13636.0	0	0	None	119	15	0.61	0.51
c19norep130_partner_07_SEC61B	TMEM147-AS1	lncRNA-ORF	4	SEC61B	P60468	0.0433	0.2113	Peripheral Surface Interaction	601.1	0.0	False		None	False		Disordered (1-54)	None	11	1	0	1	0.344	-9.57	4	8	15.4	25.6	0	7	2956.1	9135.4	0	0	None	25	0	0.52	0.52
c3riboseqorf154_partner_05_SRSF2	MBNL1	uORF	1B	SRSF2	Q01130	0.0428	0.3105	Non-Interacting / Dissociated	0.0	0.0	False		None	False		N/A	None	0	0	0	0	0.0	0.0	0	0	0.0		0	0			0	0	None	0	0	0.51	0.49
c10riboseqorf62_partner_02_MEAF6	KAT6B	uORF	1B	MEAF6	Q9HAF1	0.0432	0.299	Peripheral Surface Interaction	192.2	0.0	False		None	False		N/A	None	3	0	0	0	0.333	-10.06	3	3	3.5	30.6	0	0	7800.7	22406.0	0	0	None	0	0	0.66	0.55
c1riboseqorf184_partner_02_CHMP2A	C1orf43	uORF	1B	CHMP2A	O43633	0.043	0.5288	Peripheral Surface Interaction	36.8	0.0	False		None	False		Interaction with VPS4B (56-222)	None	1	0	0	0	1.0	-9.52	1	1	5.6	29.2	0	0	2472.8	15011.1	0	0	None	40	0	0.67	0.46
c12norep157_partner_02_ZNHIT1	ACTR6	intORF	1B	ZNHIT1	O43257	0.0421	0.278	Known Macromolecular Subunit Competitor / Adaptor	137.4	100.0	False		None	False	27.64	Interaction with NR1D2 (72-110)	8X15; 8X1C; 9CA7; 9CA8; 9CA9; 9CAA; 9CAB; 9NFV; 9NFW; 9NFX	1	0	0	0	1.0	-10.5	1	1	2.7	28.54	0	0	4436.5	17282.4	0	8	None	87	1	0.76	0.49
c14norep4_partner_04_MBD3L1	ZNF219	uORF	1A	MBD3L1	Q8WWY6	0.0427	0.2276	Non-Interacting / Dissociated	0.0	0.0	False		None	False		N/A	None	0	0	0	0	0.0	0.0	0	0	0.0		0	0			0	0	None	0	0	0.53	0.58
c3riboseqorf47_partner_01_BET1	SEC22C	uoORF	1B	BET1	O15155	0.0422	0.1949	Peripheral Surface Interaction	787.6	0.0	False		None	False		t-SNARE coiled-coil homology (26-88)	None	11	1	0	7	0.175	-10.93	9	7	32.1	25.97	0	3	3056.5	11689.9	0	0	None	6	0	0.6	0.46
cXriboseqorf74_partner_02_SPCS1	DNASE1L1	uORF	4	SPCS1	Q9Y6A9	0.0426	0.3137	Known Macromolecular Subunit Competitor / Adaptor	64.5	100.0	False		None	False		(Microbial infection) Interaction with JEV NS2B (91-169); (Microbial infection) Interaction with HCV NS2 and HCV E2 (110-169); Disordered (148-169)	7P2P; 7P2Q	1	0	0	0	1.0	-10.0	1	1	3.8	28.55	0	0	3605.1	18782.4	0	0	None	46	1	0.74	0.86
c2riboseqorf44_partner_01_SERTAD3	SERTAD2	intORF	1B	SERTAD3	Q9UJW9	0.042	0.2204	Allosteric Regulatory Surface / Novel Epitope	1190.6	0.0	False		None	False		Disordered (1-21)	None	20	5	0	1	0.121	-5.92	11	15	31.4	28.97	2	8	4303.7	17058.8	0	0	None	0	0	0.48	0.51
c19riboseqorf146_partner_03_RPS27A	JOSD2	uoORF	1B	RPS27A	P62979	0.0409	0.3305	Non-Interacting / Dissociated	0.0	0.0	False		None	False		N/A	None	0	0	0	0	0.0	0.0	0	0	0.0		0	0			0	0	None	0	0	0.81	0.77
c1riboseqorf253_partner_01_SARNP	ZC3H11A	uORF	1B	SARNP	P82979	0.0409	0.2031	Non-Interacting / Dissociated	0.0	0.0	False		None	False		N/A	None	0	0	0	0	0.0	0.0	0	0	0.0		0	0			0	0	None	0	0	0.61	0.58
c13norep17_partner_07_HMGB2	HMGB1	uORF	2B	HMGB2	P26583	0.0417	0.2639	Peripheral Surface Interaction	424.5	0.0	False		None	False		Disordered (52-150); Disordered (162-209); Required for chemotactic activity (165-180)	None	9	4	0	0	0.25	-7.38	4	9	8.9	29.69	0	4	5345.3	17932.3	0	0	None	0	0	0.61	0.44
c15riboseqorf72_partner_02_SNRPB	SNUPN	uORF	1B	SNRPB	P14678	0.0402	0.2764	Non-Interacting / Dissociated	0.0	0.0	False		None	False		N/A	None	0	0	0	0	0.0	0.0	0	0	0.0		0	0			0	0	None	0	0	0.49	0.45
c2norep223_partner_03_NEDD8	HECW2	intORF	1B	NEDD8	Q15843	0.0409	0.3896	Known Macromolecular Subunit Competitor / Adaptor	1097.6	100.0	False		None	False		N/A	1NDD; 1R4M; 1R4N; 2NVU; 3DBH; 3DBL; 3DBR; 3GZN; 4F8C; 4FBJ	21	2	1	0	0.127	-4.55	15	11	17.2	28.65	0	14	6592.6	5557.0	0	0	None	66	11	0.66	0.38
c15riboseqorf54_partner_03_NKX2-2	TLE3	uORF	1B	NKX2-2	O95096	0.04	0.2211	Non-Interacting / Dissociated	0.0	0.0	False		None	False		N/A	None	0	0	0	0	0.0	0.0	0	0	0.0		0	0			0	0	None	0	0	0.47	0.56
c13norep17_partner_01_HMGB1	HMGB1	uORF	2B	HMGB1	P09429	0.0412	0.2657	Cofactor / Substrate Pocket Competitor	95.0	0.0	False		None	True	3.48	Sufficient for interaction with HAVCR2 (1-97); LPS binding (delipidated) (3-15)	None	1	0	0	0	1.0	-10.0	1	1	2.2	29.8	0	1	5269.0	19188.3	0	1	 (res 2);  (res 3)	61	0	0.61	0.45
c9riboseqorf81_partner_01_VAMP3	RABEPK	uORF	1B	VAMP3	Q15836	0.0409	0.255	Peripheral Surface Interaction	482.0	0.0	False		None	False		v-SNARE coiled-coil homology (14-74)	None	10	0	1	3	0.238	-8.68	7	6	33.3	24.77	0	4	2213.8	10077.0	0	0	None	0	0	0.69	0.45
c12riboseqorf13_partner_07_B2M	ENSG00000272173	lncRNA-ORF	2B	B2M	P61769	0.0416	0.5214	Known Macromolecular Subunit Competitor / Adaptor	491.4	100.0	False		None	False		Ig-like C1-type (25-113)	1A1M; 1A1N; 1A1O; 1A6Z; 1A9B; 1A9E; 1AGB; 1AGC; 1AGD; 1AGE	7	2	0	0	0.438	-9.18	4	4	7.0	26.22	0	2	5914.2	8867.7	0	0	None	101	4	0.77	0.43
c11riboseqorf11_partner_03_SCN1B	nan	mixed	1B	SCN1B	Q07699	0.0396	0.5066	Non-Interacting / Dissociated	0.0	0.0	False		None	False		N/A	None	0	0	0	0	0.0	0.0	0	0	0.0		0	0			0	0	None	0	0	0.77	0.57
c7norep125_partner_02_TMEM243	SLC25A40	uORF	1B	TMEM243	Q9BU79	0.0404	0.3384	Peripheral Surface Interaction	555.0	0.0	False		None	False		N/A	None	10	0	0	6	0.333	-10.0	5	6	9.3	30.25	0	2	5834.4	9594.4	0	0	None	0	0	0.55	0.49
c17riboseqorf19_partner_01_SSX7	C17orf107	uORF	2B	SSX7	Q7RTT5	0.0394	0.2809	Non-Interacting / Dissociated	0.0	0.0	False		None	False		N/A	None	0	0	0	0	0.0	0.0	0	0	0.0		0	0			0	0	None	0	0	0.65	0.69
c1riboseqorf33_partner_04_EMC4	EMC1-AS1	lncRNA-ORF	3	EMC4	Q5J8M3	0.0399	0.2997	Peripheral Surface Interaction	149.9	0.0	False		None	False		N/A	None	2	0	0	1	1.0	-10.0	2	1	3.3	30.21	0	0	7905.6	16317.7	0	0	None	82	0	0.55	0.61
c8riboseqorf95_partner_03_TAF10	TAF2	uoORF	1B	TAF10	Q12962	0.0388	0.3263	Non-Interacting / Dissociated	0.0	0.0	False		None	False		N/A	None	0	0	0	0	0.0	0.0	0	0	0.0		0	0			0	0	None	0	0	0.55	0.59
c1riboseqorf217_partner_02_TOMM7	TOMM40L	uORF	1B	TOMM7	Q9P0U1	0.0391	0.2251	Known Macromolecular Subunit Competitor / Adaptor	1631.2	82.4	False		None	False		N/A	7CK6; 7CP9; 7VBY; 7VC4; 7VD2; 7VDD; 8XDN; 9EIH; 9EII; 9EIJ	39	1	0	10	0.121	-7.87	19	17	47.5	23.86	0	20	3573.1	5558.6	0	0	None	35	14	0.56	0.48
c7norep166_partner_03_DNAJB9	THAP5	intORF	1B	DNAJB9	Q9UBS3	0.0382	0.3347	Non-Interacting / Dissociated	0.0	0.0	False		None	False		N/A	None	0	0	0	0	0.0	0.0	0	0	0.0		0	0			0	0	None	0	0	0.57	0.79
c1riboseqorf33_partner_01_MMGT1	EMC1-AS1	lncRNA-ORF	3	MMGT1	Q8N4V1	0.038	0.3503	Non-Interacting / Dissociated	0.0	0.0	False		None	False		N/A	None	0	0	0	0	0.0	0.0	0	0	0.0		0	0			0	0	None	0	0	0.77	0.78
c6riboseqorf139_partner_03_GADD45G	MAP3K4-AS1	lncRNA-ORF	1B	GADD45G	O95257	0.0377	0.5182	Non-Interacting / Dissociated	0.0	0.0	False		None	False		N/A	None	0	0	0	0	0.0	0.0	0	0	0.0		0	0			0	0	None	0	0	0.64	0.5
c3riboseqorf118_partner_03_TMEM126B	TIMMDC1	uORF	1B	TMEM126B	Q8IUX1	0.0367	0.5834	Non-Interacting / Dissociated	0.0	0.0	False		None	False		N/A	None	0	0	0	0	0.0	0.0	0	0	0.0		0	0			0	0	None	0	0	0.72	0.75
c13norep17_partner_08_H1-2	HMGB1	uORF	2B	H1-2	P16403	0.0372	0.2632	Non-Interacting / Dissociated	0.0	0.0	False		None	False		N/A	None	0	0	0	0	0.0	0.0	0	0	0.0		0	0			0	0	None	0	0	0.54	0.53
c2riboseqorf119_partner_01_DDA1	DCAF17	intORF	1B	DDA1	Q9BW61	0.0364	0.1972	Non-Interacting / Dissociated	0.0	0.0	False		None	False		N/A	None	0	0	0	0	0.0	0.0	0	0	0.0		0	0			0	0	None	0	0	0.45	0.4
c2riboseqorf140_partner_01_ADM	CALCRL	uORF	1B	ADM	P35318	0.039	0.1306	Shared Physiological Complex Interface	1066.7	30.0	False		None	False		N/A	7VV0	22	3	1	4	0.2	-5.58	11	10	52.4	29.66	0	9	2598.0	18243.0	0	0	None	42	3	0.48	0.5
c2riboseqorf47_partner_03_GAGE10	GMCL1	uORF	1B	GAGE10	A6NGK3	0.0386	0.0727	Peripheral Surface Interaction	511.0	0.0	False		None	False		Disordered (1-116)	None	8	2	0	1	0.222	-8.22	6	6	31.6	26.79	0	2	1785.5	9497.1	0	0	None	0	0	0.4	0.38
c3riboseqorf106_partner_06_UBL5	ZBTB11-AS1	lncRNA-ORF	1B	UBL5	Q9BZL1	0.0391	0.3889	Known Macromolecular Subunit Competitor / Adaptor	1103.8	100.0	False		None	False		Ubiquitin-like (1-73)	6AHD; 7AAV; 7ABF; 8Q7N; 9R3D	23	1	0	1	0.147	-11.18	12	13	13.6	26.06	0	12	9306.5	4763.5	0	0	None	51	13	0.7	0.33
c8riboseqorf89_partner_05_RBX1	DCAF13	uORF	2B	RBX1	P62877	0.0365	0.3131	Cofactor / Substrate Pocket Competitor	2433.4	88.9	False		None	True	3.04	N/A	1LDJ; 1LDK; 1U6G; 29HG; 29HH; 29HI; 2HYE; 3DPL; 3DQV; 3RTR	57	5	0	11	0.084	-12.29	25	27	41.0	28.81	1	30	4916.2	8072.9	0	12	 (res 45)	93	24	0.54	0.45
c2riboseqorf47_partner_02_XAGE3	GMCL1	uORF	1B	XAGE3	Q8WTP9	0.0389	0.0932	Allosteric Regulatory Surface / Novel Epitope	1166.1	0.0	False		None	False		Disordered (1-111)	None	29	3	0	3	0.176	-10.73	11	15	57.9	26.43	0	15	1917.5	10681.0	0	0	None	0	0	0.41	0.41
c11riboseqorf96_partner_03_OCM2	PITPNM1	uORF	1B	OCM2	P0CE71	0.0362	0.5613	Allosteric Regulatory Surface / Novel Epitope	1454.6	0.0	False		None	False	10.78	EF-hand 1 (39-74)	None	40	7	0	5	0.118	-10.65	17	20	45.9	28.06	0	20	3936.2	6097.1	0	10	None	0	0	0.73	0.48
c2riboseqorf47_partner_01_XAGE2	GMCL1	uORF	1B	XAGE2	Q96GT9	0.0356	0.1025	Peripheral Surface Interaction	472.7	0.0	False		None	False		Disordered (1-61)	None	13	1	0	1	0.271	-8.86	8	6	42.1	26.46	0	7	1781.3	11405.3	0	0	None	0	0	0.41	0.41
c14riboseqorf42_partner_03_RNF7	SOCS4	uORF	1B	RNF7	Q9UBF6	0.036	0.3718	Known Macromolecular Subunit Competitor / Adaptor	415.2	100.0	False		None	False	9.27	N/A	7ONI; 9EG1; 9OMA; 9SDX; 9SDY; 9T7V	11	0	0	1	0.367	-9.11	5	6	14.3	27.38	0	8	4456.1	9472.8	0	12	None	67	6	0.59	0.46
c2riboseqorf55_partner_07_INO80C	WBP1	uORF	1B	INO80C	Q6PI98	0.0344	0.2927	Non-Interacting / Dissociated	0.0	0.0	False		None	False		N/A	None	0	0	0	0	0.0	0.0	0	0	0.0		0	0			0	0	None	0	0	0.78	0.58
c14riboseqorf41_partner_03_RNF7	SOCS4	uORF	1B	RNF7	Q9UBF6	0.0349	0.3571	Peripheral Surface Interaction	410.9	20.0	False		None	False	15.07	Disordered (1-26)	7ONI; 9EG1; 9OMA; 9SDX; 9SDY; 9T7V	7	1	0	1	0.28	-10.56	5	5	12.5	28.52	0	3	5068.8	8862.8	0	12	None	67	1	0.57	0.42
c1riboseqorf145_partner_02_BCL2L15	PHTF1	uORF	1B	BCL2L15	Q5TBC7	0.0353	0.5752	Peripheral Surface Interaction	298.8	0.0	False		None	False		N/A	None	4	1	0	0	0.333	-10.13	3	4	6.4	29.39	0	2	5459.2	8962.7	0	0	None	0	0	0.7	0.48
c1riboseqorf263_partner_02_DENR	EIF2D	uORF	1B	DENR	O43583	0.0336	0.3746	Non-Interacting / Dissociated	0.0	0.0	False		None	False		N/A	None	0	0	0	0	0.0	0.0	0	0	0.0		0	0			0	0	None	0	0	0.64	0.83
c1riboseqorf209_partner_02_DDA1	DCAF8	uORF	1B	DDA1	Q9BW61	0.0344	0.1385	Known Macromolecular Subunit Competitor / Adaptor	1872.8	90.5	False		None	False		Disordered (66-102)	6DSZ; 6PAI; 6Q0R; 6Q0V; 6Q0W; 6SJ7; 6UD7; 6UE5; 8G46; 8QH5	35	1	1	4	0.088	-6.04	19	21	45.2	28.19	0	20	4483.4	9828.9	0	0	None	67	19	0.41	0.43
c14riboseqorf40_partner_03_RNF7	SOCS4	uORF	1B	RNF7	Q9UBF6	0.0335	0.3675	Peripheral Surface Interaction	351.9	0.0	False		None	False	14.27	Disordered (1-26)	None	7	0	0	0	0.35	-11.5	5	4	14.3	27.64	0	4	3253.4	9433.6	0	12	None	67	0	0.57	0.42
c6riboseqorf102_partner_01_HMGA2	LIN28B	uoORF	1B	HMGA2	P52926	0.0323	0.1173	Non-Interacting / Dissociated	0.0	0.0	False		None	False		N/A	None	0	0	0	0	0.0	0.0	0	0	0.0		0	0			0	0	None	0	0	0.47	0.34
c14norep4_partner_01_HMGN1	ZNF219	uORF	1A	HMGN1	P05114	0.0336	0.0807	Allosteric Regulatory Surface / Novel Epitope	1430.6	0.0	False		None	False		Disordered (1-100)	None	31	3	1	3	0.122	-5.85	17	15	21.2	28.6	0	18	6395.1	7979.2	0	0	None	0	0	0.39	0.39
c13norep17_partner_10_CXCL12	HMGB1	uORF	2B	CXCL12	P48061	0.0335	0.3464	Cofactor / Substrate Pocket Competitor	2023.4	90.0	False		None	True	2.14	N/A	1A15; 1QG7; 2J7Z; 2K01; 2K03; 2K04; 2K05; 2N55; 2NWG; 3GV3	47	7	0	3	0.09	-7.91	26	20	57.8	27.79	0	23	4953.5	8387.0	0	4	 (res 45);  (res 46);  (res 47);  (res 48);  (res 49);  (res 50);  (res 51);  (res 62);  (res 69)	66	18	0.64	0.46
c11norep116_partner_01_UBA52	ANKRD13D	intORF	1B	UBA52	P62987	0.0316	0.3665	Non-Interacting / Dissociated	0.0	0.0	False		None	False		N/A	None	0	0	0	0	0.0	0.0	0	0	0.0		0	0			0	0	None	0	0	0.68	0.4
c17riboseqorf86_partner_02_EIF1AX	EIF1	dORF	1B	EIF1AX	P47813	0.0307	0.4489	Non-Interacting / Dissociated	0.0	0.0	False		None	False		N/A	None	0	0	0	0	0.0	0.0	0	0	0.0		0	0			0	0	None	0	0	0.59	0.42
c14norep102_partner_02_ELOC	ASB2	uORF	2B	ELOC	Q15369	0.0291	0.4571	Known Macromolecular Subunit Competitor / Adaptor	457.6	100.0	False		None	False		N/A	4N9F; 4WQO; 5N4W; 6R7F; 6R7H; 7PLO; 8FVI; 8FVJ; 8IJ1; 8JAL	9	1	1	1	0.257	-8.33	5	7	13.2	28.69	0	3	5053.8	7751.4	0	0	None	105	7	0.62	0.42
c19norep29_partner_05_HSPE1	LONP1	uoORF	1A	HSPE1	P61604	0.0305	0.3259	Non-Interacting / Dissociated	0.0	0.0	False		None	False		N/A	None	0	0	0	0	0.0	0.0	0	0	0.0		0	0			0	0	None	0	0	0.6	0.41
c1riboseqorf33_partner_05_EMC6	EMC1-AS1	lncRNA-ORF	3	EMC6	Q9BV81	0.0321	0.3565	Peripheral Surface Interaction	545.5	14.3	False		None	False		N/A	9ZZ6	12	1	0	1	0.245	-10.07	7	7	11.5	28.63	0	5	6689.9	8095.2	0	0	None	53	1	0.61	0.47
c14norep4_partner_03_CDK2AP1	ZNF219	uORF	1A	CDK2AP1	O14519	0.0335	0.2464	Shared Physiological Complex Interface	1936.3	38.1	False		None	False		N/A	2KW6	46	3	0	4	0.073	-12.41	30	21	37.5	30.05	0	20	6688.9	9262.9	0	0	None	28	8	0.54	0.47
c11norep88_partner_01_PPP1R14D	PPP1R14B-AS1	lncRNA	1B	PPP1R14D	Q9NXH3	0.0308	0.379	Peripheral Surface Interaction	590.7	0.0	False		None	False		N/A	None	10	1	0	0	0.278	-9.63	6	6	24.0	29.41	0	7	3139.0	13033.1	0	0	None	0	0	0.57	0.49
c14norep102_partner_01_RNF7	ASB2	uORF	2B	RNF7	Q9UBF6	0.0265	0.3536	Active Site Cleft Occlusion / Proximal Inhibitor	293.3	100.0	False		None	False	6.64	N/A	7ONI; 9EG1; 9SDX; 9SDY; 9T7V	3	1	0	0	0.333	-10.43	3	3	7.9	30.01	0	0	4018.2	7789.8	0	12	None	67	3	0.59	0.47
c1riboseqorf184_partner_03_CRCT1	C1orf43	uORF	1B	CRCT1	Q9UGL9	0.0242	0.15	Non-Interacting / Dissociated	0.0	0.0	False		None	False		N/A	None	0	0	0	0	0.0	0.0	0	0	0.0		0	0			0	0	None	0	0	0.4	0.39
c3riboseqorf114_partner_02_FAU	CCDC80	uORF	1B	FAU	P62861	0.0282	0.4039	Known Macromolecular Subunit Competitor / Adaptor	143.4	100.0	False		None	False		N/A	28ZU; 28ZX; 6ZMT; 6ZN5; 8PPL; 8T4S	1	0	0	0	1.0	-9.52	1	1	5.0	29.54	0	0	3281.4	10983.2	0	0	None	89	1	0.58	0.4
c1riboseqorf209_partner_05_RBX1	DCAF8	uORF	1B	RBX1	P62877	0.0261	0.3326	Known Macromolecular Subunit Competitor / Adaptor	148.8	100.0	False		None	False	11.15	N/A	1LDJ; 1LDK; 1U6G; 29HH; 29HI; 3DPL; 6R6H; 6R7F; 6R7H; 6R7I	3	0	0	0	0.75	-11.0	2	2	4.8	29.13	0	3	4850.7	9065.4	0	12	None	93	2	0.52	0.36
c7riboseqorf46_partner_02_POLD4	POLD2	uORF	1B	POLD4	Q9HCU8	0.0229	0.3406	Non-Interacting / Dissociated	0.0	0.0	False		None	False		N/A	None	0	0	0	0	0.0	0.0	0	0	0.0		0	0			0	0	None	0	0	0.58	0.42
c17norep83_partner_03_SELENOW	MIEN1	dORF	1B	SELENOW	P63302	0.0212	0.5951	Non-Interacting / Dissociated	0.0	0.0	False		None	False		N/A	None	0	0	0	0	0.0	0.0	0	0	0.0		0	0			0	0	None	0	0	0.78	0.5
c16norep37_partner_07_CMC1	ENSG00000260592	lncRNA-ORF	4	CMC1	Q7Z7K0	0.0258	0.3451	Non-Interacting / Dissociated	0.0	0.0	False		None	False		N/A	None	0	0	0	0	0.0	0.0	0	0	0.0		0	0			0	0	None	0	0	0.57	0.38
c17riboseqorf78_partner_07_INS	IGFBP4	uORF	1B	INS	P01308	0.0182	0.3149	Non-Interacting / Dissociated	0.0	0.0	False		None	False		N/A	None	0	0	0	0	0.0	0.0	0	0	0.0		0	0			0	0	None	0	0	0.56	0.44
c17norep6_partner_02_SLN	ATP2A3	uORF	1B	SLN	O00631	0.006	0.4222	Non-Interacting / Dissociated	0.0	0.0	False		None	False		N/A	None	0	0	0	0	0.0	0.0	0	0	0.0		0	0			0	0	None	0	0	0.79	0.54
c16riboseqorf1_partner_05_PHF5A	SNRNP25	uoORF	1B	PHF5A	Q7RTV0	0.0226	0.4524	Non-Interacting / Dissociated	0.0	0.0	False		None	False		N/A	None	0	0	0	0	0.0	0.0	0	0	0.0		0	0			0	0	None	0	0	0.62	0.39
c1riboseqorf209_partner_10_NEDD8	DCAF8	uORF	1B	NEDD8	Q15843	0.0206	0.4961	Non-Interacting / Dissociated	0.0	0.0	False		None	False		N/A	None	0	0	0	0	0.0	0.0	0	0	0.0		0	0			0	0	None	0	0	0.74	0.45
c19norep268_partner_03_NEDD8	UBE2M	intORF	1B	NEDD8	Q15843	0.0151	0.5537	Non-Interacting / Dissociated	0.0	0.0	False		None	False		N/A	None	0	0	0	0	0.0	0.0	0	0	0.0		0	0			0	0	None	0	0	0.74	0.44
c13norep17_partner_06_CD24	HMGB1	uORF	2B	CD24	P25063	0.0261	0.2133	Allosteric Regulatory Surface / Novel Epitope	898.8	0.0	False		None	False		Disordered (28-58)	None	21	4	0	0	0.175	-14.58	10	12	22.2	28.2	0	13	3641.4	6857.4	0	0	None	0	0	0.53	0.45
c17norep6_partner_01_PLN	ATP2A3	uORF	1B	PLN	P26678	0.015	0.3526	Shared Physiological Complex Interface	202.4	50.0	False		None	False		N/A	1ZLL	2	0	0	0	1.0	-11.0	1	2	5.9	25.76	0	1	2207.7	5843.4	0	0	None	33	1	0.71	0.57
